mtllib south-indian-farmstead.mtl
o boundary_front_left
usemtl fieldstone
v -1.5299999856948854 0.40000000298023225 3.3599999994039536
v -1.5299999856948854 0.40000000298023225 3.1400000005960464
v -1.5299999856948854 -2.980232227667301e-9 3.3599999994039536
v -1.5299999856948854 -2.980232227667301e-9 3.1400000005960464
v -4.250000014305115 0.40000000298023225 3.1400000005960464
v -4.250000014305115 0.40000000298023225 3.3599999994039536
v -4.250000014305115 -2.980232227667301e-9 3.1400000005960464
v -4.250000014305115 -2.980232227667301e-9 3.3599999994039536
v -4.250000014305115 0.40000000298023225 3.1400000005960464
v -1.5299999856948854 0.40000000298023225 3.1400000005960464
v -4.250000014305115 0.40000000298023225 3.3599999994039536
v -1.5299999856948854 0.40000000298023225 3.3599999994039536
v -4.250000014305115 -2.980232227667301e-9 3.3599999994039536
v -1.5299999856948854 -2.980232227667301e-9 3.3599999994039536
v -4.250000014305115 -2.980232227667301e-9 3.1400000005960464
v -1.5299999856948854 -2.980232227667301e-9 3.1400000005960464
v -4.250000014305115 0.40000000298023225 3.3599999994039536
v -1.5299999856948854 0.40000000298023225 3.3599999994039536
v -4.250000014305115 -2.980232227667301e-9 3.3599999994039536
v -1.5299999856948854 -2.980232227667301e-9 3.3599999994039536
v -1.5299999856948854 0.40000000298023225 3.1400000005960464
v -4.250000014305115 0.40000000298023225 3.1400000005960464
v -1.5299999856948854 -2.980232227667301e-9 3.1400000005960464
v -4.250000014305115 -2.980232227667301e-9 3.1400000005960464
vt 0 1
vt 1 1
vt 0 0
vt 1 0
vt 0 1
vt 1 1
vt 0 0
vt 1 0
vt 0 1
vt 1 1
vt 0 0
vt 1 0
vt 0 1
vt 1 1
vt 0 0
vt 1 0
vt 0 1
vt 1 1
vt 0 0
vt 1 0
vt 0 1
vt 1 1
vt 0 0
vt 1 0
vn 1 0 0
vn 1 0 0
vn 1 0 0
vn 1 0 0
vn -1 0 0
vn -1 0 0
vn -1 0 0
vn -1 0 0
vn 0 1 0
vn 0 1 0
vn 0 1 0
vn 0 1 0
vn 0 -1 0
vn 0 -1 0
vn 0 -1 0
vn 0 -1 0
vn 0 0 1
vn 0 0 1
vn 0 0 1
vn 0 0 1
vn 0 0 -1
vn 0 0 -1
vn 0 0 -1
vn 0 0 -1
f 1/1/1 3/3/3 2/2/2
f 3/3/3 4/4/4 2/2/2
f 5/5/5 7/7/7 6/6/6
f 7/7/7 8/8/8 6/6/6
f 9/9/9 11/11/11 10/10/10
f 11/11/11 12/12/12 10/10/10
f 13/13/13 15/15/15 14/14/14
f 15/15/15 16/16/16 14/14/14
f 17/17/17 19/19/19 18/18/18
f 19/19/19 20/20/20 18/18/18
f 21/21/21 23/23/23 22/22/22
f 23/23/23 24/24/24 22/22/22
o boundary_front_right
usemtl fieldstone
v 4.250000014305115 0.40000000298023225 3.3599999994039536
v 4.250000014305115 0.40000000298023225 3.1400000005960464
v 4.250000014305115 -2.980232227667301e-9 3.3599999994039536
v 4.250000014305115 -2.980232227667301e-9 3.1400000005960464
v 1.5299999856948854 0.40000000298023225 3.1400000005960464
v 1.5299999856948854 0.40000000298023225 3.3599999994039536
v 1.5299999856948854 -2.980232227667301e-9 3.1400000005960464
v 1.5299999856948854 -2.980232227667301e-9 3.3599999994039536
v 1.5299999856948854 0.40000000298023225 3.1400000005960464
v 4.250000014305115 0.40000000298023225 3.1400000005960464
v 1.5299999856948854 0.40000000298023225 3.3599999994039536
v 4.250000014305115 0.40000000298023225 3.3599999994039536
v 1.5299999856948854 -2.980232227667301e-9 3.3599999994039536
v 4.250000014305115 -2.980232227667301e-9 3.3599999994039536
v 1.5299999856948854 -2.980232227667301e-9 3.1400000005960464
v 4.250000014305115 -2.980232227667301e-9 3.1400000005960464
v 1.5299999856948854 0.40000000298023225 3.3599999994039536
v 4.250000014305115 0.40000000298023225 3.3599999994039536
v 1.5299999856948854 -2.980232227667301e-9 3.3599999994039536
v 4.250000014305115 -2.980232227667301e-9 3.3599999994039536
v 4.250000014305115 0.40000000298023225 3.1400000005960464
v 1.5299999856948854 0.40000000298023225 3.1400000005960464
v 4.250000014305115 -2.980232227667301e-9 3.1400000005960464
v 1.5299999856948854 -2.980232227667301e-9 3.1400000005960464
vt 0 1
vt 1 1
vt 0 0
vt 1 0
vt 0 1
vt 1 1
vt 0 0
vt 1 0
vt 0 1
vt 1 1
vt 0 0
vt 1 0
vt 0 1
vt 1 1
vt 0 0
vt 1 0
vt 0 1
vt 1 1
vt 0 0
vt 1 0
vt 0 1
vt 1 1
vt 0 0
vt 1 0
vn 1 0 0
vn 1 0 0
vn 1 0 0
vn 1 0 0
vn -1 0 0
vn -1 0 0
vn -1 0 0
vn -1 0 0
vn 0 1 0
vn 0 1 0
vn 0 1 0
vn 0 1 0
vn 0 -1 0
vn 0 -1 0
vn 0 -1 0
vn 0 -1 0
vn 0 0 1
vn 0 0 1
vn 0 0 1
vn 0 0 1
vn 0 0 -1
vn 0 0 -1
vn 0 0 -1
vn 0 0 -1
f 25/25/25 27/27/27 26/26/26
f 27/27/27 28/28/28 26/26/26
f 29/29/29 31/31/31 30/30/30
f 31/31/31 32/32/32 30/30/30
f 33/33/33 35/35/35 34/34/34
f 35/35/35 36/36/36 34/34/34
f 37/37/37 39/39/39 38/38/38
f 39/39/39 40/40/40 38/38/38
f 41/41/41 43/43/43 42/42/42
f 43/43/43 44/44/44 42/42/42
f 45/45/45 47/47/47 46/46/46
f 47/47/47 48/48/48 46/46/46
o boundary_back
usemtl fieldstone
v 4.25 0.40000000298023225 -3.1400000005960464
v 4.25 0.40000000298023225 -3.3599999994039536
v 4.25 -2.980232227667301e-9 -3.1400000005960464
v 4.25 -2.980232227667301e-9 -3.3599999994039536
v -4.25 0.40000000298023225 -3.3599999994039536
v -4.25 0.40000000298023225 -3.1400000005960464
v -4.25 -2.980232227667301e-9 -3.3599999994039536
v -4.25 -2.980232227667301e-9 -3.1400000005960464
v -4.25 0.40000000298023225 -3.3599999994039536
v 4.25 0.40000000298023225 -3.3599999994039536
v -4.25 0.40000000298023225 -3.1400000005960464
v 4.25 0.40000000298023225 -3.1400000005960464
v -4.25 -2.980232227667301e-9 -3.1400000005960464
v 4.25 -2.980232227667301e-9 -3.1400000005960464
v -4.25 -2.980232227667301e-9 -3.3599999994039536
v 4.25 -2.980232227667301e-9 -3.3599999994039536
v -4.25 0.40000000298023225 -3.1400000005960464
v 4.25 0.40000000298023225 -3.1400000005960464
v -4.25 -2.980232227667301e-9 -3.1400000005960464
v 4.25 -2.980232227667301e-9 -3.1400000005960464
v 4.25 0.40000000298023225 -3.3599999994039536
v -4.25 0.40000000298023225 -3.3599999994039536
v 4.25 -2.980232227667301e-9 -3.3599999994039536
v -4.25 -2.980232227667301e-9 -3.3599999994039536
vt 0 1
vt 1 1
vt 0 0
vt 1 0
vt 0 1
vt 1 1
vt 0 0
vt 1 0
vt 0 1
vt 1 1
vt 0 0
vt 1 0
vt 0 1
vt 1 1
vt 0 0
vt 1 0
vt 0 1
vt 1 1
vt 0 0
vt 1 0
vt 0 1
vt 1 1
vt 0 0
vt 1 0
vn 1 0 0
vn 1 0 0
vn 1 0 0
vn 1 0 0
vn -1 0 0
vn -1 0 0
vn -1 0 0
vn -1 0 0
vn 0 1 0
vn 0 1 0
vn 0 1 0
vn 0 1 0
vn 0 -1 0
vn 0 -1 0
vn 0 -1 0
vn 0 -1 0
vn 0 0 1
vn 0 0 1
vn 0 0 1
vn 0 0 1
vn 0 0 -1
vn 0 0 -1
vn 0 0 -1
vn 0 0 -1
f 49/49/49 51/51/51 50/50/50
f 51/51/51 52/52/52 50/50/50
f 53/53/53 55/55/55 54/54/54
f 55/55/55 56/56/56 54/54/54
f 57/57/57 59/59/59 58/58/58
f 59/59/59 60/60/60 58/58/58
f 61/61/61 63/63/63 62/62/62
f 63/63/63 64/64/64 62/62/62
f 65/65/65 67/67/67 66/66/66
f 67/67/67 68/68/68 66/66/66
f 69/69/69 71/71/71 70/70/70
f 71/71/71 72/72/72 70/70/70
o boundary_left
usemtl fieldstone
v -4.1400000005960464 0.40000000298023225 3.25
v -4.1400000005960464 0.40000000298023225 -3.25
v -4.1400000005960464 -2.980232227667301e-9 3.25
v -4.1400000005960464 -2.980232227667301e-9 -3.25
v -4.3599999994039536 0.40000000298023225 -3.25
v -4.3599999994039536 0.40000000298023225 3.25
v -4.3599999994039536 -2.980232227667301e-9 -3.25
v -4.3599999994039536 -2.980232227667301e-9 3.25
v -4.3599999994039536 0.40000000298023225 -3.25
v -4.1400000005960464 0.40000000298023225 -3.25
v -4.3599999994039536 0.40000000298023225 3.25
v -4.1400000005960464 0.40000000298023225 3.25
v -4.3599999994039536 -2.980232227667301e-9 3.25
v -4.1400000005960464 -2.980232227667301e-9 3.25
v -4.3599999994039536 -2.980232227667301e-9 -3.25
v -4.1400000005960464 -2.980232227667301e-9 -3.25
v -4.3599999994039536 0.40000000298023225 3.25
v -4.1400000005960464 0.40000000298023225 3.25
v -4.3599999994039536 -2.980232227667301e-9 3.25
v -4.1400000005960464 -2.980232227667301e-9 3.25
v -4.1400000005960464 0.40000000298023225 -3.25
v -4.3599999994039536 0.40000000298023225 -3.25
v -4.1400000005960464 -2.980232227667301e-9 -3.25
v -4.3599999994039536 -2.980232227667301e-9 -3.25
vt 0 1
vt 1 1
vt 0 0
vt 1 0
vt 0 1
vt 1 1
vt 0 0
vt 1 0
vt 0 1
vt 1 1
vt 0 0
vt 1 0
vt 0 1
vt 1 1
vt 0 0
vt 1 0
vt 0 1
vt 1 1
vt 0 0
vt 1 0
vt 0 1
vt 1 1
vt 0 0
vt 1 0
vn 1 0 0
vn 1 0 0
vn 1 0 0
vn 1 0 0
vn -1 0 0
vn -1 0 0
vn -1 0 0
vn -1 0 0
vn 0 1 0
vn 0 1 0
vn 0 1 0
vn 0 1 0
vn 0 -1 0
vn 0 -1 0
vn 0 -1 0
vn 0 -1 0
vn 0 0 1
vn 0 0 1
vn 0 0 1
vn 0 0 1
vn 0 0 -1
vn 0 0 -1
vn 0 0 -1
vn 0 0 -1
f 73/73/73 75/75/75 74/74/74
f 75/75/75 76/76/76 74/74/74
f 77/77/77 79/79/79 78/78/78
f 79/79/79 80/80/80 78/78/78
f 81/81/81 83/83/83 82/82/82
f 83/83/83 84/84/84 82/82/82
f 85/85/85 87/87/87 86/86/86
f 87/87/87 88/88/88 86/86/86
f 89/89/89 91/91/91 90/90/90
f 91/91/91 92/92/92 90/90/90
f 93/93/93 95/95/95 94/94/94
f 95/95/95 96/96/96 94/94/94
o boundary_right
usemtl fieldstone
v 4.3599999994039536 0.40000000298023225 3.25
v 4.3599999994039536 0.40000000298023225 -3.25
v 4.3599999994039536 -2.980232227667301e-9 3.25
v 4.3599999994039536 -2.980232227667301e-9 -3.25
v 4.1400000005960464 0.40000000298023225 -3.25
v 4.1400000005960464 0.40000000298023225 3.25
v 4.1400000005960464 -2.980232227667301e-9 -3.25
v 4.1400000005960464 -2.980232227667301e-9 3.25
v 4.1400000005960464 0.40000000298023225 -3.25
v 4.3599999994039536 0.40000000298023225 -3.25
v 4.1400000005960464 0.40000000298023225 3.25
v 4.3599999994039536 0.40000000298023225 3.25
v 4.1400000005960464 -2.980232227667301e-9 3.25
v 4.3599999994039536 -2.980232227667301e-9 3.25
v 4.1400000005960464 -2.980232227667301e-9 -3.25
v 4.3599999994039536 -2.980232227667301e-9 -3.25
v 4.1400000005960464 0.40000000298023225 3.25
v 4.3599999994039536 0.40000000298023225 3.25
v 4.1400000005960464 -2.980232227667301e-9 3.25
v 4.3599999994039536 -2.980232227667301e-9 3.25
v 4.3599999994039536 0.40000000298023225 -3.25
v 4.1400000005960464 0.40000000298023225 -3.25
v 4.3599999994039536 -2.980232227667301e-9 -3.25
v 4.1400000005960464 -2.980232227667301e-9 -3.25
vt 0 1
vt 1 1
vt 0 0
vt 1 0
vt 0 1
vt 1 1
vt 0 0
vt 1 0
vt 0 1
vt 1 1
vt 0 0
vt 1 0
vt 0 1
vt 1 1
vt 0 0
vt 1 0
vt 0 1
vt 1 1
vt 0 0
vt 1 0
vt 0 1
vt 1 1
vt 0 0
vt 1 0
vn 1 0 0
vn 1 0 0
vn 1 0 0
vn 1 0 0
vn -1 0 0
vn -1 0 0
vn -1 0 0
vn -1 0 0
vn 0 1 0
vn 0 1 0
vn 0 1 0
vn 0 1 0
vn 0 -1 0
vn 0 -1 0
vn 0 -1 0
vn 0 -1 0
vn 0 0 1
vn 0 0 1
vn 0 0 1
vn 0 0 1
vn 0 0 -1
vn 0 0 -1
vn 0 0 -1
vn 0 0 -1
f 97/97/97 99/99/99 98/98/98
f 99/99/99 100/100/100 98/98/98
f 101/101/101 103/103/103 102/102/102
f 103/103/103 104/104/104 102/102/102
f 105/105/105 107/107/107 106/106/106
f 107/107/107 108/108/108 106/106/106
f 109/109/109 111/111/111 110/110/110
f 111/111/111 112/112/112 110/110/110
f 113/113/113 115/115/115 114/114/114
f 115/115/115 116/116/116 114/114/114
f 117/117/117 119/119/119 118/118/118
f 119/119/119 120/120/120 118/118/118
o house_plinth
usemtl fieldstone
v 1.575 0.21999999940395354 1.474999976158142
v 1.575 0.21999999940395354 -2.074999976158142
v 1.575 5.960464483090178e-10 1.474999976158142
v 1.575 5.960464483090178e-10 -2.074999976158142
v -3.175 0.21999999940395354 -2.074999976158142
v -3.175 0.21999999940395354 1.474999976158142
v -3.175 5.960464483090178e-10 -2.074999976158142
v -3.175 5.960464483090178e-10 1.474999976158142
v -3.175 0.21999999940395354 -2.074999976158142
v 1.575 0.21999999940395354 -2.074999976158142
v -3.175 0.21999999940395354 1.474999976158142
v 1.575 0.21999999940395354 1.474999976158142
v -3.175 5.960464483090178e-10 1.474999976158142
v 1.575 5.960464483090178e-10 1.474999976158142
v -3.175 5.960464483090178e-10 -2.074999976158142
v 1.575 5.960464483090178e-10 -2.074999976158142
v -3.175 0.21999999940395354 1.474999976158142
v 1.575 0.21999999940395354 1.474999976158142
v -3.175 5.960464483090178e-10 1.474999976158142
v 1.575 5.960464483090178e-10 1.474999976158142
v 1.575 0.21999999940395354 -2.074999976158142
v -3.175 0.21999999940395354 -2.074999976158142
v 1.575 5.960464483090178e-10 -2.074999976158142
v -3.175 5.960464483090178e-10 -2.074999976158142
vt 0 1
vt 1 1
vt 0 0
vt 1 0
vt 0 1
vt 1 1
vt 0 0
vt 1 0
vt 0 1
vt 1 1
vt 0 0
vt 1 0
vt 0 1
vt 1 1
vt 0 0
vt 1 0
vt 0 1
vt 1 1
vt 0 0
vt 1 0
vt 0 1
vt 1 1
vt 0 0
vt 1 0
vn 1 0 0
vn 1 0 0
vn 1 0 0
vn 1 0 0
vn -1 0 0
vn -1 0 0
vn -1 0 0
vn -1 0 0
vn 0 1 0
vn 0 1 0
vn 0 1 0
vn 0 1 0
vn 0 -1 0
vn 0 -1 0
vn 0 -1 0
vn 0 -1 0
vn 0 0 1
vn 0 0 1
vn 0 0 1
vn 0 0 1
vn 0 0 -1
vn 0 0 -1
vn 0 0 -1
vn 0 0 -1
f 121/121/121 123/123/123 122/122/122
f 123/123/123 124/124/124 122/122/122
f 125/125/125 127/127/127 126/126/126
f 127/127/127 128/128/128 126/126/126
f 129/129/129 131/131/131 130/130/130
f 131/131/131 132/132/132 130/130/130
f 133/133/133 135/135/135 134/134/134
f 135/135/135 136/136/136 134/134/134
f 137/137/137 139/139/139 138/138/138
f 139/139/139 140/140/140 138/138/138
f 141/141/141 143/143/143 142/142/142
f 143/143/143 144/144/144 142/142/142
o house_walls
usemtl mud_plaster_ochre
v 1.4999999523162841 2.319999952316284 1.4000000476837158
v 1.4999999523162841 2.319999952316284 -2.0000000476837156
v 1.4999999523162841 0.22000004768371584 1.4000000476837158
v 1.4999999523162841 0.22000004768371584 -2.0000000476837156
v -3.099999952316284 2.319999952316284 -2.0000000476837156
v -3.099999952316284 2.319999952316284 1.4000000476837158
v -3.099999952316284 0.22000004768371584 -2.0000000476837156
v -3.099999952316284 0.22000004768371584 1.4000000476837158
v -3.099999952316284 2.319999952316284 -2.0000000476837156
v 1.4999999523162841 2.319999952316284 -2.0000000476837156
v -3.099999952316284 2.319999952316284 1.4000000476837158
v 1.4999999523162841 2.319999952316284 1.4000000476837158
v -3.099999952316284 0.22000004768371584 1.4000000476837158
v 1.4999999523162841 0.22000004768371584 1.4000000476837158
v -3.099999952316284 0.22000004768371584 -2.0000000476837156
v 1.4999999523162841 0.22000004768371584 -2.0000000476837156
v -3.099999952316284 2.319999952316284 1.4000000476837158
v 1.4999999523162841 2.319999952316284 1.4000000476837158
v -3.099999952316284 0.22000004768371584 1.4000000476837158
v 1.4999999523162841 0.22000004768371584 1.4000000476837158
v 1.4999999523162841 2.319999952316284 -2.0000000476837156
v -3.099999952316284 2.319999952316284 -2.0000000476837156
v 1.4999999523162841 0.22000004768371584 -2.0000000476837156
v -3.099999952316284 0.22000004768371584 -2.0000000476837156
vt 0 1
vt 1 1
vt 0 0
vt 1 0
vt 0 1
vt 1 1
vt 0 0
vt 1 0
vt 0 1
vt 1 1
vt 0 0
vt 1 0
vt 0 1
vt 1 1
vt 0 0
vt 1 0
vt 0 1
vt 1 1
vt 0 0
vt 1 0
vt 0 1
vt 1 1
vt 0 0
vt 1 0
vn 1 0 0
vn 1 0 0
vn 1 0 0
vn 1 0 0
vn -1 0 0
vn -1 0 0
vn -1 0 0
vn -1 0 0
vn 0 1 0
vn 0 1 0
vn 0 1 0
vn 0 1 0
vn 0 -1 0
vn 0 -1 0
vn 0 -1 0
vn 0 -1 0
vn 0 0 1
vn 0 0 1
vn 0 0 1
vn 0 0 1
vn 0 0 -1
vn 0 0 -1
vn 0 0 -1
vn 0 0 -1
f 145/145/145 147/147/147 146/146/146
f 147/147/147 148/148/148 146/146/146
f 149/149/149 151/151/151 150/150/150
f 151/151/151 152/152/152 150/150/150
f 153/153/153 155/155/155 154/154/154
f 155/155/155 156/156/156 154/154/154
f 157/157/157 159/159/159 158/158/158
f 159/159/159 160/160/160 158/158/158
f 161/161/161 163/163/163 162/162/162
f 163/163/163 164/164/164 162/162/162
f 165/165/165 167/167/167 166/166/166
f 167/167/167 168/168/168 166/166/166
o house_door
usemtl timber_post
v -1.2029999880790712 1.72 1.4499999993294477
v -1.2029999880790712 1.72 1.3900000006705522
v -1.2029999880790712 0.21999999999999997 1.4499999993294477
v -1.2029999880790712 0.21999999999999997 1.3900000006705522
v -2.053000011920929 1.72 1.3900000006705522
v -2.053000011920929 1.72 1.4499999993294477
v -2.053000011920929 0.21999999999999997 1.3900000006705522
v -2.053000011920929 0.21999999999999997 1.4499999993294477
v -2.053000011920929 1.72 1.3900000006705522
v -1.2029999880790712 1.72 1.3900000006705522
v -2.053000011920929 1.72 1.4499999993294477
v -1.2029999880790712 1.72 1.4499999993294477
v -2.053000011920929 0.21999999999999997 1.4499999993294477
v -1.2029999880790712 0.21999999999999997 1.4499999993294477
v -2.053000011920929 0.21999999999999997 1.3900000006705522
v -1.2029999880790712 0.21999999999999997 1.3900000006705522
v -2.053000011920929 1.72 1.4499999993294477
v -1.2029999880790712 1.72 1.4499999993294477
v -2.053000011920929 0.21999999999999997 1.4499999993294477
v -1.2029999880790712 0.21999999999999997 1.4499999993294477
v -1.2029999880790712 1.72 1.3900000006705522
v -2.053000011920929 1.72 1.3900000006705522
v -1.2029999880790712 0.21999999999999997 1.3900000006705522
v -2.053000011920929 0.21999999999999997 1.3900000006705522
vt 0 1
vt 1 1
vt 0 0
vt 1 0
vt 0 1
vt 1 1
vt 0 0
vt 1 0
vt 0 1
vt 1 1
vt 0 0
vt 1 0
vt 0 1
vt 1 1
vt 0 0
vt 1 0
vt 0 1
vt 1 1
vt 0 0
vt 1 0
vt 0 1
vt 1 1
vt 0 0
vt 1 0
vn 1 0 0
vn 1 0 0
vn 1 0 0
vn 1 0 0
vn -1 0 0
vn -1 0 0
vn -1 0 0
vn -1 0 0
vn 0 1 0
vn 0 1 0
vn 0 1 0
vn 0 1 0
vn 0 -1 0
vn 0 -1 0
vn 0 -1 0
vn 0 -1 0
vn 0 0 1
vn 0 0 1
vn 0 0 1
vn 0 0 1
vn 0 0 -1
vn 0 0 -1
vn 0 0 -1
vn 0 0 -1
f 169/169/169 171/171/171 170/170/170
f 171/171/171 172/172/172 170/170/170
f 173/173/173 175/175/175 174/174/174
f 175/175/175 176/176/176 174/174/174
f 177/177/177 179/179/179 178/178/178
f 179/179/179 180/180/180 178/178/178
f 181/181/181 183/183/183 182/182/182
f 183/183/183 184/184/184 182/182/182
f 185/185/185 187/187/187 186/186/186
f 187/187/187 188/188/188 186/186/186
f 189/189/189 191/191/191 190/190/190
f 191/191/191 192/192/192 190/190/190
o house_window_left
usemtl timber_post
v 0.3030000059604644 1.7450000059604645 1.445000000372529
v 0.3030000059604644 1.7450000059604645 1.394999999627471
v 0.3030000059604644 1.1949999940395355 1.445000000372529
v 0.3030000059604644 1.1949999940395355 1.394999999627471
v -0.24700000596046456 1.7450000059604645 1.394999999627471
v -0.24700000596046456 1.7450000059604645 1.445000000372529
v -0.24700000596046456 1.1949999940395355 1.394999999627471
v -0.24700000596046456 1.1949999940395355 1.445000000372529
v -0.24700000596046456 1.7450000059604645 1.394999999627471
v 0.3030000059604644 1.7450000059604645 1.394999999627471
v -0.24700000596046456 1.7450000059604645 1.445000000372529
v 0.3030000059604644 1.7450000059604645 1.445000000372529
v -0.24700000596046456 1.1949999940395355 1.445000000372529
v 0.3030000059604644 1.1949999940395355 1.445000000372529
v -0.24700000596046456 1.1949999940395355 1.394999999627471
v 0.3030000059604644 1.1949999940395355 1.394999999627471
v -0.24700000596046456 1.7450000059604645 1.445000000372529
v 0.3030000059604644 1.7450000059604645 1.445000000372529
v -0.24700000596046456 1.1949999940395355 1.445000000372529
v 0.3030000059604644 1.1949999940395355 1.445000000372529
v 0.3030000059604644 1.7450000059604645 1.394999999627471
v -0.24700000596046456 1.7450000059604645 1.394999999627471
v 0.3030000059604644 1.1949999940395355 1.394999999627471
v -0.24700000596046456 1.1949999940395355 1.394999999627471
vt 0 1
vt 1 1
vt 0 0
vt 1 0
vt 0 1
vt 1 1
vt 0 0
vt 1 0
vt 0 1
vt 1 1
vt 0 0
vt 1 0
vt 0 1
vt 1 1
vt 0 0
vt 1 0
vt 0 1
vt 1 1
vt 0 0
vt 1 0
vt 0 1
vt 1 1
vt 0 0
vt 1 0
vn 1 0 0
vn 1 0 0
vn 1 0 0
vn 1 0 0
vn -1 0 0
vn -1 0 0
vn -1 0 0
vn -1 0 0
vn 0 1 0
vn 0 1 0
vn 0 1 0
vn 0 1 0
vn 0 -1 0
vn 0 -1 0
vn 0 -1 0
vn 0 -1 0
vn 0 0 1
vn 0 0 1
vn 0 0 1
vn 0 0 1
vn 0 0 -1
vn 0 0 -1
vn 0 0 -1
vn 0 0 -1
f 193/193/193 195/195/195 194/194/194
f 195/195/195 196/196/196 194/194/194
f 197/197/197 199/199/199 198/198/198
f 199/199/199 200/200/200 198/198/198
f 201/201/201 203/203/203 202/202/202
f 203/203/203 204/204/204 202/202/202
f 205/205/205 207/207/207 206/206/206
f 207/207/207 208/208/208 206/206/206
f 209/209/209 211/211/211 210/210/210
f 211/211/211 212/212/212 210/210/210
f 213/213/213 215/215/215 214/214/214
f 215/215/215 216/216/216 214/214/214
o house_window_right2
usemtl timber_post
v 1.4070000059604642 1.7450000059604645 1.445000000372529
v 1.4070000059604642 1.7450000059604645 1.394999999627471
v 1.4070000059604642 1.1949999940395355 1.445000000372529
v 1.4070000059604642 1.1949999940395355 1.394999999627471
v 0.8569999940395352 1.7450000059604645 1.394999999627471
v 0.8569999940395352 1.7450000059604645 1.445000000372529
v 0.8569999940395352 1.1949999940395355 1.394999999627471
v 0.8569999940395352 1.1949999940395355 1.445000000372529
v 0.8569999940395352 1.7450000059604645 1.394999999627471
v 1.4070000059604642 1.7450000059604645 1.394999999627471
v 0.8569999940395352 1.7450000059604645 1.445000000372529
v 1.4070000059604642 1.7450000059604645 1.445000000372529
v 0.8569999940395352 1.1949999940395355 1.445000000372529
v 1.4070000059604642 1.1949999940395355 1.445000000372529
v 0.8569999940395352 1.1949999940395355 1.394999999627471
v 1.4070000059604642 1.1949999940395355 1.394999999627471
v 0.8569999940395352 1.7450000059604645 1.445000000372529
v 1.4070000059604642 1.7450000059604645 1.445000000372529
v 0.8569999940395352 1.1949999940395355 1.445000000372529
v 1.4070000059604642 1.1949999940395355 1.445000000372529
v 1.4070000059604642 1.7450000059604645 1.394999999627471
v 0.8569999940395352 1.7450000059604645 1.394999999627471
v 1.4070000059604642 1.1949999940395355 1.394999999627471
v 0.8569999940395352 1.1949999940395355 1.394999999627471
vt 0 1
vt 1 1
vt 0 0
vt 1 0
vt 0 1
vt 1 1
vt 0 0
vt 1 0
vt 0 1
vt 1 1
vt 0 0
vt 1 0
vt 0 1
vt 1 1
vt 0 0
vt 1 0
vt 0 1
vt 1 1
vt 0 0
vt 1 0
vt 0 1
vt 1 1
vt 0 0
vt 1 0
vn 1 0 0
vn 1 0 0
vn 1 0 0
vn 1 0 0
vn -1 0 0
vn -1 0 0
vn -1 0 0
vn -1 0 0
vn 0 1 0
vn 0 1 0
vn 0 1 0
vn 0 1 0
vn 0 -1 0
vn 0 -1 0
vn 0 -1 0
vn 0 -1 0
vn 0 0 1
vn 0 0 1
vn 0 0 1
vn 0 0 1
vn 0 0 -1
vn 0 0 -1
vn 0 0 -1
vn 0 0 -1
f 217/217/217 219/219/219 218/218/218
f 219/219/219 220/220/220 218/218/218
f 221/221/221 223/223/223 222/222/222
f 223/223/223 224/224/224 222/222/222
f 225/225/225 227/227/227 226/226/226
f 227/227/227 228/228/228 226/226/226
f 229/229/229 231/231/231 230/230/230
f 231/231/231 232/232/232 230/230/230
f 233/233/233 235/235/235 234/234/234
f 235/235/235 236/236/236 234/234/234
f 237/237/237 239/239/239 238/238/238
f 239/239/239 240/240/240 238/238/238
o roof_panel_front
usemtl dark_thatch
v 1.95 2.3542293019733505 1.8706967344016792
v 1.95 3.654229255182929 -0.27930318821416167
v 1.95 2.2857707448170714 1.8293031882141615
v 1.95 3.58577069802665 -0.32069673440167934
v -3.55 3.654229255182929 -0.27930318821416167
v -3.55 2.3542293019733505 1.8706967344016792
v -3.55 3.58577069802665 -0.32069673440167934
v -3.55 2.2857707448170714 1.8293031882141615
v -3.55 3.654229255182929 -0.27930318821416167
v 1.95 3.654229255182929 -0.27930318821416167
v -3.55 2.3542293019733505 1.8706967344016792
v 1.95 2.3542293019733505 1.8706967344016792
v -3.55 2.2857707448170714 1.8293031882141615
v 1.95 2.2857707448170714 1.8293031882141615
v -3.55 3.58577069802665 -0.32069673440167934
v 1.95 3.58577069802665 -0.32069673440167934
v -3.55 2.3542293019733505 1.8706967344016792
v 1.95 2.3542293019733505 1.8706967344016792
v -3.55 2.2857707448170714 1.8293031882141615
v 1.95 2.2857707448170714 1.8293031882141615
v 1.95 3.654229255182929 -0.27930318821416167
v -3.55 3.654229255182929 -0.27930318821416167
v 1.95 3.58577069802665 -0.32069673440167934
v -3.55 3.58577069802665 -0.32069673440167934
vt 0 1
vt 1 1
vt 0 0
vt 1 0
vt 0 1
vt 1 1
vt 0 0
vt 1 0
vt 0 1
vt 1 1
vt 0 0
vt 1 0
vt 0 1
vt 1 1
vt 0 0
vt 1 0
vt 0 1
vt 1 1
vt 0 0
vt 1 0
vt 0 1
vt 1 1
vt 0 0
vt 1 0
vn 1 0 0
vn 1 0 0
vn 1 0 0
vn 1 0 0
vn -1 0 0
vn -1 0 0
vn -1 0 0
vn -1 0 0
vn 0 0.8557319835805905 0.5174193389091944
vn 0 0.8557319835805905 0.5174193389091944
vn 0 0.8557319835805905 0.5174193389091944
vn 0 0.8557319835805905 0.5174193389091944
vn 0 -0.8557319835805905 -0.5174193389091944
vn 0 -0.8557319835805905 -0.5174193389091944
vn 0 -0.8557319835805905 -0.5174193389091944
vn 0 -0.8557319835805905 -0.5174193389091944
vn 0 -0.5174193389091944 0.8557319835805905
vn 0 -0.5174193389091944 0.8557319835805905
vn 0 -0.5174193389091944 0.8557319835805905
vn 0 -0.5174193389091944 0.8557319835805905
vn 0 0.5174193389091944 -0.8557319835805905
vn 0 0.5174193389091944 -0.8557319835805905
vn 0 0.5174193389091944 -0.8557319835805905
vn 0 0.5174193389091944 -0.8557319835805905
f 241/241/241 243/243/243 242/242/242
f 243/243/243 244/244/244 242/242/242
f 245/245/245 247/247/247 246/246/246
f 247/247/247 248/248/248 246/246/246
f 249/249/249 251/251/251 250/250/250
f 251/251/251 252/252/252 250/250/250
f 253/253/253 255/255/255 254/254/254
f 255/255/255 256/256/256 254/254/254
f 257/257/257 259/259/259 258/258/258
f 259/259/259 260/260/260 258/258/258
f 261/261/261 263/263/263 262/262/262
f 263/263/263 264/264/264 262/262/262
o roof_panel_back
usemtl dark_thatch
v 1.95 3.654229255182929 -0.3206968117858384
v 1.95 2.3542293019733505 -2.4706967344016793
v 1.95 3.58577069802665 -0.27930326559832075
v 1.95 2.2857707448170714 -2.4293031882141616
v -3.55 2.3542293019733505 -2.4706967344016793
v -3.55 3.654229255182929 -0.3206968117858384
v -3.55 2.2857707448170714 -2.4293031882141616
v -3.55 3.58577069802665 -0.27930326559832075
v -3.55 2.3542293019733505 -2.4706967344016793
v 1.95 2.3542293019733505 -2.4706967344016793
v -3.55 3.654229255182929 -0.3206968117858384
v 1.95 3.654229255182929 -0.3206968117858384
v -3.55 3.58577069802665 -0.27930326559832075
v 1.95 3.58577069802665 -0.27930326559832075
v -3.55 2.2857707448170714 -2.4293031882141616
v 1.95 2.2857707448170714 -2.4293031882141616
v -3.55 3.654229255182929 -0.3206968117858384
v 1.95 3.654229255182929 -0.3206968117858384
v -3.55 3.58577069802665 -0.27930326559832075
v 1.95 3.58577069802665 -0.27930326559832075
v 1.95 2.3542293019733505 -2.4706967344016793
v -3.55 2.3542293019733505 -2.4706967344016793
v 1.95 2.2857707448170714 -2.4293031882141616
v -3.55 2.2857707448170714 -2.4293031882141616
vt 0 1
vt 1 1
vt 0 0
vt 1 0
vt 0 1
vt 1 1
vt 0 0
vt 1 0
vt 0 1
vt 1 1
vt 0 0
vt 1 0
vt 0 1
vt 1 1
vt 0 0
vt 1 0
vt 0 1
vt 1 1
vt 0 0
vt 1 0
vt 0 1
vt 1 1
vt 0 0
vt 1 0
vn 1 0 0
vn 1 0 0
vn 1 0 0
vn 1 0 0
vn -1 0 0
vn -1 0 0
vn -1 0 0
vn -1 0 0
vn 0 0.8557319835805905 -0.5174193389091944
vn 0 0.8557319835805905 -0.5174193389091944
vn 0 0.8557319835805905 -0.5174193389091944
vn 0 0.8557319835805905 -0.5174193389091944
vn 0 -0.8557319835805905 0.5174193389091944
vn 0 -0.8557319835805905 0.5174193389091944
vn 0 -0.8557319835805905 0.5174193389091944
vn 0 -0.8557319835805905 0.5174193389091944
vn 0 0.5174193389091944 0.8557319835805905
vn 0 0.5174193389091944 0.8557319835805905
vn 0 0.5174193389091944 0.8557319835805905
vn 0 0.5174193389091944 0.8557319835805905
vn 0 -0.5174193389091944 -0.8557319835805905
vn 0 -0.5174193389091944 -0.8557319835805905
vn 0 -0.5174193389091944 -0.8557319835805905
vn 0 -0.5174193389091944 -0.8557319835805905
f 265/265/265 267/267/267 266/266/266
f 267/267/267 268/268/268 266/266/266
f 269/269/269 271/271/271 270/270/270
f 271/271/271 272/272/272 270/270/270
f 273/273/273 275/275/275 274/274/274
f 275/275/275 276/276/276 274/274/274
f 277/277/277 279/279/279 278/278/278
f 279/279/279 280/280/280 278/278/278
f 281/281/281 283/283/283 282/282/282
f 283/283/283 284/284/284 282/282/282
f 285/285/285 287/287/287 286/286/286
f 287/287/287 288/288/288 286/286/286
o roof_ridge_cap
usemtl dark_thatch
v 1.9999999523162841 3.759999998211861 -0.19000000059604644
v 1.9999999523162841 3.759999998211861 -0.40999999940395354
v 1.9999999523162841 3.6000000017881395 -0.19000000059604644
v 1.9999999523162841 3.6000000017881395 -0.40999999940395354
v -3.599999952316284 3.759999998211861 -0.40999999940395354
v -3.599999952316284 3.759999998211861 -0.19000000059604644
v -3.599999952316284 3.6000000017881395 -0.40999999940395354
v -3.599999952316284 3.6000000017881395 -0.19000000059604644
v -3.599999952316284 3.759999998211861 -0.40999999940395354
v 1.9999999523162841 3.759999998211861 -0.40999999940395354
v -3.599999952316284 3.759999998211861 -0.19000000059604644
v 1.9999999523162841 3.759999998211861 -0.19000000059604644
v -3.599999952316284 3.6000000017881395 -0.19000000059604644
v 1.9999999523162841 3.6000000017881395 -0.19000000059604644
v -3.599999952316284 3.6000000017881395 -0.40999999940395354
v 1.9999999523162841 3.6000000017881395 -0.40999999940395354
v -3.599999952316284 3.759999998211861 -0.19000000059604644
v 1.9999999523162841 3.759999998211861 -0.19000000059604644
v -3.599999952316284 3.6000000017881395 -0.19000000059604644
v 1.9999999523162841 3.6000000017881395 -0.19000000059604644
v 1.9999999523162841 3.759999998211861 -0.40999999940395354
v -3.599999952316284 3.759999998211861 -0.40999999940395354
v 1.9999999523162841 3.6000000017881395 -0.40999999940395354
v -3.599999952316284 3.6000000017881395 -0.40999999940395354
vt 0 1
vt 1 1
vt 0 0
vt 1 0
vt 0 1
vt 1 1
vt 0 0
vt 1 0
vt 0 1
vt 1 1
vt 0 0
vt 1 0
vt 0 1
vt 1 1
vt 0 0
vt 1 0
vt 0 1
vt 1 1
vt 0 0
vt 1 0
vt 0 1
vt 1 1
vt 0 0
vt 1 0
vn 1 0 0
vn 1 0 0
vn 1 0 0
vn 1 0 0
vn -1 0 0
vn -1 0 0
vn -1 0 0
vn -1 0 0
vn 0 1 0
vn 0 1 0
vn 0 1 0
vn 0 1 0
vn 0 -1 0
vn 0 -1 0
vn 0 -1 0
vn 0 -1 0
vn 0 0 1
vn 0 0 1
vn 0 0 1
vn 0 0 1
vn 0 0 -1
vn 0 0 -1
vn 0 0 -1
vn 0 0 -1
f 289/289/289 291/291/291 290/290/290
f 291/291/291 292/292/292 290/290/290
f 293/293/293 295/295/295 294/294/294
f 295/295/295 296/296/296 294/294/294
f 297/297/297 299/299/299 298/298/298
f 299/299/299 300/300/300 298/298/298
f 301/301/301 303/303/303 302/302/302
f 303/303/303 304/304/304 302/302/302
f 305/305/305 307/307/307 306/306/306
f 307/307/307 308/308/308 306/306/306
f 309/309/309 311/311/311 310/310/310
f 311/311/311 312/312/312 310/310/310
o gable_end_right
usemtl mud_plaster_ochre
v 1.4999999999999993 2.3200000000000003 1.8500000953674316
v 1.4999999999999998 3.6199999523162845 -0.3
v 1.5000000000000002 2.3200000000000003 -2.4500000953674315
v 1.5500000007450583 2.3200000000000003 -2.4500000953674315
v 1.5500000007450578 3.6199999523162845 -0.3
v 1.5500000007450574 2.3200000000000003 1.8500000953674316
v 1.4999999999999993 2.3200000000000003 1.8500000953674316
v 1.5000000000000002 2.3200000000000003 -2.4500000953674315
v 1.5500000007450574 2.3200000000000003 1.8500000953674316
v 1.5000000000000002 2.3200000000000003 -2.4500000953674315
v 1.5500000007450583 2.3200000000000003 -2.4500000953674315
v 1.5500000007450574 2.3200000000000003 1.8500000953674316
v 1.5000000000000002 2.3200000000000003 -2.4500000953674315
v 1.4999999999999998 3.6199999523162845 -0.3
v 1.5500000007450583 2.3200000000000003 -2.4500000953674315
v 1.4999999999999998 3.6199999523162845 -0.3
v 1.5500000007450578 3.6199999523162845 -0.3
v 1.5500000007450583 2.3200000000000003 -2.4500000953674315
v 1.4999999999999998 3.6199999523162845 -0.3
v 1.4999999999999993 2.3200000000000003 1.8500000953674316
v 1.5500000007450578 3.6199999523162845 -0.3
v 1.4999999999999993 2.3200000000000003 1.8500000953674316
v 1.5500000007450574 2.3200000000000003 1.8500000953674316
v 1.5500000007450578 3.6199999523162845 -0.3
vt -2.1500000953674316 0
vt 0 1.2999999523162842
vt 2.1500000953674316 0
vt 2.1500000953674316 0
vt 0 1.2999999523162842
vt -2.1500000953674316 0
vt -2.1500000953674316 1
vt 2.1500000953674316 1
vt -2.1500000953674316 0.949999988079071
vt 2.1500000953674316 1
vt 2.1500000953674316 0.949999988079071
vt -2.1500000953674316 0.949999988079071
vt 2.1500000953674316 1
vt 0 1
vt 2.1500000953674316 0.949999988079071
vt 0 1
vt 0 0.949999988079071
vt 2.1500000953674316 0.949999988079071
vt 0 1
vt -2.1500000953674316 1
vt 0 0.949999988079071
vt -2.1500000953674316 1
vt -2.1500000953674316 0.949999988079071
vt 0 0.949999988079071
vn -1 0 -2.220446049250313e-16
vn -1 0 -2.220446049250313e-16
vn -1 0 -2.220446049250313e-16
vn 1 0 2.220446049250313e-16
vn 1 0 2.220446049250313e-16
vn 1 0 2.220446049250313e-16
vn 0 -1 0
vn 0 -1 0
vn 0 -1 0
vn 0 -1 0
vn 0 -1 0
vn 0 -1 0
vn 1.1489015894010192e-16 0.855732021019387 -0.5174192769911801
vn 1.1489015894010192e-16 0.855732021019387 -0.5174192769911801
vn 1.1489015894010192e-16 0.855732021019387 -0.5174192769911801
vn 1.1489015894010192e-16 0.855732021019387 -0.5174192769911801
vn 1.1489015894010192e-16 0.855732021019387 -0.5174192769911801
vn 1.1489015894010192e-16 0.855732021019387 -0.5174192769911801
vn -1.1489015894010192e-16 0.855732021019387 0.5174192769911801
vn -1.1489015894010192e-16 0.855732021019387 0.5174192769911801
vn -1.1489015894010192e-16 0.855732021019387 0.5174192769911801
vn -1.1489015894010192e-16 0.855732021019387 0.5174192769911801
vn -1.1489015894010192e-16 0.855732021019387 0.5174192769911801
vn -1.1489015894010192e-16 0.855732021019387 0.5174192769911801
f 313/313/313 314/314/314 315/315/315
f 316/316/316 317/317/317 318/318/318
f 319/319/319 320/320/320 321/321/321
f 322/322/322 323/323/323 324/324/324
f 325/325/325 326/326/326 327/327/327
f 328/328/328 329/329/329 330/330/330
f 331/331/331 332/332/332 333/333/333
f 334/334/334 335/335/335 336/336/336
o gable_end_left
usemtl mud_plaster_ochre
v -3.1 2.3200000000000003 1.8500000953674316
v -3.0999999999999996 3.6199999523162845 -0.3
v -3.099999999999999 2.3200000000000003 -2.4500000953674315
v -3.049999999254941 2.3200000000000003 -2.4500000953674315
v -3.0499999992549416 3.6199999523162845 -0.3
v -3.049999999254942 2.3200000000000003 1.8500000953674316
v -3.1 2.3200000000000003 1.8500000953674316
v -3.099999999999999 2.3200000000000003 -2.4500000953674315
v -3.049999999254942 2.3200000000000003 1.8500000953674316
v -3.099999999999999 2.3200000000000003 -2.4500000953674315
v -3.049999999254941 2.3200000000000003 -2.4500000953674315
v -3.049999999254942 2.3200000000000003 1.8500000953674316
v -3.099999999999999 2.3200000000000003 -2.4500000953674315
v -3.0999999999999996 3.6199999523162845 -0.3
v -3.049999999254941 2.3200000000000003 -2.4500000953674315
v -3.0999999999999996 3.6199999523162845 -0.3
v -3.0499999992549416 3.6199999523162845 -0.3
v -3.049999999254941 2.3200000000000003 -2.4500000953674315
v -3.0999999999999996 3.6199999523162845 -0.3
v -3.1 2.3200000000000003 1.8500000953674316
v -3.0499999992549416 3.6199999523162845 -0.3
v -3.1 2.3200000000000003 1.8500000953674316
v -3.049999999254942 2.3200000000000003 1.8500000953674316
v -3.0499999992549416 3.6199999523162845 -0.3
vt -2.1500000953674316 0
vt 0 1.2999999523162842
vt 2.1500000953674316 0
vt 2.1500000953674316 0
vt 0 1.2999999523162842
vt -2.1500000953674316 0
vt -2.1500000953674316 1
vt 2.1500000953674316 1
vt -2.1500000953674316 0.949999988079071
vt 2.1500000953674316 1
vt 2.1500000953674316 0.949999988079071
vt -2.1500000953674316 0.949999988079071
vt 2.1500000953674316 1
vt 0 1
vt 2.1500000953674316 0.949999988079071
vt 0 1
vt 0 0.949999988079071
vt 2.1500000953674316 0.949999988079071
vt 0 1
vt -2.1500000953674316 1
vt 0 0.949999988079071
vt -2.1500000953674316 1
vt -2.1500000953674316 0.949999988079071
vt 0 0.949999988079071
vn -1 0 -2.220446049250313e-16
vn -1 0 -2.220446049250313e-16
vn -1 0 -2.220446049250313e-16
vn 1 0 2.220446049250313e-16
vn 1 0 2.220446049250313e-16
vn 1 0 2.220446049250313e-16
vn 0 -1 0
vn 0 -1 0
vn 0 -1 0
vn 0 -1 0
vn 0 -1 0
vn 0 -1 0
vn 1.1489015894010192e-16 0.855732021019387 -0.5174192769911801
vn 1.1489015894010192e-16 0.855732021019387 -0.5174192769911801
vn 1.1489015894010192e-16 0.855732021019387 -0.5174192769911801
vn 1.1489015894010192e-16 0.855732021019387 -0.5174192769911801
vn 1.1489015894010192e-16 0.855732021019387 -0.5174192769911801
vn 1.1489015894010192e-16 0.855732021019387 -0.5174192769911801
vn -1.1489015894010192e-16 0.855732021019387 0.5174192769911801
vn -1.1489015894010192e-16 0.855732021019387 0.5174192769911801
vn -1.1489015894010192e-16 0.855732021019387 0.5174192769911801
vn -1.1489015894010192e-16 0.855732021019387 0.5174192769911801
vn -1.1489015894010192e-16 0.855732021019387 0.5174192769911801
vn -1.1489015894010192e-16 0.855732021019387 0.5174192769911801
f 337/337/337 338/338/338 339/339/339
f 340/340/340 341/341/341 342/342/342
f 343/343/343 344/344/344 345/345/345
f 346/346/346 347/347/347 348/348/348
f 349/349/349 350/350/350 351/351/351
f 352/352/352 353/353/353 354/354/354
f 355/355/355 356/356/356 357/357/357
f 358/358/358 359/359/359 360/360/360
o veranda_roof
usemtl terracotta_tile
v 1.7 2.0994965000132044 2.839817988705874
v 1.7 1.9199281890798252 1.3506050349250747
v 1.7 2.020071810920175 2.8493949650749255
v 1.7 1.8405034999867962 1.360182011294126
v -3.3 1.9199281890798252 1.3506050349250747
v -3.3 2.0994965000132044 2.839817988705874
v -3.3 1.8405034999867962 1.360182011294126
v -3.3 2.020071810920175 2.8493949650749255
v -3.3 1.9199281890798252 1.3506050349250747
v 1.7 1.9199281890798252 1.3506050349250747
v -3.3 2.0994965000132044 2.839817988705874
v 1.7 2.0994965000132044 2.839817988705874
v -3.3 2.020071810920175 2.8493949650749255
v 1.7 2.020071810920175 2.8493949650749255
v -3.3 1.8405034999867962 1.360182011294126
v 1.7 1.8405034999867962 1.360182011294126
v -3.3 2.0994965000132044 2.839817988705874
v 1.7 2.0994965000132044 2.839817988705874
v -3.3 2.020071810920175 2.8493949650749255
v 1.7 2.020071810920175 2.8493949650749255
v 1.7 1.9199281890798252 1.3506050349250747
v -3.3 1.9199281890798252 1.3506050349250747
v 1.7 1.8405034999867962 1.360182011294126
v -3.3 1.8405034999867962 1.360182011294126
vt 0 1
vt 1 1
vt 0 0
vt 1 0
vt 0 1
vt 1 1
vt 0 0
vt 1 0
vt 0 1
vt 1 1
vt 0 0
vt 1 0
vt 0 1
vt 1 1
vt 0 0
vt 1 0
vt 0 1
vt 1 1
vt 0 0
vt 1 0
vt 0 1
vt 1 1
vt 0 0
vt 1 0
vn 1 0 0
vn 1 0 0
vn 1 0 0
vn 1 0 0
vn -1 0 0
vn -1 0 0
vn -1 0 0
vn -1 0 0
vn 0 0.9928086358538663 -0.11971220728891936
vn 0 0.9928086358538663 -0.11971220728891936
vn 0 0.9928086358538663 -0.11971220728891936
vn 0 0.9928086358538663 -0.11971220728891936
vn 0 -0.9928086358538663 0.11971220728891936
vn 0 -0.9928086358538663 0.11971220728891936
vn 0 -0.9928086358538663 0.11971220728891936
vn 0 -0.9928086358538663 0.11971220728891936
vn 0 0.11971220728891936 0.9928086358538663
vn 0 0.11971220728891936 0.9928086358538663
vn 0 0.11971220728891936 0.9928086358538663
vn 0 0.11971220728891936 0.9928086358538663
vn 0 -0.11971220728891936 -0.9928086358538663
vn 0 -0.11971220728891936 -0.9928086358538663
vn 0 -0.11971220728891936 -0.9928086358538663
vn 0 -0.11971220728891936 -0.9928086358538663
f 361/361/361 363/363/363 362/362/362
f 363/363/363 364/364/364 362/362/362
f 365/365/365 367/367/367 366/366/366
f 367/367/367 368/368/368 366/366/366
f 369/369/369 371/371/371 370/370/370
f 371/371/371 372/372/372 370/370/370
f 373/373/373 375/375/375 374/374/374
f 375/375/375 376/376/376 374/374/374
f 377/377/377 379/379/379 378/378/378
f 379/379/379 380/380/380 378/378/378
f 381/381/381 383/383/383 382/382/382
f 383/383/383 384/384/384 382/382/382
o veranda_post_0
usemtl timber_post
v -2.95 2.119999988079071 2.7900000035762784
v -2.897099328041077 2.119999988079071 2.7728115290403363
v -2.8644049137830736 2.119999988079071 2.727811529114842
v -2.8644049137830736 2.119999988079071 2.6721884708851573
v -2.897099328041077 2.119999988079071 2.627188470959663
v -2.95 2.119999988079071 2.609999996423721
v -3.0029006719589235 2.119999988079071 2.627188470959663
v -3.0355950862169268 2.119999988079071 2.6721884708851573
v -3.0355950862169268 2.119999988079071 2.727811529114842
v -3.0029006719589235 2.119999988079071 2.7728115290403363
v -2.95 2.119999988079071 2.7900000035762784
v -2.95 0.22000001192092888 2.8099999994039533
v -2.885343623161316 0.22000001192092888 2.7889918729662893
v -2.845383782684803 0.22000001192092888 2.733991869539022
v -2.845383782684803 0.22000001192092888 2.6660081304609773
v -2.885343623161316 0.22000001192092888 2.61100812703371
v -2.95 0.22000001192092888 2.590000000596046
v -3.0146563768386843 0.22000001192092888 2.61100812703371
v -3.054616217315197 0.22000001192092888 2.6660081304609773
v -3.054616217315197 0.22000001192092888 2.733991869539022
v -3.0146563768386843 0.22000001192092888 2.7889918729662893
v -2.95 0.22000001192092888 2.8099999994039533
v -2.95 2.119999988079071 2.6999999999999997
v -2.95 2.119999988079071 2.6999999999999997
v -2.95 2.119999988079071 2.6999999999999997
v -2.95 2.119999988079071 2.6999999999999997
v -2.95 2.119999988079071 2.6999999999999997
v -2.95 2.119999988079071 2.6999999999999997
v -2.95 2.119999988079071 2.6999999999999997
v -2.95 2.119999988079071 2.6999999999999997
v -2.95 2.119999988079071 2.6999999999999997
v -2.95 2.119999988079071 2.6999999999999997
v -2.95 2.119999988079071 2.7900000035762784
v -2.897099328041077 2.119999988079071 2.7728115290403363
v -2.8644049137830736 2.119999988079071 2.727811529114842
v -2.8644049137830736 2.119999988079071 2.6721884708851573
v -2.897099328041077 2.119999988079071 2.627188470959663
v -2.95 2.119999988079071 2.609999996423721
v -3.0029006719589235 2.119999988079071 2.627188470959663
v -3.0355950862169268 2.119999988079071 2.6721884708851573
v -3.0355950862169268 2.119999988079071 2.727811529114842
v -3.0029006719589235 2.119999988079071 2.7728115290403363
v -2.95 2.119999988079071 2.7900000035762784
v -2.95 0.22000001192092888 2.6999999999999997
v -2.95 0.22000001192092888 2.6999999999999997
v -2.95 0.22000001192092888 2.6999999999999997
v -2.95 0.22000001192092888 2.6999999999999997
v -2.95 0.22000001192092888 2.6999999999999997
v -2.95 0.22000001192092888 2.6999999999999997
v -2.95 0.22000001192092888 2.6999999999999997
v -2.95 0.22000001192092888 2.6999999999999997
v -2.95 0.22000001192092888 2.6999999999999997
v -2.95 0.22000001192092888 2.6999999999999997
v -2.95 0.22000001192092888 2.8099999994039533
v -2.885343623161316 0.22000001192092888 2.7889918729662893
v -2.845383782684803 0.22000001192092888 2.733991869539022
v -2.845383782684803 0.22000001192092888 2.6660081304609773
v -2.885343623161316 0.22000001192092888 2.61100812703371
v -2.95 0.22000001192092888 2.590000000596046
v -3.0146563768386843 0.22000001192092888 2.61100812703371
v -3.054616217315197 0.22000001192092888 2.6660081304609773
v -3.054616217315197 0.22000001192092888 2.733991869539022
v -3.0146563768386843 0.22000001192092888 2.7889918729662893
v -2.95 0.22000001192092888 2.8099999994039533
vt 0 1
vt 0.10000000149011612 1
vt 0.20000000298023224 1
vt 0.30000001192092896 1
vt 0.4000000059604645 1
vt 0.5 1
vt 0.6000000238418579 1
vt 0.699999988079071 1
vt 0.800000011920929 1
vt 0.8999999761581421 1
vt 1 1
vt 0 0
vt 0.10000000149011612 0
vt 0.20000000298023224 0
vt 0.30000001192092896 0
vt 0.4000000059604645 0
vt 0.5 0
vt 0.6000000238418579 0
vt 0.699999988079071 0
vt 0.800000011920929 0
vt 0.8999999761581421 0
vt 1 0
vt 0.5 0.5
vt 0.5 0.5
vt 0.5 0.5
vt 0.5 0.5
vt 0.5 0.5
vt 0.5 0.5
vt 0.5 0.5
vt 0.5 0.5
vt 0.5 0.5
vt 0.5 0.5
vt 1 0.5
vt 0.9045084714889526 0.7938926219940186
vt 0.6545084714889526 0.9755282402038574
vt 0.345491498708725 0.9755282402038574
vt 0.09549150615930557 0.7938926219940186
vt 0 0.5
vt 0.09549150615930557 0.20610737800598145
vt 0.345491498708725 0.024471741169691086
vt 0.6545084714889526 0.024471741169691086
vt 0.9045084714889526 0.20610737800598145
vt 1 0.5
vt 0.5 0.5
vt 0.5 0.5
vt 0.5 0.5
vt 0.5 0.5
vt 0.5 0.5
vt 0.5 0.5
vt 0.5 0.5
vt 0.5 0.5
vt 0.5 0.5
vt 0.5 0.5
vt 1 0.5
vt 0.9045084714889526 0.20610737800598145
vt 0.6545084714889526 0.024471741169691086
vt 0.345491498708725 0.024471741169691086
vt 0.09549150615930557 0.20610737800598145
vt 0 0.5
vt 0.09549150615930557 0.7938926219940186
vt 0.345491498708725 0.9755282402038574
vt 0.6545084714889526 0.9755282402038574
vt 0.9045084714889526 0.7938926219940186
vt 1 0.5
vn 0 0.010525732044997061 0.9999446029480417
vn 0.5877526954264358 0.01052573222192084 0.8089721737984267
vn 0.9510038351665723 0.010525732142462295 0.30899986158789194
vn 0.9510038351665723 0.010525732142462295 -0.30899986158789194
vn 0.5877526954264358 0.01052573222192084 -0.8089721737984267
vn 1.2245789277963076e-16 0.010525732044997061 -0.9999446029480417
vn -0.5877526954264358 0.01052573222192084 -0.8089721737984267
vn -0.9510038351665723 0.010525732142462295 -0.30899986158789194
vn -0.9510038351665723 0.010525732142462295 0.30899986158789194
vn -0.5877526954264358 0.01052573222192084 0.8089721737984267
vn -2.449157855592615e-16 0.010525732044997061 0.9999446029480417
vn 0 0.010525732044997061 0.9999446029480417
vn 0.5877526954264358 0.01052573222192084 0.8089721737984267
vn 0.9510038351665723 0.010525732142462295 0.30899986158789194
vn 0.9510038351665723 0.010525732142462295 -0.30899986158789194
vn 0.5877526954264358 0.01052573222192084 -0.8089721737984267
vn 1.2245789277963076e-16 0.010525732044997061 -0.9999446029480417
vn -0.5877526954264358 0.01052573222192084 -0.8089721737984267
vn -0.9510038351665723 0.010525732142462295 -0.30899986158789194
vn -0.9510038351665723 0.010525732142462295 0.30899986158789194
vn -0.5877526954264358 0.01052573222192084 0.8089721737984267
vn -2.449157855592615e-16 0.010525732044997061 0.9999446029480417
vn 0 1 0
vn 0 1 0
vn 0 1 0
vn 0 1 0
vn 0 1 0
vn 0 1 0
vn 0 1 0
vn 0 1 0
vn 0 1 0
vn 0 1 0
vn 0 1 0
vn 0 1 0
vn 0 1 0
vn 0 1 0
vn 0 1 0
vn 0 1 0
vn 0 1 0
vn 0 1 0
vn 0 1 0
vn 0 1 0
vn 0 1 0
vn 0 -1 0
vn 0 -1 0
vn 0 -1 0
vn 0 -1 0
vn 0 -1 0
vn 0 -1 0
vn 0 -1 0
vn 0 -1 0
vn 0 -1 0
vn 0 -1 0
vn 0 -1 0
vn 0 -1 0
vn 0 -1 0
vn 0 -1 0
vn 0 -1 0
vn 0 -1 0
vn 0 -1 0
vn 0 -1 0
vn 0 -1 0
vn 0 -1 0
vn 0 -1 0
f 385/385/385 396/396/396 386/386/386
f 396/396/396 397/397/397 386/386/386
f 386/386/386 397/397/397 387/387/387
f 397/397/397 398/398/398 387/387/387
f 387/387/387 398/398/398 388/388/388
f 398/398/398 399/399/399 388/388/388
f 388/388/388 399/399/399 389/389/389
f 399/399/399 400/400/400 389/389/389
f 389/389/389 400/400/400 390/390/390
f 400/400/400 401/401/401 390/390/390
f 390/390/390 401/401/401 391/391/391
f 401/401/401 402/402/402 391/391/391
f 391/391/391 402/402/402 392/392/392
f 402/402/402 403/403/403 392/392/392
f 392/392/392 403/403/403 393/393/393
f 403/403/403 404/404/404 393/393/393
f 393/393/393 404/404/404 394/394/394
f 404/404/404 405/405/405 394/394/394
f 394/394/394 405/405/405 395/395/395
f 405/405/405 406/406/406 395/395/395
f 417/417/417 418/418/418 407/407/407
f 418/418/418 419/419/419 408/408/408
f 419/419/419 420/420/420 409/409/409
f 420/420/420 421/421/421 410/410/410
f 421/421/421 422/422/422 411/411/411
f 422/422/422 423/423/423 412/412/412
f 423/423/423 424/424/424 413/413/413
f 424/424/424 425/425/425 414/414/414
f 425/425/425 426/426/426 415/415/415
f 426/426/426 427/427/427 416/416/416
f 439/439/439 438/438/438 428/428/428
f 440/440/440 439/439/439 429/429/429
f 441/441/441 440/440/440 430/430/430
f 442/442/442 441/441/441 431/431/431
f 443/443/443 442/442/442 432/432/432
f 444/444/444 443/443/443 433/433/433
f 445/445/445 444/444/444 434/434/434
f 446/446/446 445/445/445 435/435/435
f 447/447/447 446/446/446 436/436/436
f 448/448/448 447/447/447 437/437/437
o veranda_post_1
usemtl timber_post
v -1.5666666666666667 2.119999988079071 2.7900000035762784
v -1.5137659947077433 2.119999988079071 2.7728115290403363
v -1.48107158044974 2.119999988079071 2.727811529114842
v -1.48107158044974 2.119999988079071 2.6721884708851573
v -1.5137659947077433 2.119999988079071 2.627188470959663
v -1.5666666666666667 2.119999988079071 2.609999996423721
v -1.61956733862559 2.119999988079071 2.627188470959663
v -1.6522617528835932 2.119999988079071 2.6721884708851573
v -1.6522617528835932 2.119999988079071 2.727811529114842
v -1.61956733862559 2.119999988079071 2.7728115290403363
v -1.5666666666666667 2.119999988079071 2.7900000035762784
v -1.5666666666666667 0.22000001192092888 2.8099999994039533
v -1.5020102898279826 0.22000001192092888 2.7889918729662893
v -1.4620504493514697 0.22000001192092888 2.733991869539022
v -1.4620504493514697 0.22000001192092888 2.6660081304609773
v -1.5020102898279826 0.22000001192092888 2.61100812703371
v -1.5666666666666667 0.22000001192092888 2.590000000596046
v -1.6313230435053507 0.22000001192092888 2.61100812703371
v -1.6712828839818636 0.22000001192092888 2.6660081304609773
v -1.6712828839818636 0.22000001192092888 2.733991869539022
v -1.6313230435053507 0.22000001192092888 2.7889918729662893
v -1.5666666666666667 0.22000001192092888 2.8099999994039533
v -1.5666666666666667 2.119999988079071 2.6999999999999997
v -1.5666666666666667 2.119999988079071 2.6999999999999997
v -1.5666666666666667 2.119999988079071 2.6999999999999997
v -1.5666666666666667 2.119999988079071 2.6999999999999997
v -1.5666666666666667 2.119999988079071 2.6999999999999997
v -1.5666666666666667 2.119999988079071 2.6999999999999997
v -1.5666666666666667 2.119999988079071 2.6999999999999997
v -1.5666666666666667 2.119999988079071 2.6999999999999997
v -1.5666666666666667 2.119999988079071 2.6999999999999997
v -1.5666666666666667 2.119999988079071 2.6999999999999997
v -1.5666666666666667 2.119999988079071 2.7900000035762784
v -1.5137659947077433 2.119999988079071 2.7728115290403363
v -1.48107158044974 2.119999988079071 2.727811529114842
v -1.48107158044974 2.119999988079071 2.6721884708851573
v -1.5137659947077433 2.119999988079071 2.627188470959663
v -1.5666666666666667 2.119999988079071 2.609999996423721
v -1.61956733862559 2.119999988079071 2.627188470959663
v -1.6522617528835932 2.119999988079071 2.6721884708851573
v -1.6522617528835932 2.119999988079071 2.727811529114842
v -1.61956733862559 2.119999988079071 2.7728115290403363
v -1.5666666666666667 2.119999988079071 2.7900000035762784
v -1.5666666666666667 0.22000001192092888 2.6999999999999997
v -1.5666666666666667 0.22000001192092888 2.6999999999999997
v -1.5666666666666667 0.22000001192092888 2.6999999999999997
v -1.5666666666666667 0.22000001192092888 2.6999999999999997
v -1.5666666666666667 0.22000001192092888 2.6999999999999997
v -1.5666666666666667 0.22000001192092888 2.6999999999999997
v -1.5666666666666667 0.22000001192092888 2.6999999999999997
v -1.5666666666666667 0.22000001192092888 2.6999999999999997
v -1.5666666666666667 0.22000001192092888 2.6999999999999997
v -1.5666666666666667 0.22000001192092888 2.6999999999999997
v -1.5666666666666667 0.22000001192092888 2.8099999994039533
v -1.5020102898279826 0.22000001192092888 2.7889918729662893
v -1.4620504493514697 0.22000001192092888 2.733991869539022
v -1.4620504493514697 0.22000001192092888 2.6660081304609773
v -1.5020102898279826 0.22000001192092888 2.61100812703371
v -1.5666666666666667 0.22000001192092888 2.590000000596046
v -1.6313230435053507 0.22000001192092888 2.61100812703371
v -1.6712828839818636 0.22000001192092888 2.6660081304609773
v -1.6712828839818636 0.22000001192092888 2.733991869539022
v -1.6313230435053507 0.22000001192092888 2.7889918729662893
v -1.5666666666666667 0.22000001192092888 2.8099999994039533
vt 0 1
vt 0.10000000149011612 1
vt 0.20000000298023224 1
vt 0.30000001192092896 1
vt 0.4000000059604645 1
vt 0.5 1
vt 0.6000000238418579 1
vt 0.699999988079071 1
vt 0.800000011920929 1
vt 0.8999999761581421 1
vt 1 1
vt 0 0
vt 0.10000000149011612 0
vt 0.20000000298023224 0
vt 0.30000001192092896 0
vt 0.4000000059604645 0
vt 0.5 0
vt 0.6000000238418579 0
vt 0.699999988079071 0
vt 0.800000011920929 0
vt 0.8999999761581421 0
vt 1 0
vt 0.5 0.5
vt 0.5 0.5
vt 0.5 0.5
vt 0.5 0.5
vt 0.5 0.5
vt 0.5 0.5
vt 0.5 0.5
vt 0.5 0.5
vt 0.5 0.5
vt 0.5 0.5
vt 1 0.5
vt 0.9045084714889526 0.7938926219940186
vt 0.6545084714889526 0.9755282402038574
vt 0.345491498708725 0.9755282402038574
vt 0.09549150615930557 0.7938926219940186
vt 0 0.5
vt 0.09549150615930557 0.20610737800598145
vt 0.345491498708725 0.024471741169691086
vt 0.6545084714889526 0.024471741169691086
vt 0.9045084714889526 0.20610737800598145
vt 1 0.5
vt 0.5 0.5
vt 0.5 0.5
vt 0.5 0.5
vt 0.5 0.5
vt 0.5 0.5
vt 0.5 0.5
vt 0.5 0.5
vt 0.5 0.5
vt 0.5 0.5
vt 0.5 0.5
vt 1 0.5
vt 0.9045084714889526 0.20610737800598145
vt 0.6545084714889526 0.024471741169691086
vt 0.345491498708725 0.024471741169691086
vt 0.09549150615930557 0.20610737800598145
vt 0 0.5
vt 0.09549150615930557 0.7938926219940186
vt 0.345491498708725 0.9755282402038574
vt 0.6545084714889526 0.9755282402038574
vt 0.9045084714889526 0.7938926219940186
vt 1 0.5
vn 0 0.010525732044997061 0.9999446029480417
vn 0.5877526954264358 0.01052573222192084 0.8089721737984267
vn 0.9510038351665723 0.010525732142462295 0.30899986158789194
vn 0.9510038351665723 0.010525732142462295 -0.30899986158789194
vn 0.5877526954264358 0.01052573222192084 -0.8089721737984267
vn 1.2245789277963076e-16 0.010525732044997061 -0.9999446029480417
vn -0.5877526954264358 0.01052573222192084 -0.8089721737984267
vn -0.9510038351665723 0.010525732142462295 -0.30899986158789194
vn -0.9510038351665723 0.010525732142462295 0.30899986158789194
vn -0.5877526954264358 0.01052573222192084 0.8089721737984267
vn -2.449157855592615e-16 0.010525732044997061 0.9999446029480417
vn 0 0.010525732044997061 0.9999446029480417
vn 0.5877526954264358 0.01052573222192084 0.8089721737984267
vn 0.9510038351665723 0.010525732142462295 0.30899986158789194
vn 0.9510038351665723 0.010525732142462295 -0.30899986158789194
vn 0.5877526954264358 0.01052573222192084 -0.8089721737984267
vn 1.2245789277963076e-16 0.010525732044997061 -0.9999446029480417
vn -0.5877526954264358 0.01052573222192084 -0.8089721737984267
vn -0.9510038351665723 0.010525732142462295 -0.30899986158789194
vn -0.9510038351665723 0.010525732142462295 0.30899986158789194
vn -0.5877526954264358 0.01052573222192084 0.8089721737984267
vn -2.449157855592615e-16 0.010525732044997061 0.9999446029480417
vn 0 1 0
vn 0 1 0
vn 0 1 0
vn 0 1 0
vn 0 1 0
vn 0 1 0
vn 0 1 0
vn 0 1 0
vn 0 1 0
vn 0 1 0
vn 0 1 0
vn 0 1 0
vn 0 1 0
vn 0 1 0
vn 0 1 0
vn 0 1 0
vn 0 1 0
vn 0 1 0
vn 0 1 0
vn 0 1 0
vn 0 1 0
vn 0 -1 0
vn 0 -1 0
vn 0 -1 0
vn 0 -1 0
vn 0 -1 0
vn 0 -1 0
vn 0 -1 0
vn 0 -1 0
vn 0 -1 0
vn 0 -1 0
vn 0 -1 0
vn 0 -1 0
vn 0 -1 0
vn 0 -1 0
vn 0 -1 0
vn 0 -1 0
vn 0 -1 0
vn 0 -1 0
vn 0 -1 0
vn 0 -1 0
vn 0 -1 0
f 449/449/449 460/460/460 450/450/450
f 460/460/460 461/461/461 450/450/450
f 450/450/450 461/461/461 451/451/451
f 461/461/461 462/462/462 451/451/451
f 451/451/451 462/462/462 452/452/452
f 462/462/462 463/463/463 452/452/452
f 452/452/452 463/463/463 453/453/453
f 463/463/463 464/464/464 453/453/453
f 453/453/453 464/464/464 454/454/454
f 464/464/464 465/465/465 454/454/454
f 454/454/454 465/465/465 455/455/455
f 465/465/465 466/466/466 455/455/455
f 455/455/455 466/466/466 456/456/456
f 466/466/466 467/467/467 456/456/456
f 456/456/456 467/467/467 457/457/457
f 467/467/467 468/468/468 457/457/457
f 457/457/457 468/468/468 458/458/458
f 468/468/468 469/469/469 458/458/458
f 458/458/458 469/469/469 459/459/459
f 469/469/469 470/470/470 459/459/459
f 481/481/481 482/482/482 471/471/471
f 482/482/482 483/483/483 472/472/472
f 483/483/483 484/484/484 473/473/473
f 484/484/484 485/485/485 474/474/474
f 485/485/485 486/486/486 475/475/475
f 486/486/486 487/487/487 476/476/476
f 487/487/487 488/488/488 477/477/477
f 488/488/488 489/489/489 478/478/478
f 489/489/489 490/490/490 479/479/479
f 490/490/490 491/491/491 480/480/480
f 503/503/503 502/502/502 492/492/492
f 504/504/504 503/503/503 493/493/493
f 505/505/505 504/504/504 494/494/494
f 506/506/506 505/505/505 495/495/495
f 507/507/507 506/506/506 496/496/496
f 508/508/508 507/507/507 497/497/497
f 509/509/509 508/508/508 498/498/498
f 510/510/510 509/509/509 499/499/499
f 511/511/511 510/510/510 500/500/500
f 512/512/512 511/511/511 501/501/501
o veranda_post_2
usemtl timber_post
v -0.03333333333333344 2.119999988079071 2.7900000035762784
v 0.019567338625589903 2.119999988079071 2.7728115290403363
v 0.05226175288359314 2.119999988079071 2.727811529114842
v 0.05226175288359314 2.119999988079071 2.6721884708851573
v 0.019567338625589903 2.119999988079071 2.627188470959663
v -0.03333333333333342 2.119999988079071 2.609999996423721
v -0.08623400529225678 2.119999988079071 2.627188470959663
v -0.11892841955026001 2.119999988079071 2.6721884708851573
v -0.11892841955026001 2.119999988079071 2.727811529114842
v -0.08623400529225678 2.119999988079071 2.7728115290403363
v -0.03333333333333346 2.119999988079071 2.7900000035762784
v -0.03333333333333344 0.22000001192092888 2.8099999994039533
v 0.031323043505350645 0.22000001192092888 2.7889918729662893
v 0.07128288398186355 0.22000001192092888 2.733991869539022
v 0.07128288398186355 0.22000001192092888 2.6660081304609773
v 0.031323043505350645 0.22000001192092888 2.61100812703371
v -0.03333333333333342 0.22000001192092888 2.590000000596046
v -0.09798971017201752 0.22000001192092888 2.61100812703371
v -0.13794955064853043 0.22000001192092888 2.6660081304609773
v -0.13794955064853043 0.22000001192092888 2.733991869539022
v -0.09798971017201752 0.22000001192092888 2.7889918729662893
v -0.033333333333333465 0.22000001192092888 2.8099999994039533
v -0.03333333333333344 2.119999988079071 2.6999999999999997
v -0.03333333333333344 2.119999988079071 2.6999999999999997
v -0.03333333333333344 2.119999988079071 2.6999999999999997
v -0.03333333333333344 2.119999988079071 2.6999999999999997
v -0.03333333333333344 2.119999988079071 2.6999999999999997
v -0.03333333333333344 2.119999988079071 2.6999999999999997
v -0.03333333333333344 2.119999988079071 2.6999999999999997
v -0.03333333333333344 2.119999988079071 2.6999999999999997
v -0.03333333333333344 2.119999988079071 2.6999999999999997
v -0.03333333333333344 2.119999988079071 2.6999999999999997
v -0.03333333333333344 2.119999988079071 2.7900000035762784
v 0.019567338625589903 2.119999988079071 2.7728115290403363
v 0.05226175288359314 2.119999988079071 2.727811529114842
v 0.05226175288359314 2.119999988079071 2.6721884708851573
v 0.019567338625589903 2.119999988079071 2.627188470959663
v -0.03333333333333342 2.119999988079071 2.609999996423721
v -0.08623400529225678 2.119999988079071 2.627188470959663
v -0.11892841955026001 2.119999988079071 2.6721884708851573
v -0.11892841955026001 2.119999988079071 2.727811529114842
v -0.08623400529225678 2.119999988079071 2.7728115290403363
v -0.03333333333333346 2.119999988079071 2.7900000035762784
v -0.03333333333333344 0.22000001192092888 2.6999999999999997
v -0.03333333333333344 0.22000001192092888 2.6999999999999997
v -0.03333333333333344 0.22000001192092888 2.6999999999999997
v -0.03333333333333344 0.22000001192092888 2.6999999999999997
v -0.03333333333333344 0.22000001192092888 2.6999999999999997
v -0.03333333333333344 0.22000001192092888 2.6999999999999997
v -0.03333333333333344 0.22000001192092888 2.6999999999999997
v -0.03333333333333344 0.22000001192092888 2.6999999999999997
v -0.03333333333333344 0.22000001192092888 2.6999999999999997
v -0.03333333333333344 0.22000001192092888 2.6999999999999997
v -0.03333333333333344 0.22000001192092888 2.8099999994039533
v 0.031323043505350645 0.22000001192092888 2.7889918729662893
v 0.07128288398186355 0.22000001192092888 2.733991869539022
v 0.07128288398186355 0.22000001192092888 2.6660081304609773
v 0.031323043505350645 0.22000001192092888 2.61100812703371
v -0.03333333333333342 0.22000001192092888 2.590000000596046
v -0.09798971017201752 0.22000001192092888 2.61100812703371
v -0.13794955064853043 0.22000001192092888 2.6660081304609773
v -0.13794955064853043 0.22000001192092888 2.733991869539022
v -0.09798971017201752 0.22000001192092888 2.7889918729662893
v -0.033333333333333465 0.22000001192092888 2.8099999994039533
vt 0 1
vt 0.10000000149011612 1
vt 0.20000000298023224 1
vt 0.30000001192092896 1
vt 0.4000000059604645 1
vt 0.5 1
vt 0.6000000238418579 1
vt 0.699999988079071 1
vt 0.800000011920929 1
vt 0.8999999761581421 1
vt 1 1
vt 0 0
vt 0.10000000149011612 0
vt 0.20000000298023224 0
vt 0.30000001192092896 0
vt 0.4000000059604645 0
vt 0.5 0
vt 0.6000000238418579 0
vt 0.699999988079071 0
vt 0.800000011920929 0
vt 0.8999999761581421 0
vt 1 0
vt 0.5 0.5
vt 0.5 0.5
vt 0.5 0.5
vt 0.5 0.5
vt 0.5 0.5
vt 0.5 0.5
vt 0.5 0.5
vt 0.5 0.5
vt 0.5 0.5
vt 0.5 0.5
vt 1 0.5
vt 0.9045084714889526 0.7938926219940186
vt 0.6545084714889526 0.9755282402038574
vt 0.345491498708725 0.9755282402038574
vt 0.09549150615930557 0.7938926219940186
vt 0 0.5
vt 0.09549150615930557 0.20610737800598145
vt 0.345491498708725 0.024471741169691086
vt 0.6545084714889526 0.024471741169691086
vt 0.9045084714889526 0.20610737800598145
vt 1 0.5
vt 0.5 0.5
vt 0.5 0.5
vt 0.5 0.5
vt 0.5 0.5
vt 0.5 0.5
vt 0.5 0.5
vt 0.5 0.5
vt 0.5 0.5
vt 0.5 0.5
vt 0.5 0.5
vt 1 0.5
vt 0.9045084714889526 0.20610737800598145
vt 0.6545084714889526 0.024471741169691086
vt 0.345491498708725 0.024471741169691086
vt 0.09549150615930557 0.20610737800598145
vt 0 0.5
vt 0.09549150615930557 0.7938926219940186
vt 0.345491498708725 0.9755282402038574
vt 0.6545084714889526 0.9755282402038574
vt 0.9045084714889526 0.7938926219940186
vt 1 0.5
vn 0 0.010525732044997061 0.9999446029480417
vn 0.5877526954264358 0.01052573222192084 0.8089721737984267
vn 0.9510038351665723 0.010525732142462295 0.30899986158789194
vn 0.9510038351665723 0.010525732142462295 -0.30899986158789194
vn 0.5877526954264358 0.01052573222192084 -0.8089721737984267
vn 1.2245789277963076e-16 0.010525732044997061 -0.9999446029480417
vn -0.5877526954264358 0.01052573222192084 -0.8089721737984267
vn -0.9510038351665723 0.010525732142462295 -0.30899986158789194
vn -0.9510038351665723 0.010525732142462295 0.30899986158789194
vn -0.5877526954264358 0.01052573222192084 0.8089721737984267
vn -2.449157855592615e-16 0.010525732044997061 0.9999446029480417
vn 0 0.010525732044997061 0.9999446029480417
vn 0.5877526954264358 0.01052573222192084 0.8089721737984267
vn 0.9510038351665723 0.010525732142462295 0.30899986158789194
vn 0.9510038351665723 0.010525732142462295 -0.30899986158789194
vn 0.5877526954264358 0.01052573222192084 -0.8089721737984267
vn 1.2245789277963076e-16 0.010525732044997061 -0.9999446029480417
vn -0.5877526954264358 0.01052573222192084 -0.8089721737984267
vn -0.9510038351665723 0.010525732142462295 -0.30899986158789194
vn -0.9510038351665723 0.010525732142462295 0.30899986158789194
vn -0.5877526954264358 0.01052573222192084 0.8089721737984267
vn -2.449157855592615e-16 0.010525732044997061 0.9999446029480417
vn 0 1 0
vn 0 1 0
vn 0 1 0
vn 0 1 0
vn 0 1 0
vn 0 1 0
vn 0 1 0
vn 0 1 0
vn 0 1 0
vn 0 1 0
vn 0 1 0
vn 0 1 0
vn 0 1 0
vn 0 1 0
vn 0 1 0
vn 0 1 0
vn 0 1 0
vn 0 1 0
vn 0 1 0
vn 0 1 0
vn 0 1 0
vn 0 -1 0
vn 0 -1 0
vn 0 -1 0
vn 0 -1 0
vn 0 -1 0
vn 0 -1 0
vn 0 -1 0
vn 0 -1 0
vn 0 -1 0
vn 0 -1 0
vn 0 -1 0
vn 0 -1 0
vn 0 -1 0
vn 0 -1 0
vn 0 -1 0
vn 0 -1 0
vn 0 -1 0
vn 0 -1 0
vn 0 -1 0
vn 0 -1 0
vn 0 -1 0
f 513/513/513 524/524/524 514/514/514
f 524/524/524 525/525/525 514/514/514
f 514/514/514 525/525/525 515/515/515
f 525/525/525 526/526/526 515/515/515
f 515/515/515 526/526/526 516/516/516
f 526/526/526 527/527/527 516/516/516
f 516/516/516 527/527/527 517/517/517
f 527/527/527 528/528/528 517/517/517
f 517/517/517 528/528/528 518/518/518
f 528/528/528 529/529/529 518/518/518
f 518/518/518 529/529/529 519/519/519
f 529/529/529 530/530/530 519/519/519
f 519/519/519 530/530/530 520/520/520
f 530/530/530 531/531/531 520/520/520
f 520/520/520 531/531/531 521/521/521
f 531/531/531 532/532/532 521/521/521
f 521/521/521 532/532/532 522/522/522
f 532/532/532 533/533/533 522/522/522
f 522/522/522 533/533/533 523/523/523
f 533/533/533 534/534/534 523/523/523
f 545/545/545 546/546/546 535/535/535
f 546/546/546 547/547/547 536/536/536
f 547/547/547 548/548/548 537/537/537
f 548/548/548 549/549/549 538/538/538
f 549/549/549 550/550/550 539/539/539
f 550/550/550 551/551/551 540/540/540
f 551/551/551 552/552/552 541/541/541
f 552/552/552 553/553/553 542/542/542
f 553/553/553 554/554/554 543/543/543
f 554/554/554 555/555/555 544/544/544
f 567/567/567 566/566/566 556/556/556
f 568/568/568 567/567/567 557/557/557
f 569/569/569 568/568/568 558/558/558
f 570/570/570 569/569/569 559/559/559
f 571/571/571 570/570/570 560/560/560
f 572/572/572 571/571/571 561/561/561
f 573/573/573 572/572/572 562/562/562
f 574/574/574 573/573/573 563/563/563
f 575/575/575 574/574/574 564/564/564
f 576/576/576 575/575/575 565/565/565
o veranda_post_3
usemtl timber_post
v 1.3499999999999999 2.119999988079071 2.7900000035762784
v 1.4029006719589232 2.119999988079071 2.7728115290403363
v 1.4355950862169264 2.119999988079071 2.727811529114842
v 1.4355950862169264 2.119999988079071 2.6721884708851573
v 1.4029006719589232 2.119999988079071 2.627188470959663
v 1.3499999999999999 2.119999988079071 2.609999996423721
v 1.2970993280410765 2.119999988079071 2.627188470959663
v 1.2644049137830733 2.119999988079071 2.6721884708851573
v 1.2644049137830733 2.119999988079071 2.727811529114842
v 1.2970993280410765 2.119999988079071 2.7728115290403363
v 1.3499999999999999 2.119999988079071 2.7900000035762784
v 1.3499999999999999 0.22000001192092888 2.8099999994039533
v 1.414656376838684 0.22000001192092888 2.7889918729662893
v 1.4546162173151969 0.22000001192092888 2.733991869539022
v 1.4546162173151969 0.22000001192092888 2.6660081304609773
v 1.414656376838684 0.22000001192092888 2.61100812703371
v 1.3499999999999999 0.22000001192092888 2.590000000596046
v 1.2853436231613158 0.22000001192092888 2.61100812703371
v 1.2453837826848029 0.22000001192092888 2.6660081304609773
v 1.2453837826848029 0.22000001192092888 2.733991869539022
v 1.2853436231613158 0.22000001192092888 2.7889918729662893
v 1.3499999999999999 0.22000001192092888 2.8099999994039533
v 1.3499999999999999 2.119999988079071 2.6999999999999997
v 1.3499999999999999 2.119999988079071 2.6999999999999997
v 1.3499999999999999 2.119999988079071 2.6999999999999997
v 1.3499999999999999 2.119999988079071 2.6999999999999997
v 1.3499999999999999 2.119999988079071 2.6999999999999997
v 1.3499999999999999 2.119999988079071 2.6999999999999997
v 1.3499999999999999 2.119999988079071 2.6999999999999997
v 1.3499999999999999 2.119999988079071 2.6999999999999997
v 1.3499999999999999 2.119999988079071 2.6999999999999997
v 1.3499999999999999 2.119999988079071 2.6999999999999997
v 1.3499999999999999 2.119999988079071 2.7900000035762784
v 1.4029006719589232 2.119999988079071 2.7728115290403363
v 1.4355950862169264 2.119999988079071 2.727811529114842
v 1.4355950862169264 2.119999988079071 2.6721884708851573
v 1.4029006719589232 2.119999988079071 2.627188470959663
v 1.3499999999999999 2.119999988079071 2.609999996423721
v 1.2970993280410765 2.119999988079071 2.627188470959663
v 1.2644049137830733 2.119999988079071 2.6721884708851573
v 1.2644049137830733 2.119999988079071 2.727811529114842
v 1.2970993280410765 2.119999988079071 2.7728115290403363
v 1.3499999999999999 2.119999988079071 2.7900000035762784
v 1.3499999999999999 0.22000001192092888 2.6999999999999997
v 1.3499999999999999 0.22000001192092888 2.6999999999999997
v 1.3499999999999999 0.22000001192092888 2.6999999999999997
v 1.3499999999999999 0.22000001192092888 2.6999999999999997
v 1.3499999999999999 0.22000001192092888 2.6999999999999997
v 1.3499999999999999 0.22000001192092888 2.6999999999999997
v 1.3499999999999999 0.22000001192092888 2.6999999999999997
v 1.3499999999999999 0.22000001192092888 2.6999999999999997
v 1.3499999999999999 0.22000001192092888 2.6999999999999997
v 1.3499999999999999 0.22000001192092888 2.6999999999999997
v 1.3499999999999999 0.22000001192092888 2.8099999994039533
v 1.414656376838684 0.22000001192092888 2.7889918729662893
v 1.4546162173151969 0.22000001192092888 2.733991869539022
v 1.4546162173151969 0.22000001192092888 2.6660081304609773
v 1.414656376838684 0.22000001192092888 2.61100812703371
v 1.3499999999999999 0.22000001192092888 2.590000000596046
v 1.2853436231613158 0.22000001192092888 2.61100812703371
v 1.2453837826848029 0.22000001192092888 2.6660081304609773
v 1.2453837826848029 0.22000001192092888 2.733991869539022
v 1.2853436231613158 0.22000001192092888 2.7889918729662893
v 1.3499999999999999 0.22000001192092888 2.8099999994039533
vt 0 1
vt 0.10000000149011612 1
vt 0.20000000298023224 1
vt 0.30000001192092896 1
vt 0.4000000059604645 1
vt 0.5 1
vt 0.6000000238418579 1
vt 0.699999988079071 1
vt 0.800000011920929 1
vt 0.8999999761581421 1
vt 1 1
vt 0 0
vt 0.10000000149011612 0
vt 0.20000000298023224 0
vt 0.30000001192092896 0
vt 0.4000000059604645 0
vt 0.5 0
vt 0.6000000238418579 0
vt 0.699999988079071 0
vt 0.800000011920929 0
vt 0.8999999761581421 0
vt 1 0
vt 0.5 0.5
vt 0.5 0.5
vt 0.5 0.5
vt 0.5 0.5
vt 0.5 0.5
vt 0.5 0.5
vt 0.5 0.5
vt 0.5 0.5
vt 0.5 0.5
vt 0.5 0.5
vt 1 0.5
vt 0.9045084714889526 0.7938926219940186
vt 0.6545084714889526 0.9755282402038574
vt 0.345491498708725 0.9755282402038574
vt 0.09549150615930557 0.7938926219940186
vt 0 0.5
vt 0.09549150615930557 0.20610737800598145
vt 0.345491498708725 0.024471741169691086
vt 0.6545084714889526 0.024471741169691086
vt 0.9045084714889526 0.20610737800598145
vt 1 0.5
vt 0.5 0.5
vt 0.5 0.5
vt 0.5 0.5
vt 0.5 0.5
vt 0.5 0.5
vt 0.5 0.5
vt 0.5 0.5
vt 0.5 0.5
vt 0.5 0.5
vt 0.5 0.5
vt 1 0.5
vt 0.9045084714889526 0.20610737800598145
vt 0.6545084714889526 0.024471741169691086
vt 0.345491498708725 0.024471741169691086
vt 0.09549150615930557 0.20610737800598145
vt 0 0.5
vt 0.09549150615930557 0.7938926219940186
vt 0.345491498708725 0.9755282402038574
vt 0.6545084714889526 0.9755282402038574
vt 0.9045084714889526 0.7938926219940186
vt 1 0.5
vn 0 0.010525732044997061 0.9999446029480417
vn 0.5877526954264358 0.01052573222192084 0.8089721737984267
vn 0.9510038351665723 0.010525732142462295 0.30899986158789194
vn 0.9510038351665723 0.010525732142462295 -0.30899986158789194
vn 0.5877526954264358 0.01052573222192084 -0.8089721737984267
vn 1.2245789277963076e-16 0.010525732044997061 -0.9999446029480417
vn -0.5877526954264358 0.01052573222192084 -0.8089721737984267
vn -0.9510038351665723 0.010525732142462295 -0.30899986158789194
vn -0.9510038351665723 0.010525732142462295 0.30899986158789194
vn -0.5877526954264358 0.01052573222192084 0.8089721737984267
vn -2.449157855592615e-16 0.010525732044997061 0.9999446029480417
vn 0 0.010525732044997061 0.9999446029480417
vn 0.5877526954264358 0.01052573222192084 0.8089721737984267
vn 0.9510038351665723 0.010525732142462295 0.30899986158789194
vn 0.9510038351665723 0.010525732142462295 -0.30899986158789194
vn 0.5877526954264358 0.01052573222192084 -0.8089721737984267
vn 1.2245789277963076e-16 0.010525732044997061 -0.9999446029480417
vn -0.5877526954264358 0.01052573222192084 -0.8089721737984267
vn -0.9510038351665723 0.010525732142462295 -0.30899986158789194
vn -0.9510038351665723 0.010525732142462295 0.30899986158789194
vn -0.5877526954264358 0.01052573222192084 0.8089721737984267
vn -2.449157855592615e-16 0.010525732044997061 0.9999446029480417
vn 0 1 0
vn 0 1 0
vn 0 1 0
vn 0 1 0
vn 0 1 0
vn 0 1 0
vn 0 1 0
vn 0 1 0
vn 0 1 0
vn 0 1 0
vn 0 1 0
vn 0 1 0
vn 0 1 0
vn 0 1 0
vn 0 1 0
vn 0 1 0
vn 0 1 0
vn 0 1 0
vn 0 1 0
vn 0 1 0
vn 0 1 0
vn 0 -1 0
vn 0 -1 0
vn 0 -1 0
vn 0 -1 0
vn 0 -1 0
vn 0 -1 0
vn 0 -1 0
vn 0 -1 0
vn 0 -1 0
vn 0 -1 0
vn 0 -1 0
vn 0 -1 0
vn 0 -1 0
vn 0 -1 0
vn 0 -1 0
vn 0 -1 0
vn 0 -1 0
vn 0 -1 0
vn 0 -1 0
vn 0 -1 0
vn 0 -1 0
f 577/577/577 588/588/588 578/578/578
f 588/588/588 589/589/589 578/578/578
f 578/578/578 589/589/589 579/579/579
f 589/589/589 590/590/590 579/579/579
f 579/579/579 590/590/590 580/580/580
f 590/590/590 591/591/591 580/580/580
f 580/580/580 591/591/591 581/581/581
f 591/591/591 592/592/592 581/581/581
f 581/581/581 592/592/592 582/582/582
f 592/592/592 593/593/593 582/582/582
f 582/582/582 593/593/593 583/583/583
f 593/593/593 594/594/594 583/583/583
f 583/583/583 594/594/594 584/584/584
f 594/594/594 595/595/595 584/584/584
f 584/584/584 595/595/595 585/585/585
f 595/595/595 596/596/596 585/585/585
f 585/585/585 596/596/596 586/586/586
f 596/596/596 597/597/597 586/586/586
f 586/586/586 597/597/597 587/587/587
f 597/597/597 598/598/598 587/587/587
f 609/609/609 610/610/610 599/599/599
f 610/610/610 611/611/611 600/600/600
f 611/611/611 612/612/612 601/601/601
f 612/612/612 613/613/613 602/602/602
f 613/613/613 614/614/614 603/603/603
f 614/614/614 615/615/615 604/604/604
f 615/615/615 616/616/616 605/605/605
f 616/616/616 617/617/617 606/606/606
f 617/617/617 618/618/618 607/607/607
f 618/618/618 619/619/619 608/608/608
f 631/631/631 630/630/630 620/620/620
f 632/632/632 631/631/631 621/621/621
f 633/633/633 632/632/632 622/622/622
f 634/634/634 633/633/633 623/623/623
f 635/635/635 634/634/634 624/624/624
f 636/636/636 635/635/635 625/625/625
f 637/637/637 636/636/636 626/626/626
f 638/638/638 637/637/637 627/627/627
f 639/639/639 638/638/638 628/628/628
f 640/640/640 639/639/639 629/629/629
o veranda_floor
usemtl fieldstone
v 1.6000000953674316 0.16000000074505805 2.799999988079071
v 1.6000000953674316 0.16000000074505805 1.400000011920929
v 1.6000000953674316 0.05999999925494194 2.799999988079071
v 1.6000000953674316 0.05999999925494194 1.400000011920929
v -3.2000000953674315 0.16000000074505805 1.400000011920929
v -3.2000000953674315 0.16000000074505805 2.799999988079071
v -3.2000000953674315 0.05999999925494194 1.400000011920929
v -3.2000000953674315 0.05999999925494194 2.799999988079071
v -3.2000000953674315 0.16000000074505805 1.400000011920929
v 1.6000000953674316 0.16000000074505805 1.400000011920929
v -3.2000000953674315 0.16000000074505805 2.799999988079071
v 1.6000000953674316 0.16000000074505805 2.799999988079071
v -3.2000000953674315 0.05999999925494194 2.799999988079071
v 1.6000000953674316 0.05999999925494194 2.799999988079071
v -3.2000000953674315 0.05999999925494194 1.400000011920929
v 1.6000000953674316 0.05999999925494194 1.400000011920929
v -3.2000000953674315 0.16000000074505805 2.799999988079071
v 1.6000000953674316 0.16000000074505805 2.799999988079071
v -3.2000000953674315 0.05999999925494194 2.799999988079071
v 1.6000000953674316 0.05999999925494194 2.799999988079071
v 1.6000000953674316 0.16000000074505805 1.400000011920929
v -3.2000000953674315 0.16000000074505805 1.400000011920929
v 1.6000000953674316 0.05999999925494194 1.400000011920929
v -3.2000000953674315 0.05999999925494194 1.400000011920929
vt 0 1
vt 1 1
vt 0 0
vt 1 0
vt 0 1
vt 1 1
vt 0 0
vt 1 0
vt 0 1
vt 1 1
vt 0 0
vt 1 0
vt 0 1
vt 1 1
vt 0 0
vt 1 0
vt 0 1
vt 1 1
vt 0 0
vt 1 0
vt 0 1
vt 1 1
vt 0 0
vt 1 0
vn 1 0 0
vn 1 0 0
vn 1 0 0
vn 1 0 0
vn -1 0 0
vn -1 0 0
vn -1 0 0
vn -1 0 0
vn 0 1 0
vn 0 1 0
vn 0 1 0
vn 0 1 0
vn 0 -1 0
vn 0 -1 0
vn 0 -1 0
vn 0 -1 0
vn 0 0 1
vn 0 0 1
vn 0 0 1
vn 0 0 1
vn 0 0 -1
vn 0 0 -1
vn 0 0 -1
vn 0 0 -1
f 641/641/641 643/643/643 642/642/642
f 643/643/643 644/644/644 642/642/642
f 645/645/645 647/647/647 646/646/646
f 647/647/647 648/648/648 646/646/646
f 649/649/649 651/651/651 650/650/650
f 651/651/651 652/652/652 650/650/650
f 653/653/653 655/655/655 654/654/654
f 655/655/655 656/656/656 654/654/654
f 657/657/657 659/659/659 658/658/658
f 659/659/659 660/660/660 658/658/658
f 661/661/661 663/663/663 662/662/662
f 663/663/663 664/664/664 662/662/662
o granary_leg_0
usemtl timber_post
v 2.7225 0.5500000059604645 1.2125000035762787
v 2.7861396110057832 0.5500000059604645 1.1861396110057831
v 2.812500003576279 0.5500000059604645 1.1225
v 2.7861396110057832 0.5500000059604645 1.058860388994217
v 2.7225 0.5500000059604645 1.0324999964237214
v 2.658860388994217 0.5500000059604645 1.058860388994217
v 2.6324999964237215 0.5500000059604645 1.1225
v 2.658860388994217 0.5500000059604645 1.1861396110057831
v 2.7225 0.5500000059604645 1.2125000035762787
v 2.7225 -5.960464455334602e-9 1.2324999994039536
v 2.8002817443013193 -5.960464455334602e-9 1.2002817443013192
v 2.8324999994039537 -5.960464455334602e-9 1.1225
v 2.8002817443013193 -5.960464455334602e-9 1.044718255698681
v 2.7225 -5.960464455334602e-9 1.0125000005960465
v 2.644718255698681 -5.960464455334602e-9 1.044718255698681
v 2.6125000005960466 -5.960464455334602e-9 1.1225
v 2.644718255698681 -5.960464455334602e-9 1.2002817443013192
v 2.7225 -5.960464455334602e-9 1.2324999994039536
v 2.7225 0.5500000059604645 1.1225
v 2.7225 0.5500000059604645 1.1225
v 2.7225 0.5500000059604645 1.1225
v 2.7225 0.5500000059604645 1.1225
v 2.7225 0.5500000059604645 1.1225
v 2.7225 0.5500000059604645 1.1225
v 2.7225 0.5500000059604645 1.1225
v 2.7225 0.5500000059604645 1.1225
v 2.7225 0.5500000059604645 1.2125000035762787
v 2.7861396110057832 0.5500000059604645 1.1861396110057831
v 2.812500003576279 0.5500000059604645 1.1225
v 2.7861396110057832 0.5500000059604645 1.058860388994217
v 2.7225 0.5500000059604645 1.0324999964237214
v 2.658860388994217 0.5500000059604645 1.058860388994217
v 2.6324999964237215 0.5500000059604645 1.1225
v 2.658860388994217 0.5500000059604645 1.1861396110057831
v 2.7225 0.5500000059604645 1.2125000035762787
v 2.7225 -5.960464455334602e-9 1.1225
v 2.7225 -5.960464455334602e-9 1.1225
v 2.7225 -5.960464455334602e-9 1.1225
v 2.7225 -5.960464455334602e-9 1.1225
v 2.7225 -5.960464455334602e-9 1.1225
v 2.7225 -5.960464455334602e-9 1.1225
v 2.7225 -5.960464455334602e-9 1.1225
v 2.7225 -5.960464455334602e-9 1.1225
v 2.7225 -5.960464455334602e-9 1.2324999994039536
v 2.8002817443013193 -5.960464455334602e-9 1.2002817443013192
v 2.8324999994039537 -5.960464455334602e-9 1.1225
v 2.8002817443013193 -5.960464455334602e-9 1.044718255698681
v 2.7225 -5.960464455334602e-9 1.0125000005960465
v 2.644718255698681 -5.960464455334602e-9 1.044718255698681
v 2.6125000005960466 -5.960464455334602e-9 1.1225
v 2.644718255698681 -5.960464455334602e-9 1.2002817443013192
v 2.7225 -5.960464455334602e-9 1.2324999994039536
vt 0 1
vt 0.125 1
vt 0.25 1
vt 0.375 1
vt 0.5 1
vt 0.625 1
vt 0.75 1
vt 0.875 1
vt 1 1
vt 0 0
vt 0.125 0
vt 0.25 0
vt 0.375 0
vt 0.5 0
vt 0.625 0
vt 0.75 0
vt 0.875 0
vt 1 0
vt 0.5 0.5
vt 0.5 0.5
vt 0.5 0.5
vt 0.5 0.5
vt 0.5 0.5
vt 0.5 0.5
vt 0.5 0.5
vt 0.5 0.5
vt 1 0.5
vt 0.8535534143447876 0.8535534143447876
vt 0.5 1
vt 0.1464466154575348 0.8535534143447876
vt 0 0.5
vt 0.1464466154575348 0.1464466154575348
vt 0.5 0
vt 0.8535534143447876 0.1464466154575348
vt 1 0.5
vt 0.5 0.5
vt 0.5 0.5
vt 0.5 0.5
vt 0.5 0.5
vt 0.5 0.5
vt 0.5 0.5
vt 0.5 0.5
vt 0.5 0.5
vt 1 0.5
vt 0.8535534143447876 0.1464466154575348
vt 0.5 0
vt 0.1464466154575348 0.1464466154575348
vt 0 0.5
vt 0.1464466154575348 0.8535534143447876
vt 0.5 1
vt 0.8535534143447876 0.8535534143447876
vt 1 0.5
vn 0 0.03633961743071195 0.9993394979710296
vn 0.7066397356636216 0.03633961973513311 0.7066397356636216
vn 0.9993394979710296 0.03633961743071195 6.119189540011937e-17
vn 0.7066397356636216 0.03633961973513311 -0.7066397356636216
vn 1.2238379080023873e-16 0.03633961743071195 -0.9993394979710296
vn -0.7066397356636216 0.03633961973513311 -0.7066397356636216
vn -0.9993394979710296 0.03633961743071195 -1.835756862003581e-16
vn -0.7066397356636216 0.03633961973513311 0.7066397356636216
vn -2.4476758160047746e-16 0.03633961743071195 0.9993394979710296
vn 0 0.03633961743071195 0.9993394979710296
vn 0.7066397356636216 0.03633961973513311 0.7066397356636216
vn 0.9993394979710296 0.03633961743071195 6.119189540011937e-17
vn 0.7066397356636216 0.03633961973513311 -0.7066397356636216
vn 1.2238379080023873e-16 0.03633961743071195 -0.9993394979710296
vn -0.7066397356636216 0.03633961973513311 -0.7066397356636216
vn -0.9993394979710296 0.03633961743071195 -1.835756862003581e-16
vn -0.7066397356636216 0.03633961973513311 0.7066397356636216
vn -2.4476758160047746e-16 0.03633961743071195 0.9993394979710296
vn 0 1 0
vn 0 1 0
vn 0 1 0
vn 0 1 0
vn 0 1 0
vn 0 1 0
vn 0 1 0
vn 0 1 0
vn 0 1 0
vn 0 1 0
vn 0 1 0
vn 0 1 0
vn 0 1 0
vn 0 1 0
vn 0 1 0
vn 0 1 0
vn 0 1 0
vn 0 -1 0
vn 0 -1 0
vn 0 -1 0
vn 0 -1 0
vn 0 -1 0
vn 0 -1 0
vn 0 -1 0
vn 0 -1 0
vn 0 -1 0
vn 0 -1 0
vn 0 -1 0
vn 0 -1 0
vn 0 -1 0
vn 0 -1 0
vn 0 -1 0
vn 0 -1 0
vn 0 -1 0
f 665/665/665 674/674/674 666/666/666
f 674/674/674 675/675/675 666/666/666
f 666/666/666 675/675/675 667/667/667
f 675/675/675 676/676/676 667/667/667
f 667/667/667 676/676/676 668/668/668
f 676/676/676 677/677/677 668/668/668
f 668/668/668 677/677/677 669/669/669
f 677/677/677 678/678/678 669/669/669
f 669/669/669 678/678/678 670/670/670
f 678/678/678 679/679/679 670/670/670
f 670/670/670 679/679/679 671/671/671
f 679/679/679 680/680/680 671/671/671
f 671/671/671 680/680/680 672/672/672
f 680/680/680 681/681/681 672/672/672
f 672/672/672 681/681/681 673/673/673
f 681/681/681 682/682/682 673/673/673
f 691/691/691 692/692/692 683/683/683
f 692/692/692 693/693/693 684/684/684
f 693/693/693 694/694/694 685/685/685
f 694/694/694 695/695/695 686/686/686
f 695/695/695 696/696/696 687/687/687
f 696/696/696 697/697/697 688/688/688
f 697/697/697 698/698/698 689/689/689
f 698/698/698 699/699/699 690/690/690
f 709/709/709 708/708/708 700/700/700
f 710/710/710 709/709/709 701/701/701
f 711/711/711 710/710/710 702/702/702
f 712/712/712 711/711/711 703/703/703
f 713/713/713 712/712/712 704/704/704
f 714/714/714 713/713/713 705/705/705
f 715/715/715 714/714/714 706/706/706
f 716/716/716 715/715/715 707/707/707
o granary_leg_1
usemtl timber_post
v 1.6775000000000002 0.5500000059604645 1.2125000035762787
v 1.7411396110057833 0.5500000059604645 1.1861396110057831
v 1.767500003576279 0.5500000059604645 1.1225
v 1.7411396110057833 0.5500000059604645 1.058860388994217
v 1.6775000000000002 0.5500000059604645 1.0324999964237214
v 1.6138603889942171 0.5500000059604645 1.058860388994217
v 1.5874999964237215 0.5500000059604645 1.1225
v 1.6138603889942171 0.5500000059604645 1.1861396110057831
v 1.6775000000000002 0.5500000059604645 1.2125000035762787
v 1.6775000000000002 -5.960464455334602e-9 1.2324999994039536
v 1.7552817443013193 -5.960464455334602e-9 1.2002817443013192
v 1.7874999994039538 -5.960464455334602e-9 1.1225
v 1.7552817443013193 -5.960464455334602e-9 1.044718255698681
v 1.6775000000000002 -5.960464455334602e-9 1.0125000005960465
v 1.599718255698681 -5.960464455334602e-9 1.044718255698681
v 1.5675000005960467 -5.960464455334602e-9 1.1225
v 1.599718255698681 -5.960464455334602e-9 1.2002817443013192
v 1.6775000000000002 -5.960464455334602e-9 1.2324999994039536
v 1.6775000000000002 0.5500000059604645 1.1225
v 1.6775000000000002 0.5500000059604645 1.1225
v 1.6775000000000002 0.5500000059604645 1.1225
v 1.6775000000000002 0.5500000059604645 1.1225
v 1.6775000000000002 0.5500000059604645 1.1225
v 1.6775000000000002 0.5500000059604645 1.1225
v 1.6775000000000002 0.5500000059604645 1.1225
v 1.6775000000000002 0.5500000059604645 1.1225
v 1.6775000000000002 0.5500000059604645 1.2125000035762787
v 1.7411396110057833 0.5500000059604645 1.1861396110057831
v 1.767500003576279 0.5500000059604645 1.1225
v 1.7411396110057833 0.5500000059604645 1.058860388994217
v 1.6775000000000002 0.5500000059604645 1.0324999964237214
v 1.6138603889942171 0.5500000059604645 1.058860388994217
v 1.5874999964237215 0.5500000059604645 1.1225
v 1.6138603889942171 0.5500000059604645 1.1861396110057831
v 1.6775000000000002 0.5500000059604645 1.2125000035762787
v 1.6775000000000002 -5.960464455334602e-9 1.1225
v 1.6775000000000002 -5.960464455334602e-9 1.1225
v 1.6775000000000002 -5.960464455334602e-9 1.1225
v 1.6775000000000002 -5.960464455334602e-9 1.1225
v 1.6775000000000002 -5.960464455334602e-9 1.1225
v 1.6775000000000002 -5.960464455334602e-9 1.1225
v 1.6775000000000002 -5.960464455334602e-9 1.1225
v 1.6775000000000002 -5.960464455334602e-9 1.1225
v 1.6775000000000002 -5.960464455334602e-9 1.2324999994039536
v 1.7552817443013193 -5.960464455334602e-9 1.2002817443013192
v 1.7874999994039538 -5.960464455334602e-9 1.1225
v 1.7552817443013193 -5.960464455334602e-9 1.044718255698681
v 1.6775000000000002 -5.960464455334602e-9 1.0125000005960465
v 1.599718255698681 -5.960464455334602e-9 1.044718255698681
v 1.5675000005960467 -5.960464455334602e-9 1.1225
v 1.599718255698681 -5.960464455334602e-9 1.2002817443013192
v 1.6775000000000002 -5.960464455334602e-9 1.2324999994039536
vt 0 1
vt 0.125 1
vt 0.25 1
vt 0.375 1
vt 0.5 1
vt 0.625 1
vt 0.75 1
vt 0.875 1
vt 1 1
vt 0 0
vt 0.125 0
vt 0.25 0
vt 0.375 0
vt 0.5 0
vt 0.625 0
vt 0.75 0
vt 0.875 0
vt 1 0
vt 0.5 0.5
vt 0.5 0.5
vt 0.5 0.5
vt 0.5 0.5
vt 0.5 0.5
vt 0.5 0.5
vt 0.5 0.5
vt 0.5 0.5
vt 1 0.5
vt 0.8535534143447876 0.8535534143447876
vt 0.5 1
vt 0.1464466154575348 0.8535534143447876
vt 0 0.5
vt 0.1464466154575348 0.1464466154575348
vt 0.5 0
vt 0.8535534143447876 0.1464466154575348
vt 1 0.5
vt 0.5 0.5
vt 0.5 0.5
vt 0.5 0.5
vt 0.5 0.5
vt 0.5 0.5
vt 0.5 0.5
vt 0.5 0.5
vt 0.5 0.5
vt 1 0.5
vt 0.8535534143447876 0.1464466154575348
vt 0.5 0
vt 0.1464466154575348 0.1464466154575348
vt 0 0.5
vt 0.1464466154575348 0.8535534143447876
vt 0.5 1
vt 0.8535534143447876 0.8535534143447876
vt 1 0.5
vn 0 0.03633961743071195 0.9993394979710296
vn 0.7066397356636216 0.03633961973513311 0.7066397356636216
vn 0.9993394979710296 0.03633961743071195 6.119189540011937e-17
vn 0.7066397356636216 0.03633961973513311 -0.7066397356636216
vn 1.2238379080023873e-16 0.03633961743071195 -0.9993394979710296
vn -0.7066397356636216 0.03633961973513311 -0.7066397356636216
vn -0.9993394979710296 0.03633961743071195 -1.835756862003581e-16
vn -0.7066397356636216 0.03633961973513311 0.7066397356636216
vn -2.4476758160047746e-16 0.03633961743071195 0.9993394979710296
vn 0 0.03633961743071195 0.9993394979710296
vn 0.7066397356636216 0.03633961973513311 0.7066397356636216
vn 0.9993394979710296 0.03633961743071195 6.119189540011937e-17
vn 0.7066397356636216 0.03633961973513311 -0.7066397356636216
vn 1.2238379080023873e-16 0.03633961743071195 -0.9993394979710296
vn -0.7066397356636216 0.03633961973513311 -0.7066397356636216
vn -0.9993394979710296 0.03633961743071195 -1.835756862003581e-16
vn -0.7066397356636216 0.03633961973513311 0.7066397356636216
vn -2.4476758160047746e-16 0.03633961743071195 0.9993394979710296
vn 0 1 0
vn 0 1 0
vn 0 1 0
vn 0 1 0
vn 0 1 0
vn 0 1 0
vn 0 1 0
vn 0 1 0
vn 0 1 0
vn 0 1 0
vn 0 1 0
vn 0 1 0
vn 0 1 0
vn 0 1 0
vn 0 1 0
vn 0 1 0
vn 0 1 0
vn 0 -1 0
vn 0 -1 0
vn 0 -1 0
vn 0 -1 0
vn 0 -1 0
vn 0 -1 0
vn 0 -1 0
vn 0 -1 0
vn 0 -1 0
vn 0 -1 0
vn 0 -1 0
vn 0 -1 0
vn 0 -1 0
vn 0 -1 0
vn 0 -1 0
vn 0 -1 0
vn 0 -1 0
f 717/717/717 726/726/726 718/718/718
f 726/726/726 727/727/727 718/718/718
f 718/718/718 727/727/727 719/719/719
f 727/727/727 728/728/728 719/719/719
f 719/719/719 728/728/728 720/720/720
f 728/728/728 729/729/729 720/720/720
f 720/720/720 729/729/729 721/721/721
f 729/729/729 730/730/730 721/721/721
f 721/721/721 730/730/730 722/722/722
f 730/730/730 731/731/731 722/722/722
f 722/722/722 731/731/731 723/723/723
f 731/731/731 732/732/732 723/723/723
f 723/723/723 732/732/732 724/724/724
f 732/732/732 733/733/733 724/724/724
f 724/724/724 733/733/733 725/725/725
f 733/733/733 734/734/734 725/725/725
f 743/743/743 744/744/744 735/735/735
f 744/744/744 745/745/745 736/736/736
f 745/745/745 746/746/746 737/737/737
f 746/746/746 747/747/747 738/738/738
f 747/747/747 748/748/748 739/739/739
f 748/748/748 749/749/749 740/740/740
f 749/749/749 750/750/750 741/741/741
f 750/750/750 751/751/751 742/742/742
f 761/761/761 760/760/760 752/752/752
f 762/762/762 761/761/761 753/753/753
f 763/763/763 762/762/762 754/754/754
f 764/764/764 763/763/763 755/755/755
f 765/765/765 764/764/764 756/756/756
f 766/766/766 765/765/765 757/757/757
f 767/767/767 766/766/766 758/758/758
f 768/768/768 767/767/767 759/759/759
o granary_leg_2
usemtl timber_post
v 2.7225 0.5500000059604645 0.1675000035762787
v 2.7861396110057832 0.5500000059604645 0.1411396110057831
v 2.812500003576279 0.5500000059604645 0.07750000000000001
v 2.7861396110057832 0.5500000059604645 0.013860388994216932
v 2.7225 0.5500000059604645 -0.012500003576278673
v 2.658860388994217 0.5500000059604645 0.013860388994216932
v 2.6324999964237215 0.5500000059604645 0.0775
v 2.658860388994217 0.5500000059604645 0.1411396110057831
v 2.7225 0.5500000059604645 0.1675000035762787
v 2.7225 -5.960464455334602e-9 0.18749999940395357
v 2.8002817443013193 -5.960464455334602e-9 0.15528174430131914
v 2.8324999994039537 -5.960464455334602e-9 0.07750000000000001
v 2.8002817443013193 -5.960464455334602e-9 -0.000281744301319109
v 2.7225 -5.960464455334602e-9 -0.03249999940395354
v 2.644718255698681 -5.960464455334602e-9 -0.000281744301319109
v 2.6125000005960466 -5.960464455334602e-9 0.0775
v 2.644718255698681 -5.960464455334602e-9 0.15528174430131914
v 2.7225 -5.960464455334602e-9 0.18749999940395357
v 2.7225 0.5500000059604645 0.07750000000000001
v 2.7225 0.5500000059604645 0.07750000000000001
v 2.7225 0.5500000059604645 0.07750000000000001
v 2.7225 0.5500000059604645 0.07750000000000001
v 2.7225 0.5500000059604645 0.07750000000000001
v 2.7225 0.5500000059604645 0.07750000000000001
v 2.7225 0.5500000059604645 0.07750000000000001
v 2.7225 0.5500000059604645 0.07750000000000001
v 2.7225 0.5500000059604645 0.1675000035762787
v 2.7861396110057832 0.5500000059604645 0.1411396110057831
v 2.812500003576279 0.5500000059604645 0.07750000000000001
v 2.7861396110057832 0.5500000059604645 0.013860388994216932
v 2.7225 0.5500000059604645 -0.012500003576278673
v 2.658860388994217 0.5500000059604645 0.013860388994216932
v 2.6324999964237215 0.5500000059604645 0.0775
v 2.658860388994217 0.5500000059604645 0.1411396110057831
v 2.7225 0.5500000059604645 0.1675000035762787
v 2.7225 -5.960464455334602e-9 0.07750000000000001
v 2.7225 -5.960464455334602e-9 0.07750000000000001
v 2.7225 -5.960464455334602e-9 0.07750000000000001
v 2.7225 -5.960464455334602e-9 0.07750000000000001
v 2.7225 -5.960464455334602e-9 0.07750000000000001
v 2.7225 -5.960464455334602e-9 0.07750000000000001
v 2.7225 -5.960464455334602e-9 0.07750000000000001
v 2.7225 -5.960464455334602e-9 0.07750000000000001
v 2.7225 -5.960464455334602e-9 0.18749999940395357
v 2.8002817443013193 -5.960464455334602e-9 0.15528174430131914
v 2.8324999994039537 -5.960464455334602e-9 0.07750000000000001
v 2.8002817443013193 -5.960464455334602e-9 -0.000281744301319109
v 2.7225 -5.960464455334602e-9 -0.03249999940395354
v 2.644718255698681 -5.960464455334602e-9 -0.000281744301319109
v 2.6125000005960466 -5.960464455334602e-9 0.0775
v 2.644718255698681 -5.960464455334602e-9 0.15528174430131914
v 2.7225 -5.960464455334602e-9 0.18749999940395357
vt 0 1
vt 0.125 1
vt 0.25 1
vt 0.375 1
vt 0.5 1
vt 0.625 1
vt 0.75 1
vt 0.875 1
vt 1 1
vt 0 0
vt 0.125 0
vt 0.25 0
vt 0.375 0
vt 0.5 0
vt 0.625 0
vt 0.75 0
vt 0.875 0
vt 1 0
vt 0.5 0.5
vt 0.5 0.5
vt 0.5 0.5
vt 0.5 0.5
vt 0.5 0.5
vt 0.5 0.5
vt 0.5 0.5
vt 0.5 0.5
vt 1 0.5
vt 0.8535534143447876 0.8535534143447876
vt 0.5 1
vt 0.1464466154575348 0.8535534143447876
vt 0 0.5
vt 0.1464466154575348 0.1464466154575348
vt 0.5 0
vt 0.8535534143447876 0.1464466154575348
vt 1 0.5
vt 0.5 0.5
vt 0.5 0.5
vt 0.5 0.5
vt 0.5 0.5
vt 0.5 0.5
vt 0.5 0.5
vt 0.5 0.5
vt 0.5 0.5
vt 1 0.5
vt 0.8535534143447876 0.1464466154575348
vt 0.5 0
vt 0.1464466154575348 0.1464466154575348
vt 0 0.5
vt 0.1464466154575348 0.8535534143447876
vt 0.5 1
vt 0.8535534143447876 0.8535534143447876
vt 1 0.5
vn 0 0.03633961743071195 0.9993394979710296
vn 0.7066397356636216 0.03633961973513311 0.7066397356636216
vn 0.9993394979710296 0.03633961743071195 6.119189540011937e-17
vn 0.7066397356636216 0.03633961973513311 -0.7066397356636216
vn 1.2238379080023873e-16 0.03633961743071195 -0.9993394979710296
vn -0.7066397356636216 0.03633961973513311 -0.7066397356636216
vn -0.9993394979710296 0.03633961743071195 -1.835756862003581e-16
vn -0.7066397356636216 0.03633961973513311 0.7066397356636216
vn -2.4476758160047746e-16 0.03633961743071195 0.9993394979710296
vn 0 0.03633961743071195 0.9993394979710296
vn 0.7066397356636216 0.03633961973513311 0.7066397356636216
vn 0.9993394979710296 0.03633961743071195 6.119189540011937e-17
vn 0.7066397356636216 0.03633961973513311 -0.7066397356636216
vn 1.2238379080023873e-16 0.03633961743071195 -0.9993394979710296
vn -0.7066397356636216 0.03633961973513311 -0.7066397356636216
vn -0.9993394979710296 0.03633961743071195 -1.835756862003581e-16
vn -0.7066397356636216 0.03633961973513311 0.7066397356636216
vn -2.4476758160047746e-16 0.03633961743071195 0.9993394979710296
vn 0 1 0
vn 0 1 0
vn 0 1 0
vn 0 1 0
vn 0 1 0
vn 0 1 0
vn 0 1 0
vn 0 1 0
vn 0 1 0
vn 0 1 0
vn 0 1 0
vn 0 1 0
vn 0 1 0
vn 0 1 0
vn 0 1 0
vn 0 1 0
vn 0 1 0
vn 0 -1 0
vn 0 -1 0
vn 0 -1 0
vn 0 -1 0
vn 0 -1 0
vn 0 -1 0
vn 0 -1 0
vn 0 -1 0
vn 0 -1 0
vn 0 -1 0
vn 0 -1 0
vn 0 -1 0
vn 0 -1 0
vn 0 -1 0
vn 0 -1 0
vn 0 -1 0
vn 0 -1 0
f 769/769/769 778/778/778 770/770/770
f 778/778/778 779/779/779 770/770/770
f 770/770/770 779/779/779 771/771/771
f 779/779/779 780/780/780 771/771/771
f 771/771/771 780/780/780 772/772/772
f 780/780/780 781/781/781 772/772/772
f 772/772/772 781/781/781 773/773/773
f 781/781/781 782/782/782 773/773/773
f 773/773/773 782/782/782 774/774/774
f 782/782/782 783/783/783 774/774/774
f 774/774/774 783/783/783 775/775/775
f 783/783/783 784/784/784 775/775/775
f 775/775/775 784/784/784 776/776/776
f 784/784/784 785/785/785 776/776/776
f 776/776/776 785/785/785 777/777/777
f 785/785/785 786/786/786 777/777/777
f 795/795/795 796/796/796 787/787/787
f 796/796/796 797/797/797 788/788/788
f 797/797/797 798/798/798 789/789/789
f 798/798/798 799/799/799 790/790/790
f 799/799/799 800/800/800 791/791/791
f 800/800/800 801/801/801 792/792/792
f 801/801/801 802/802/802 793/793/793
f 802/802/802 803/803/803 794/794/794
f 813/813/813 812/812/812 804/804/804
f 814/814/814 813/813/813 805/805/805
f 815/815/815 814/814/814 806/806/806
f 816/816/816 815/815/815 807/807/807
f 817/817/817 816/816/816 808/808/808
f 818/818/818 817/817/817 809/809/809
f 819/819/819 818/818/818 810/810/810
f 820/820/820 819/819/819 811/811/811
o granary_leg_3
usemtl timber_post
v 1.6775000000000002 0.5500000059604645 0.1675000035762787
v 1.7411396110057833 0.5500000059604645 0.1411396110057831
v 1.767500003576279 0.5500000059604645 0.07750000000000001
v 1.7411396110057833 0.5500000059604645 0.013860388994216932
v 1.6775000000000002 0.5500000059604645 -0.012500003576278673
v 1.6138603889942171 0.5500000059604645 0.013860388994216932
v 1.5874999964237215 0.5500000059604645 0.0775
v 1.6138603889942171 0.5500000059604645 0.1411396110057831
v 1.6775000000000002 0.5500000059604645 0.1675000035762787
v 1.6775000000000002 -5.960464455334602e-9 0.18749999940395357
v 1.7552817443013193 -5.960464455334602e-9 0.15528174430131914
v 1.7874999994039538 -5.960464455334602e-9 0.07750000000000001
v 1.7552817443013193 -5.960464455334602e-9 -0.000281744301319109
v 1.6775000000000002 -5.960464455334602e-9 -0.03249999940395354
v 1.599718255698681 -5.960464455334602e-9 -0.000281744301319109
v 1.5675000005960467 -5.960464455334602e-9 0.0775
v 1.599718255698681 -5.960464455334602e-9 0.15528174430131914
v 1.6775000000000002 -5.960464455334602e-9 0.18749999940395357
v 1.6775000000000002 0.5500000059604645 0.07750000000000001
v 1.6775000000000002 0.5500000059604645 0.07750000000000001
v 1.6775000000000002 0.5500000059604645 0.07750000000000001
v 1.6775000000000002 0.5500000059604645 0.07750000000000001
v 1.6775000000000002 0.5500000059604645 0.07750000000000001
v 1.6775000000000002 0.5500000059604645 0.07750000000000001
v 1.6775000000000002 0.5500000059604645 0.07750000000000001
v 1.6775000000000002 0.5500000059604645 0.07750000000000001
v 1.6775000000000002 0.5500000059604645 0.1675000035762787
v 1.7411396110057833 0.5500000059604645 0.1411396110057831
v 1.767500003576279 0.5500000059604645 0.07750000000000001
v 1.7411396110057833 0.5500000059604645 0.013860388994216932
v 1.6775000000000002 0.5500000059604645 -0.012500003576278673
v 1.6138603889942171 0.5500000059604645 0.013860388994216932
v 1.5874999964237215 0.5500000059604645 0.0775
v 1.6138603889942171 0.5500000059604645 0.1411396110057831
v 1.6775000000000002 0.5500000059604645 0.1675000035762787
v 1.6775000000000002 -5.960464455334602e-9 0.07750000000000001
v 1.6775000000000002 -5.960464455334602e-9 0.07750000000000001
v 1.6775000000000002 -5.960464455334602e-9 0.07750000000000001
v 1.6775000000000002 -5.960464455334602e-9 0.07750000000000001
v 1.6775000000000002 -5.960464455334602e-9 0.07750000000000001
v 1.6775000000000002 -5.960464455334602e-9 0.07750000000000001
v 1.6775000000000002 -5.960464455334602e-9 0.07750000000000001
v 1.6775000000000002 -5.960464455334602e-9 0.07750000000000001
v 1.6775000000000002 -5.960464455334602e-9 0.18749999940395357
v 1.7552817443013193 -5.960464455334602e-9 0.15528174430131914
v 1.7874999994039538 -5.960464455334602e-9 0.07750000000000001
v 1.7552817443013193 -5.960464455334602e-9 -0.000281744301319109
v 1.6775000000000002 -5.960464455334602e-9 -0.03249999940395354
v 1.599718255698681 -5.960464455334602e-9 -0.000281744301319109
v 1.5675000005960467 -5.960464455334602e-9 0.0775
v 1.599718255698681 -5.960464455334602e-9 0.15528174430131914
v 1.6775000000000002 -5.960464455334602e-9 0.18749999940395357
vt 0 1
vt 0.125 1
vt 0.25 1
vt 0.375 1
vt 0.5 1
vt 0.625 1
vt 0.75 1
vt 0.875 1
vt 1 1
vt 0 0
vt 0.125 0
vt 0.25 0
vt 0.375 0
vt 0.5 0
vt 0.625 0
vt 0.75 0
vt 0.875 0
vt 1 0
vt 0.5 0.5
vt 0.5 0.5
vt 0.5 0.5
vt 0.5 0.5
vt 0.5 0.5
vt 0.5 0.5
vt 0.5 0.5
vt 0.5 0.5
vt 1 0.5
vt 0.8535534143447876 0.8535534143447876
vt 0.5 1
vt 0.1464466154575348 0.8535534143447876
vt 0 0.5
vt 0.1464466154575348 0.1464466154575348
vt 0.5 0
vt 0.8535534143447876 0.1464466154575348
vt 1 0.5
vt 0.5 0.5
vt 0.5 0.5
vt 0.5 0.5
vt 0.5 0.5
vt 0.5 0.5
vt 0.5 0.5
vt 0.5 0.5
vt 0.5 0.5
vt 1 0.5
vt 0.8535534143447876 0.1464466154575348
vt 0.5 0
vt 0.1464466154575348 0.1464466154575348
vt 0 0.5
vt 0.1464466154575348 0.8535534143447876
vt 0.5 1
vt 0.8535534143447876 0.8535534143447876
vt 1 0.5
vn 0 0.03633961743071195 0.9993394979710296
vn 0.7066397356636216 0.03633961973513311 0.7066397356636216
vn 0.9993394979710296 0.03633961743071195 6.119189540011937e-17
vn 0.7066397356636216 0.03633961973513311 -0.7066397356636216
vn 1.2238379080023873e-16 0.03633961743071195 -0.9993394979710296
vn -0.7066397356636216 0.03633961973513311 -0.7066397356636216
vn -0.9993394979710296 0.03633961743071195 -1.835756862003581e-16
vn -0.7066397356636216 0.03633961973513311 0.7066397356636216
vn -2.4476758160047746e-16 0.03633961743071195 0.9993394979710296
vn 0 0.03633961743071195 0.9993394979710296
vn 0.7066397356636216 0.03633961973513311 0.7066397356636216
vn 0.9993394979710296 0.03633961743071195 6.119189540011937e-17
vn 0.7066397356636216 0.03633961973513311 -0.7066397356636216
vn 1.2238379080023873e-16 0.03633961743071195 -0.9993394979710296
vn -0.7066397356636216 0.03633961973513311 -0.7066397356636216
vn -0.9993394979710296 0.03633961743071195 -1.835756862003581e-16
vn -0.7066397356636216 0.03633961973513311 0.7066397356636216
vn -2.4476758160047746e-16 0.03633961743071195 0.9993394979710296
vn 0 1 0
vn 0 1 0
vn 0 1 0
vn 0 1 0
vn 0 1 0
vn 0 1 0
vn 0 1 0
vn 0 1 0
vn 0 1 0
vn 0 1 0
vn 0 1 0
vn 0 1 0
vn 0 1 0
vn 0 1 0
vn 0 1 0
vn 0 1 0
vn 0 1 0
vn 0 -1 0
vn 0 -1 0
vn 0 -1 0
vn 0 -1 0
vn 0 -1 0
vn 0 -1 0
vn 0 -1 0
vn 0 -1 0
vn 0 -1 0
vn 0 -1 0
vn 0 -1 0
vn 0 -1 0
vn 0 -1 0
vn 0 -1 0
vn 0 -1 0
vn 0 -1 0
vn 0 -1 0
f 821/821/821 830/830/830 822/822/822
f 830/830/830 831/831/831 822/822/822
f 822/822/822 831/831/831 823/823/823
f 831/831/831 832/832/832 823/823/823
f 823/823/823 832/832/832 824/824/824
f 832/832/832 833/833/833 824/824/824
f 824/824/824 833/833/833 825/825/825
f 833/833/833 834/834/834 825/825/825
f 825/825/825 834/834/834 826/826/826
f 834/834/834 835/835/835 826/826/826
f 826/826/826 835/835/835 827/827/827
f 835/835/835 836/836/836 827/827/827
f 827/827/827 836/836/836 828/828/828
f 836/836/836 837/837/837 828/828/828
f 828/828/828 837/837/837 829/829/829
f 837/837/837 838/838/838 829/829/829
f 847/847/847 848/848/848 839/839/839
f 848/848/848 849/849/849 840/840/840
f 849/849/849 850/850/850 841/841/841
f 850/850/850 851/851/851 842/842/842
f 851/851/851 852/852/852 843/843/843
f 852/852/852 853/853/853 844/844/844
f 853/853/853 854/854/854 845/845/845
f 854/854/854 855/855/855 846/846/846
f 865/865/865 864/864/864 856/856/856
f 866/866/866 865/865/865 857/857/857
f 867/867/867 866/866/866 858/858/858
f 868/868/868 867/867/867 859/859/859
f 869/869/869 868/868/868 860/860/860
f 870/870/870 869/869/869 861/861/861
f 871/871/871 870/870/870 862/862/862
f 872/872/872 871/871/871 863/863/863
o granary_floor
usemtl timber_post
v 2.2 0.6699999986588956 1.5975000023841859
v 2.5082444667816164 0.6699999986588956 1.5486788511276246
v 2.7863158106803896 0.6699999986588956 1.4069944381713868
v 3.006994438171387 0.6699999986588956 1.1863158106803895
v 3.1486788511276247 0.6699999986588956 0.9082444667816162
v 3.197500002384186 0.6699999986588956 0.6000000000000001
v 3.1486788511276247 0.6699999986588956 0.29175553321838377
v 3.006994438171387 0.6699999986588956 0.013684189319610573
v 2.7863158106803896 0.6699999986588956 -0.20699443817138674
v 2.5082444667816164 0.6699999986588956 -0.34867885112762453
v 2.2 0.6699999986588956 -0.3975000023841858
v 1.891755533218384 0.6699999986588956 -0.34867885112762453
v 1.6136841893196108 0.6699999986588956 -0.20699443817138674
v 1.3930055618286135 0.6699999986588956 0.013684189319610573
v 1.2513211488723757 0.6699999986588956 0.29175553321838377
v 1.2024999976158144 0.6699999986588956 0.5999999999999998
v 1.2513211488723757 0.6699999986588956 0.9082444667816162
v 1.3930055618286135 0.6699999986588956 1.1863158106803895
v 1.6136841893196108 0.6699999986588956 1.4069944381713868
v 1.891755533218384 0.6699999986588956 1.5486788511276246
v 2.1999999999999997 0.6699999986588956 1.5975000023841859
v 2.2 0.5500000013411046 1.5975000023841859
v 2.5082444667816164 0.5500000013411046 1.5486788511276246
v 2.7863158106803896 0.5500000013411046 1.4069944381713868
v 3.006994438171387 0.5500000013411046 1.1863158106803895
v 3.1486788511276247 0.5500000013411046 0.9082444667816162
v 3.197500002384186 0.5500000013411046 0.6000000000000001
v 3.1486788511276247 0.5500000013411046 0.29175553321838377
v 3.006994438171387 0.5500000013411046 0.013684189319610573
v 2.7863158106803896 0.5500000013411046 -0.20699443817138674
v 2.5082444667816164 0.5500000013411046 -0.34867885112762453
v 2.2 0.5500000013411046 -0.3975000023841858
v 1.891755533218384 0.5500000013411046 -0.34867885112762453
v 1.6136841893196108 0.5500000013411046 -0.20699443817138674
v 1.3930055618286135 0.5500000013411046 0.013684189319610573
v 1.2513211488723757 0.5500000013411046 0.29175553321838377
v 1.2024999976158144 0.5500000013411046 0.5999999999999998
v 1.2513211488723757 0.5500000013411046 0.9082444667816162
v 1.3930055618286135 0.5500000013411046 1.1863158106803895
v 1.6136841893196108 0.5500000013411046 1.4069944381713868
v 1.891755533218384 0.5500000013411046 1.5486788511276246
v 2.1999999999999997 0.5500000013411046 1.5975000023841859
v 2.2 0.6699999986588956 0.6
v 2.2 0.6699999986588956 0.6
v 2.2 0.6699999986588956 0.6
v 2.2 0.6699999986588956 0.6
v 2.2 0.6699999986588956 0.6
v 2.2 0.6699999986588956 0.6
v 2.2 0.6699999986588956 0.6
v 2.2 0.6699999986588956 0.6
v 2.2 0.6699999986588956 0.6
v 2.2 0.6699999986588956 0.6
v 2.2 0.6699999986588956 0.6
v 2.2 0.6699999986588956 0.6
v 2.2 0.6699999986588956 0.6
v 2.2 0.6699999986588956 0.6
v 2.2 0.6699999986588956 0.6
v 2.2 0.6699999986588956 0.6
v 2.2 0.6699999986588956 0.6
v 2.2 0.6699999986588956 0.6
v 2.2 0.6699999986588956 0.6
v 2.2 0.6699999986588956 0.6
v 2.2 0.6699999986588956 1.5975000023841859
v 2.5082444667816164 0.6699999986588956 1.5486788511276246
v 2.7863158106803896 0.6699999986588956 1.4069944381713868
v 3.006994438171387 0.6699999986588956 1.1863158106803895
v 3.1486788511276247 0.6699999986588956 0.9082444667816162
v 3.197500002384186 0.6699999986588956 0.6000000000000001
v 3.1486788511276247 0.6699999986588956 0.29175553321838377
v 3.006994438171387 0.6699999986588956 0.013684189319610573
v 2.7863158106803896 0.6699999986588956 -0.20699443817138674
v 2.5082444667816164 0.6699999986588956 -0.34867885112762453
v 2.2 0.6699999986588956 -0.3975000023841858
v 1.891755533218384 0.6699999986588956 -0.34867885112762453
v 1.6136841893196108 0.6699999986588956 -0.20699443817138674
v 1.3930055618286135 0.6699999986588956 0.013684189319610573
v 1.2513211488723757 0.6699999986588956 0.29175553321838377
v 1.2024999976158144 0.6699999986588956 0.5999999999999998
v 1.2513211488723757 0.6699999986588956 0.9082444667816162
v 1.3930055618286135 0.6699999986588956 1.1863158106803895
v 1.6136841893196108 0.6699999986588956 1.4069944381713868
v 1.891755533218384 0.6699999986588956 1.5486788511276246
v 2.1999999999999997 0.6699999986588956 1.5975000023841859
v 2.2 0.5500000013411046 0.6
v 2.2 0.5500000013411046 0.6
v 2.2 0.5500000013411046 0.6
v 2.2 0.5500000013411046 0.6
v 2.2 0.5500000013411046 0.6
v 2.2 0.5500000013411046 0.6
v 2.2 0.5500000013411046 0.6
v 2.2 0.5500000013411046 0.6
v 2.2 0.5500000013411046 0.6
v 2.2 0.5500000013411046 0.6
v 2.2 0.5500000013411046 0.6
v 2.2 0.5500000013411046 0.6
v 2.2 0.5500000013411046 0.6
v 2.2 0.5500000013411046 0.6
v 2.2 0.5500000013411046 0.6
v 2.2 0.5500000013411046 0.6
v 2.2 0.5500000013411046 0.6
v 2.2 0.5500000013411046 0.6
v 2.2 0.5500000013411046 0.6
v 2.2 0.5500000013411046 0.6
v 2.2 0.5500000013411046 1.5975000023841859
v 2.5082444667816164 0.5500000013411046 1.5486788511276246
v 2.7863158106803896 0.5500000013411046 1.4069944381713868
v 3.006994438171387 0.5500000013411046 1.1863158106803895
v 3.1486788511276247 0.5500000013411046 0.9082444667816162
v 3.197500002384186 0.5500000013411046 0.6000000000000001
v 3.1486788511276247 0.5500000013411046 0.29175553321838377
v 3.006994438171387 0.5500000013411046 0.013684189319610573
v 2.7863158106803896 0.5500000013411046 -0.20699443817138674
v 2.5082444667816164 0.5500000013411046 -0.34867885112762453
v 2.2 0.5500000013411046 -0.3975000023841858
v 1.891755533218384 0.5500000013411046 -0.34867885112762453
v 1.6136841893196108 0.5500000013411046 -0.20699443817138674
v 1.3930055618286135 0.5500000013411046 0.013684189319610573
v 1.2513211488723757 0.5500000013411046 0.29175553321838377
v 1.2024999976158144 0.5500000013411046 0.5999999999999998
v 1.2513211488723757 0.5500000013411046 0.9082444667816162
v 1.3930055618286135 0.5500000013411046 1.1863158106803895
v 1.6136841893196108 0.5500000013411046 1.4069944381713868
v 1.891755533218384 0.5500000013411046 1.5486788511276246
v 2.1999999999999997 0.5500000013411046 1.5975000023841859
vt 0 1
vt 0.05000000074505806 1
vt 0.10000000149011612 1
vt 0.15000000596046448 1
vt 0.20000000298023224 1
vt 0.25 1
vt 0.30000001192092896 1
vt 0.3499999940395355 1
vt 0.4000000059604645 1
vt 0.44999998807907104 1
vt 0.5 1
vt 0.550000011920929 1
vt 0.6000000238418579 1
vt 0.6499999761581421 1
vt 0.699999988079071 1
vt 0.75 1
vt 0.800000011920929 1
vt 0.8500000238418579 1
vt 0.8999999761581421 1
vt 0.949999988079071 1
vt 1 1
vt 0 0
vt 0.05000000074505806 0
vt 0.10000000149011612 0
vt 0.15000000596046448 0
vt 0.20000000298023224 0
vt 0.25 0
vt 0.30000001192092896 0
vt 0.3499999940395355 0
vt 0.4000000059604645 0
vt 0.44999998807907104 0
vt 0.5 0
vt 0.550000011920929 0
vt 0.6000000238418579 0
vt 0.6499999761581421 0
vt 0.699999988079071 0
vt 0.75 0
vt 0.800000011920929 0
vt 0.8500000238418579 0
vt 0.8999999761581421 0
vt 0.949999988079071 0
vt 1 0
vt 0.5 0.5
vt 0.5 0.5
vt 0.5 0.5
vt 0.5 0.5
vt 0.5 0.5
vt 0.5 0.5
vt 0.5 0.5
vt 0.5 0.5
vt 0.5 0.5
vt 0.5 0.5
vt 0.5 0.5
vt 0.5 0.5
vt 0.5 0.5
vt 0.5 0.5
vt 0.5 0.5
vt 0.5 0.5
vt 0.5 0.5
vt 0.5 0.5
vt 0.5 0.5
vt 0.5 0.5
vt 1 0.5
vt 0.9755282402038574 0.6545084714889526
vt 0.9045084714889526 0.7938926219940186
vt 0.7938926219940186 0.9045084714889526
vt 0.6545084714889526 0.9755282402038574
vt 0.5 1
vt 0.345491498708725 0.9755282402038574
vt 0.20610737800598145 0.9045084714889526
vt 0.09549150615930557 0.7938926219940186
vt 0.024471741169691086 0.6545084714889526
vt 0 0.5
vt 0.024471741169691086 0.345491498708725
vt 0.09549150615930557 0.20610737800598145
vt 0.20610737800598145 0.09549150615930557
vt 0.345491498708725 0.024471741169691086
vt 0.5 0
vt 0.6545084714889526 0.024471741169691086
vt 0.7938926219940186 0.09549150615930557
vt 0.9045084714889526 0.20610737800598145
vt 0.9755282402038574 0.345491498708725
vt 1 0.5
vt 0.5 0.5
vt 0.5 0.5
vt 0.5 0.5
vt 0.5 0.5
vt 0.5 0.5
vt 0.5 0.5
vt 0.5 0.5
vt 0.5 0.5
vt 0.5 0.5
vt 0.5 0.5
vt 0.5 0.5
vt 0.5 0.5
vt 0.5 0.5
vt 0.5 0.5
vt 0.5 0.5
vt 0.5 0.5
vt 0.5 0.5
vt 0.5 0.5
vt 0.5 0.5
vt 0.5 0.5
vt 1 0.5
vt 0.9755282402038574 0.345491498708725
vt 0.9045084714889526 0.20610737800598145
vt 0.7938926219940186 0.09549150615930557
vt 0.6545084714889526 0.024471741169691086
vt 0.5 0
vt 0.345491498708725 0.024471741169691086
vt 0.20610737800598145 0.09549150615930557
vt 0.09549150615930557 0.20610737800598145
vt 0.024471741169691086 0.345491498708725
vt 0 0.5
vt 0.024471741169691086 0.6545084714889526
vt 0.09549150615930557 0.7938926219940186
vt 0.20610737800598145 0.9045084714889526
vt 0.345491498708725 0.9755282402038574
vt 0.5 1
vt 0.6545084714889526 0.9755282402038574
vt 0.7938926219940186 0.9045084714889526
vt 0.9045084714889526 0.7938926219940186
vt 0.9755282402038574 0.6545084714889526
vt 1 0.5
vn 0 0 1
vn 0.3090169948284817 0 0.9510565161477913
vn 0.5877852429542022 0 0.8090170011595983
vn 0.8090170011595983 0 0.5877852429542022
vn 0.9510565161477913 0 0.3090169948284817
vn 1 0 6.123234262925839e-17
vn 0.9510565161477913 0 -0.3090169948284817
vn 0.8090170011595983 0 -0.5877852429542022
vn 0.5877852429542022 0 -0.8090170011595983
vn 0.3090169948284817 0 -0.9510565161477913
vn 1.2246468525851679e-16 0 -1
vn -0.3090169948284817 0 -0.9510565161477913
vn -0.5877852429542022 0 -0.8090170011595983
vn -0.8090170011595983 0 -0.5877852429542022
vn -0.9510565161477913 0 -0.3090169948284817
vn -1 0 -1.8369701465288538e-16
vn -0.9510565161477913 0 0.3090169948284817
vn -0.8090170011595983 0 0.5877852429542022
vn -0.5877852429542022 0 0.8090170011595983
vn -0.3090169948284817 0 0.9510565161477913
vn -2.4492937051703357e-16 0 1
vn 0 0 1
vn 0.3090169948284817 0 0.9510565161477913
vn 0.5877852429542022 0 0.8090170011595983
vn 0.8090170011595983 0 0.5877852429542022
vn 0.9510565161477913 0 0.3090169948284817
vn 1 0 6.123234262925839e-17
vn 0.9510565161477913 0 -0.3090169948284817
vn 0.8090170011595983 0 -0.5877852429542022
vn 0.5877852429542022 0 -0.8090170011595983
vn 0.3090169948284817 0 -0.9510565161477913
vn 1.2246468525851679e-16 0 -1
vn -0.3090169948284817 0 -0.9510565161477913
vn -0.5877852429542022 0 -0.8090170011595983
vn -0.8090170011595983 0 -0.5877852429542022
vn -0.9510565161477913 0 -0.3090169948284817
vn -1 0 -1.8369701465288538e-16
vn -0.9510565161477913 0 0.3090169948284817
vn -0.8090170011595983 0 0.5877852429542022
vn -0.5877852429542022 0 0.8090170011595983
vn -0.3090169948284817 0 0.9510565161477913
vn -2.4492937051703357e-16 0 1
vn 0 1 0
vn 0 1 0
vn 0 1 0
vn 0 1 0
vn 0 1 0
vn 0 1 0
vn 0 1 0
vn 0 1 0
vn 0 1 0
vn 0 1 0
vn 0 1 0
vn 0 1 0
vn 0 1 0
vn 0 1 0
vn 0 1 0
vn 0 1 0
vn 0 1 0
vn 0 1 0
vn 0 1 0
vn 0 1 0
vn 0 1 0
vn 0 1 0
vn 0 1 0
vn 0 1 0
vn 0 1 0
vn 0 1 0
vn 0 1 0
vn 0 1 0
vn 0 1 0
vn 0 1 0
vn 0 1 0
vn 0 1 0
vn 0 1 0
vn 0 1 0
vn 0 1 0
vn 0 1 0
vn 0 1 0
vn 0 1 0
vn 0 1 0
vn 0 1 0
vn 0 1 0
vn 0 -1 0
vn 0 -1 0
vn 0 -1 0
vn 0 -1 0
vn 0 -1 0
vn 0 -1 0
vn 0 -1 0
vn 0 -1 0
vn 0 -1 0
vn 0 -1 0
vn 0 -1 0
vn 0 -1 0
vn 0 -1 0
vn 0 -1 0
vn 0 -1 0
vn 0 -1 0
vn 0 -1 0
vn 0 -1 0
vn 0 -1 0
vn 0 -1 0
vn 0 -1 0
vn 0 -1 0
vn 0 -1 0
vn 0 -1 0
vn 0 -1 0
vn 0 -1 0
vn 0 -1 0
vn 0 -1 0
vn 0 -1 0
vn 0 -1 0
vn 0 -1 0
vn 0 -1 0
vn 0 -1 0
vn 0 -1 0
vn 0 -1 0
vn 0 -1 0
vn 0 -1 0
vn 0 -1 0
vn 0 -1 0
vn 0 -1 0
vn 0 -1 0
f 873/873/873 894/894/894 874/874/874
f 894/894/894 895/895/895 874/874/874
f 874/874/874 895/895/895 875/875/875
f 895/895/895 896/896/896 875/875/875
f 875/875/875 896/896/896 876/876/876
f 896/896/896 897/897/897 876/876/876
f 876/876/876 897/897/897 877/877/877
f 897/897/897 898/898/898 877/877/877
f 877/877/877 898/898/898 878/878/878
f 898/898/898 899/899/899 878/878/878
f 878/878/878 899/899/899 879/879/879
f 899/899/899 900/900/900 879/879/879
f 879/879/879 900/900/900 880/880/880
f 900/900/900 901/901/901 880/880/880
f 880/880/880 901/901/901 881/881/881
f 901/901/901 902/902/902 881/881/881
f 881/881/881 902/902/902 882/882/882
f 902/902/902 903/903/903 882/882/882
f 882/882/882 903/903/903 883/883/883
f 903/903/903 904/904/904 883/883/883
f 883/883/883 904/904/904 884/884/884
f 904/904/904 905/905/905 884/884/884
f 884/884/884 905/905/905 885/885/885
f 905/905/905 906/906/906 885/885/885
f 885/885/885 906/906/906 886/886/886
f 906/906/906 907/907/907 886/886/886
f 886/886/886 907/907/907 887/887/887
f 907/907/907 908/908/908 887/887/887
f 887/887/887 908/908/908 888/888/888
f 908/908/908 909/909/909 888/888/888
f 888/888/888 909/909/909 889/889/889
f 909/909/909 910/910/910 889/889/889
f 889/889/889 910/910/910 890/890/890
f 910/910/910 911/911/911 890/890/890
f 890/890/890 911/911/911 891/891/891
f 911/911/911 912/912/912 891/891/891
f 891/891/891 912/912/912 892/892/892
f 912/912/912 913/913/913 892/892/892
f 892/892/892 913/913/913 893/893/893
f 913/913/913 914/914/914 893/893/893
f 935/935/935 936/936/936 915/915/915
f 936/936/936 937/937/937 916/916/916
f 937/937/937 938/938/938 917/917/917
f 938/938/938 939/939/939 918/918/918
f 939/939/939 940/940/940 919/919/919
f 940/940/940 941/941/941 920/920/920
f 941/941/941 942/942/942 921/921/921
f 942/942/942 943/943/943 922/922/922
f 943/943/943 944/944/944 923/923/923
f 944/944/944 945/945/945 924/924/924
f 945/945/945 946/946/946 925/925/925
f 946/946/946 947/947/947 926/926/926
f 947/947/947 948/948/948 927/927/927
f 948/948/948 949/949/949 928/928/928
f 949/949/949 950/950/950 929/929/929
f 950/950/950 951/951/951 930/930/930
f 951/951/951 952/952/952 931/931/931
f 952/952/952 953/953/953 932/932/932
f 953/953/953 954/954/954 933/933/933
f 954/954/954 955/955/955 934/934/934
f 977/977/977 976/976/976 956/956/956
f 978/978/978 977/977/977 957/957/957
f 979/979/979 978/978/978 958/958/958
f 980/980/980 979/979/979 959/959/959
f 981/981/981 980/980/980 960/960/960
f 982/982/982 981/981/981 961/961/961
f 983/983/983 982/982/982 962/962/962
f 984/984/984 983/983/983 963/963/963
f 985/985/985 984/984/984 964/964/964
f 986/986/986 985/985/985 965/965/965
f 987/987/987 986/986/986 966/966/966
f 988/988/988 987/987/987 967/967/967
f 989/989/989 988/988/988 968/968/968
f 990/990/990 989/989/989 969/969/969
f 991/991/991 990/990/990 970/970/970
f 992/992/992 991/991/991 971/971/971
f 993/993/993 992/992/992 972/972/972
f 994/994/994 993/993/993 973/973/973
f 995/995/995 994/994/994 974/974/974
f 996/996/996 995/995/995 975/975/975
o granary_bin_wall
usemtl mud_plaster_ochre
v 2.2 2.370000023841858 1.5499999880790711
v 2.4935661375522615 2.370000023841858 1.503503715991974
v 2.7583959817886354 2.370000023841858 1.368566131591797
v 2.968566131591797 2.370000023841858 1.1583959817886353
v 3.103503715991974 2.370000023841858 0.8935661375522613
v 3.1499999880790712 2.370000023841858 0.6000000000000001
v 3.103503715991974 2.370000023841858 0.3064338624477386
v 2.968566131591797 2.370000023841858 0.041604018211364724
v 2.7583959817886354 2.370000023841858 -0.1685661315917969
v 2.4935661375522615 2.370000023841858 -0.3035037159919739
v 2.2 2.370000023841858 -0.34999998807907107
v 1.9064338624477388 2.370000023841858 -0.3035037159919739
v 1.641604018211365 2.370000023841858 -0.1685661315917969
v 1.4314338684082033 2.370000023841858 0.041604018211364724
v 1.2964962840080263 2.370000023841858 0.3064338624477386
v 1.2500000119209291 2.370000023841858 0.5999999999999998
v 1.2964962840080263 2.370000023841858 0.8935661375522613
v 1.4314338684082033 2.370000023841858 1.1583959817886353
v 1.641604018211365 2.370000023841858 1.368566131591797
v 1.9064338624477388 2.370000023841858 1.503503715991974
v 2.1999999999999997 2.370000023841858 1.5499999880790711
v 2.2 0.6699999761581421 1.6260000228881837
v 2.5170514404773714 0.6699999761581421 1.5757840037345887
v 2.803067696094513 0.6699999761581421 1.4300514221191407
v 3.030051422119141 0.6699999761581421 1.203067696094513
v 3.175784003734589 0.6699999761581421 0.9170514404773712
v 3.2260000228881838 0.6699999761581421 0.6000000000000001
v 3.175784003734589 0.6699999761581421 0.28294855952262876
v 3.030051422119141 0.6699999761581421 -0.0030676960945129617
v 2.803067696094513 0.6699999761581421 -0.23005142211914065
v 2.5170514404773714 0.6699999761581421 -0.37578400373458865
v 2.2 0.6699999761581421 -0.4260000228881836
v 1.882948559522629 0.6699999761581421 -0.37578400373458865
v 1.5969323039054872 0.6699999761581421 -0.23005142211914065
v 1.3699485778808596 0.6699999761581421 -0.0030676960945129617
v 1.2242159962654116 0.6699999761581421 0.28294855952262876
v 1.1739999771118166 0.6699999761581421 0.5999999999999998
v 1.2242159962654116 0.6699999761581421 0.9170514404773712
v 1.3699485778808596 0.6699999761581421 1.203067696094513
v 1.5969323039054872 0.6699999761581421 1.4300514221191407
v 1.882948559522629 0.6699999761581421 1.5757840037345887
v 2.1999999999999997 0.6699999761581421 1.6260000228881837
v 2.2 2.370000023841858 0.6
v 2.2 2.370000023841858 0.6
v 2.2 2.370000023841858 0.6
v 2.2 2.370000023841858 0.6
v 2.2 2.370000023841858 0.6
v 2.2 2.370000023841858 0.6
v 2.2 2.370000023841858 0.6
v 2.2 2.370000023841858 0.6
v 2.2 2.370000023841858 0.6
v 2.2 2.370000023841858 0.6
v 2.2 2.370000023841858 0.6
v 2.2 2.370000023841858 0.6
v 2.2 2.370000023841858 0.6
v 2.2 2.370000023841858 0.6
v 2.2 2.370000023841858 0.6
v 2.2 2.370000023841858 0.6
v 2.2 2.370000023841858 0.6
v 2.2 2.370000023841858 0.6
v 2.2 2.370000023841858 0.6
v 2.2 2.370000023841858 0.6
v 2.2 2.370000023841858 1.5499999880790711
v 2.4935661375522615 2.370000023841858 1.503503715991974
v 2.7583959817886354 2.370000023841858 1.368566131591797
v 2.968566131591797 2.370000023841858 1.1583959817886353
v 3.103503715991974 2.370000023841858 0.8935661375522613
v 3.1499999880790712 2.370000023841858 0.6000000000000001
v 3.103503715991974 2.370000023841858 0.3064338624477386
v 2.968566131591797 2.370000023841858 0.041604018211364724
v 2.7583959817886354 2.370000023841858 -0.1685661315917969
v 2.4935661375522615 2.370000023841858 -0.3035037159919739
v 2.2 2.370000023841858 -0.34999998807907107
v 1.9064338624477388 2.370000023841858 -0.3035037159919739
v 1.641604018211365 2.370000023841858 -0.1685661315917969
v 1.4314338684082033 2.370000023841858 0.041604018211364724
v 1.2964962840080263 2.370000023841858 0.3064338624477386
v 1.2500000119209291 2.370000023841858 0.5999999999999998
v 1.2964962840080263 2.370000023841858 0.8935661375522613
v 1.4314338684082033 2.370000023841858 1.1583959817886353
v 1.641604018211365 2.370000023841858 1.368566131591797
v 1.9064338624477388 2.370000023841858 1.503503715991974
v 2.1999999999999997 2.370000023841858 1.5499999880790711
v 2.2 0.6699999761581421 0.6
v 2.2 0.6699999761581421 0.6
v 2.2 0.6699999761581421 0.6
v 2.2 0.6699999761581421 0.6
v 2.2 0.6699999761581421 0.6
v 2.2 0.6699999761581421 0.6
v 2.2 0.6699999761581421 0.6
v 2.2 0.6699999761581421 0.6
v 2.2 0.6699999761581421 0.6
v 2.2 0.6699999761581421 0.6
v 2.2 0.6699999761581421 0.6
v 2.2 0.6699999761581421 0.6
v 2.2 0.6699999761581421 0.6
v 2.2 0.6699999761581421 0.6
v 2.2 0.6699999761581421 0.6
v 2.2 0.6699999761581421 0.6
v 2.2 0.6699999761581421 0.6
v 2.2 0.6699999761581421 0.6
v 2.2 0.6699999761581421 0.6
v 2.2 0.6699999761581421 0.6
v 2.2 0.6699999761581421 1.6260000228881837
v 2.5170514404773714 0.6699999761581421 1.5757840037345887
v 2.803067696094513 0.6699999761581421 1.4300514221191407
v 3.030051422119141 0.6699999761581421 1.203067696094513
v 3.175784003734589 0.6699999761581421 0.9170514404773712
v 3.2260000228881838 0.6699999761581421 0.6000000000000001
v 3.175784003734589 0.6699999761581421 0.28294855952262876
v 3.030051422119141 0.6699999761581421 -0.0030676960945129617
v 2.803067696094513 0.6699999761581421 -0.23005142211914065
v 2.5170514404773714 0.6699999761581421 -0.37578400373458865
v 2.2 0.6699999761581421 -0.4260000228881836
v 1.882948559522629 0.6699999761581421 -0.37578400373458865
v 1.5969323039054872 0.6699999761581421 -0.23005142211914065
v 1.3699485778808596 0.6699999761581421 -0.0030676960945129617
v 1.2242159962654116 0.6699999761581421 0.28294855952262876
v 1.1739999771118166 0.6699999761581421 0.5999999999999998
v 1.2242159962654116 0.6699999761581421 0.9170514404773712
v 1.3699485778808596 0.6699999761581421 1.203067696094513
v 1.5969323039054872 0.6699999761581421 1.4300514221191407
v 1.882948559522629 0.6699999761581421 1.5757840037345887
v 2.1999999999999997 0.6699999761581421 1.6260000228881837
vt 0 1
vt 0.05000000074505806 1
vt 0.10000000149011612 1
vt 0.15000000596046448 1
vt 0.20000000298023224 1
vt 0.25 1
vt 0.30000001192092896 1
vt 0.3499999940395355 1
vt 0.4000000059604645 1
vt 0.44999998807907104 1
vt 0.5 1
vt 0.550000011920929 1
vt 0.6000000238418579 1
vt 0.6499999761581421 1
vt 0.699999988079071 1
vt 0.75 1
vt 0.800000011920929 1
vt 0.8500000238418579 1
vt 0.8999999761581421 1
vt 0.949999988079071 1
vt 1 1
vt 0 0
vt 0.05000000074505806 0
vt 0.10000000149011612 0
vt 0.15000000596046448 0
vt 0.20000000298023224 0
vt 0.25 0
vt 0.30000001192092896 0
vt 0.3499999940395355 0
vt 0.4000000059604645 0
vt 0.44999998807907104 0
vt 0.5 0
vt 0.550000011920929 0
vt 0.6000000238418579 0
vt 0.6499999761581421 0
vt 0.699999988079071 0
vt 0.75 0
vt 0.800000011920929 0
vt 0.8500000238418579 0
vt 0.8999999761581421 0
vt 0.949999988079071 0
vt 1 0
vt 0.5 0.5
vt 0.5 0.5
vt 0.5 0.5
vt 0.5 0.5
vt 0.5 0.5
vt 0.5 0.5
vt 0.5 0.5
vt 0.5 0.5
vt 0.5 0.5
vt 0.5 0.5
vt 0.5 0.5
vt 0.5 0.5
vt 0.5 0.5
vt 0.5 0.5
vt 0.5 0.5
vt 0.5 0.5
vt 0.5 0.5
vt 0.5 0.5
vt 0.5 0.5
vt 0.5 0.5
vt 1 0.5
vt 0.9755282402038574 0.6545084714889526
vt 0.9045084714889526 0.7938926219940186
vt 0.7938926219940186 0.9045084714889526
vt 0.6545084714889526 0.9755282402038574
vt 0.5 1
vt 0.345491498708725 0.9755282402038574
vt 0.20610737800598145 0.9045084714889526
vt 0.09549150615930557 0.7938926219940186
vt 0.024471741169691086 0.6545084714889526
vt 0 0.5
vt 0.024471741169691086 0.345491498708725
vt 0.09549150615930557 0.20610737800598145
vt 0.20610737800598145 0.09549150615930557
vt 0.345491498708725 0.024471741169691086
vt 0.5 0
vt 0.6545084714889526 0.024471741169691086
vt 0.7938926219940186 0.09549150615930557
vt 0.9045084714889526 0.20610737800598145
vt 0.9755282402038574 0.345491498708725
vt 1 0.5
vt 0.5 0.5
vt 0.5 0.5
vt 0.5 0.5
vt 0.5 0.5
vt 0.5 0.5
vt 0.5 0.5
vt 0.5 0.5
vt 0.5 0.5
vt 0.5 0.5
vt 0.5 0.5
vt 0.5 0.5
vt 0.5 0.5
vt 0.5 0.5
vt 0.5 0.5
vt 0.5 0.5
vt 0.5 0.5
vt 0.5 0.5
vt 0.5 0.5
vt 0.5 0.5
vt 0.5 0.5
vt 1 0.5
vt 0.9755282402038574 0.345491498708725
vt 0.9045084714889526 0.20610737800598145
vt 0.7938926219940186 0.09549150615930557
vt 0.6545084714889526 0.024471741169691086
vt 0.5 0
vt 0.345491498708725 0.024471741169691086
vt 0.20610737800598145 0.09549150615930557
vt 0.09549150615930557 0.20610737800598145
vt 0.024471741169691086 0.345491498708725
vt 0 0.5
vt 0.024471741169691086 0.6545084714889526
vt 0.09549150615930557 0.7938926219940186
vt 0.20610737800598145 0.9045084714889526
vt 0.345491498708725 0.9755282402038574
vt 0.5 1
vt 0.6545084714889526 0.9755282402038574
vt 0.7938926219940186 0.9045084714889526
vt 0.9045084714889526 0.7938926219940186
vt 0.9755282402038574 0.6545084714889526
vt 1 0.5
vn 0 0.04466127732538458 0.9990021873387792
vn 0.3087086737880666 0.044661276915254455 0.9501075334257235
vn 0.5871987264843951 0.044661275449279565 0.8082097661438818
vn 0.8082097661438818 0.044661275449279565 0.5871987264843951
vn 0.9501075334257235 0.044661276915254455 0.3087086737880666
vn 0.9990021873387792 0.04466127732538458 6.117124551767514e-17
vn 0.9501075334257235 0.044661276915254455 -0.3087086737880666
vn 0.8082097661438818 0.044661275449279565 -0.5871987264843951
vn 0.5871987264843951 0.044661275449279565 -0.8082097661438818
vn 0.3087086737880666 0.044661276915254455 -0.9501075334257235
vn 1.2234249103535028e-16 0.04466127732538458 -0.9990021873387792
vn -0.3087086737880666 0.044661276915254455 -0.9501075334257235
vn -0.5871987264843951 0.044661275449279565 -0.8082097661438818
vn -0.8082097661438818 0.044661275449279565 -0.5871987264843951
vn -0.9501075334257235 0.044661276915254455 -0.3087086737880666
vn -0.9990021873387792 0.04466127732538458 -1.8351372993558035e-16
vn -0.9501075334257235 0.044661276915254455 0.3087086737880666
vn -0.8082097661438818 0.044661275449279565 0.5871987264843951
vn -0.5871987264843951 0.044661275449279565 0.8082097661438818
vn -0.3087086737880666 0.044661276915254455 0.9501075334257235
vn -2.4468498207070057e-16 0.04466127732538458 0.9990021873387792
vn 0 0.04466127732538458 0.9990021873387792
vn 0.3087086737880666 0.044661276915254455 0.9501075334257235
vn 0.5871987264843951 0.044661275449279565 0.8082097661438818
vn 0.8082097661438818 0.044661275449279565 0.5871987264843951
vn 0.9501075334257235 0.044661276915254455 0.3087086737880666
vn 0.9990021873387792 0.04466127732538458 6.117124551767514e-17
vn 0.9501075334257235 0.044661276915254455 -0.3087086737880666
vn 0.8082097661438818 0.044661275449279565 -0.5871987264843951
vn 0.5871987264843951 0.044661275449279565 -0.8082097661438818
vn 0.3087086737880666 0.044661276915254455 -0.9501075334257235
vn 1.2234249103535028e-16 0.04466127732538458 -0.9990021873387792
vn -0.3087086737880666 0.044661276915254455 -0.9501075334257235
vn -0.5871987264843951 0.044661275449279565 -0.8082097661438818
vn -0.8082097661438818 0.044661275449279565 -0.5871987264843951
vn -0.9501075334257235 0.044661276915254455 -0.3087086737880666
vn -0.9990021873387792 0.04466127732538458 -1.8351372993558035e-16
vn -0.9501075334257235 0.044661276915254455 0.3087086737880666
vn -0.8082097661438818 0.044661275449279565 0.5871987264843951
vn -0.5871987264843951 0.044661275449279565 0.8082097661438818
vn -0.3087086737880666 0.044661276915254455 0.9501075334257235
vn -2.4468498207070057e-16 0.04466127732538458 0.9990021873387792
vn 0 1 0
vn 0 1 0
vn 0 1 0
vn 0 1 0
vn 0 1 0
vn 0 1 0
vn 0 1 0
vn 0 1 0
vn 0 1 0
vn 0 1 0
vn 0 1 0
vn 0 1 0
vn 0 1 0
vn 0 1 0
vn 0 1 0
vn 0 1 0
vn 0 1 0
vn 0 1 0
vn 0 1 0
vn 0 1 0
vn 0 1 0
vn 0 1 0
vn 0 1 0
vn 0 1 0
vn 0 1 0
vn 0 1 0
vn 0 1 0
vn 0 1 0
vn 0 1 0
vn 0 1 0
vn 0 1 0
vn 0 1 0
vn 0 1 0
vn 0 1 0
vn 0 1 0
vn 0 1 0
vn 0 1 0
vn 0 1 0
vn 0 1 0
vn 0 1 0
vn 0 1 0
vn 0 -1 0
vn 0 -1 0
vn 0 -1 0
vn 0 -1 0
vn 0 -1 0
vn 0 -1 0
vn 0 -1 0
vn 0 -1 0
vn 0 -1 0
vn 0 -1 0
vn 0 -1 0
vn 0 -1 0
vn 0 -1 0
vn 0 -1 0
vn 0 -1 0
vn 0 -1 0
vn 0 -1 0
vn 0 -1 0
vn 0 -1 0
vn 0 -1 0
vn 0 -1 0
vn 0 -1 0
vn 0 -1 0
vn 0 -1 0
vn 0 -1 0
vn 0 -1 0
vn 0 -1 0
vn 0 -1 0
vn 0 -1 0
vn 0 -1 0
vn 0 -1 0
vn 0 -1 0
vn 0 -1 0
vn 0 -1 0
vn 0 -1 0
vn 0 -1 0
vn 0 -1 0
vn 0 -1 0
vn 0 -1 0
vn 0 -1 0
vn 0 -1 0
f 997/997/997 1018/1018/1018 998/998/998
f 1018/1018/1018 1019/1019/1019 998/998/998
f 998/998/998 1019/1019/1019 999/999/999
f 1019/1019/1019 1020/1020/1020 999/999/999
f 999/999/999 1020/1020/1020 1000/1000/1000
f 1020/1020/1020 1021/1021/1021 1000/1000/1000
f 1000/1000/1000 1021/1021/1021 1001/1001/1001
f 1021/1021/1021 1022/1022/1022 1001/1001/1001
f 1001/1001/1001 1022/1022/1022 1002/1002/1002
f 1022/1022/1022 1023/1023/1023 1002/1002/1002
f 1002/1002/1002 1023/1023/1023 1003/1003/1003
f 1023/1023/1023 1024/1024/1024 1003/1003/1003
f 1003/1003/1003 1024/1024/1024 1004/1004/1004
f 1024/1024/1024 1025/1025/1025 1004/1004/1004
f 1004/1004/1004 1025/1025/1025 1005/1005/1005
f 1025/1025/1025 1026/1026/1026 1005/1005/1005
f 1005/1005/1005 1026/1026/1026 1006/1006/1006
f 1026/1026/1026 1027/1027/1027 1006/1006/1006
f 1006/1006/1006 1027/1027/1027 1007/1007/1007
f 1027/1027/1027 1028/1028/1028 1007/1007/1007
f 1007/1007/1007 1028/1028/1028 1008/1008/1008
f 1028/1028/1028 1029/1029/1029 1008/1008/1008
f 1008/1008/1008 1029/1029/1029 1009/1009/1009
f 1029/1029/1029 1030/1030/1030 1009/1009/1009
f 1009/1009/1009 1030/1030/1030 1010/1010/1010
f 1030/1030/1030 1031/1031/1031 1010/1010/1010
f 1010/1010/1010 1031/1031/1031 1011/1011/1011
f 1031/1031/1031 1032/1032/1032 1011/1011/1011
f 1011/1011/1011 1032/1032/1032 1012/1012/1012
f 1032/1032/1032 1033/1033/1033 1012/1012/1012
f 1012/1012/1012 1033/1033/1033 1013/1013/1013
f 1033/1033/1033 1034/1034/1034 1013/1013/1013
f 1013/1013/1013 1034/1034/1034 1014/1014/1014
f 1034/1034/1034 1035/1035/1035 1014/1014/1014
f 1014/1014/1014 1035/1035/1035 1015/1015/1015
f 1035/1035/1035 1036/1036/1036 1015/1015/1015
f 1015/1015/1015 1036/1036/1036 1016/1016/1016
f 1036/1036/1036 1037/1037/1037 1016/1016/1016
f 1016/1016/1016 1037/1037/1037 1017/1017/1017
f 1037/1037/1037 1038/1038/1038 1017/1017/1017
f 1059/1059/1059 1060/1060/1060 1039/1039/1039
f 1060/1060/1060 1061/1061/1061 1040/1040/1040
f 1061/1061/1061 1062/1062/1062 1041/1041/1041
f 1062/1062/1062 1063/1063/1063 1042/1042/1042
f 1063/1063/1063 1064/1064/1064 1043/1043/1043
f 1064/1064/1064 1065/1065/1065 1044/1044/1044
f 1065/1065/1065 1066/1066/1066 1045/1045/1045
f 1066/1066/1066 1067/1067/1067 1046/1046/1046
f 1067/1067/1067 1068/1068/1068 1047/1047/1047
f 1068/1068/1068 1069/1069/1069 1048/1048/1048
f 1069/1069/1069 1070/1070/1070 1049/1049/1049
f 1070/1070/1070 1071/1071/1071 1050/1050/1050
f 1071/1071/1071 1072/1072/1072 1051/1051/1051
f 1072/1072/1072 1073/1073/1073 1052/1052/1052
f 1073/1073/1073 1074/1074/1074 1053/1053/1053
f 1074/1074/1074 1075/1075/1075 1054/1054/1054
f 1075/1075/1075 1076/1076/1076 1055/1055/1055
f 1076/1076/1076 1077/1077/1077 1056/1056/1056
f 1077/1077/1077 1078/1078/1078 1057/1057/1057
f 1078/1078/1078 1079/1079/1079 1058/1058/1058
f 1101/1101/1101 1100/1100/1100 1080/1080/1080
f 1102/1102/1102 1101/1101/1101 1081/1081/1081
f 1103/1103/1103 1102/1102/1102 1082/1082/1082
f 1104/1104/1104 1103/1103/1103 1083/1083/1083
f 1105/1105/1105 1104/1104/1104 1084/1084/1084
f 1106/1106/1106 1105/1105/1105 1085/1085/1085
f 1107/1107/1107 1106/1106/1106 1086/1086/1086
f 1108/1108/1108 1107/1107/1107 1087/1087/1087
f 1109/1109/1109 1108/1108/1108 1088/1088/1088
f 1110/1110/1110 1109/1109/1109 1089/1089/1089
f 1111/1111/1111 1110/1110/1110 1090/1090/1090
f 1112/1112/1112 1111/1111/1111 1091/1091/1091
f 1113/1113/1113 1112/1112/1112 1092/1092/1092
f 1114/1114/1114 1113/1113/1113 1093/1093/1093
f 1115/1115/1115 1114/1114/1114 1094/1094/1094
f 1116/1116/1116 1115/1115/1115 1095/1095/1095
f 1117/1117/1117 1116/1116/1116 1096/1096/1096
f 1118/1118/1118 1117/1117/1117 1097/1097/1097
f 1119/1119/1119 1118/1118/1118 1098/1098/1098
f 1120/1120/1120 1119/1119/1119 1099/1099/1099
o granary_band_top
usemtl timber_post
v 3.219000053405762 2.22 0.6
v 3.169126582145691 2.22 0.9148883283138275
v 3.024388325214386 2.22 1.1989531874656678
v 2.798953187465668 2.22 1.424388325214386
v 2.5148883283138277 2.22 1.569126582145691
v 2.2 2.2200000000000006 1.6190000534057618
v 1.8851116716861727 2.22 1.569126582145691
v 1.6010468125343325 2.22 1.424388325214386
v 1.3756116747856142 2.22 1.1989531874656678
v 1.2308734178543093 2.22 0.9148883283138275
v 1.1809999465942385 2.22 0.6000000000000001
v 1.2308734178543093 2.22 0.28511167168617246
v 1.3756116747856142 2.22 0.0010468125343322532
v 1.6010468125343325 2.22 -0.224388325214386
v 1.8851116716861727 2.22 -0.36912658214569094
v 2.2 2.2199999999999998 -0.41900005340576174
v 2.5148883283138277 2.22 -0.36912658214569094
v 2.798953187465668 2.22 -0.224388325214386
v 3.024388325214386 2.22 0.0010468125343322532
v 3.169126582145691 2.22 0.28511167168617246
v 3.219000053405762 2.22 0.5999999999999998
v 3.204355311393738 2.1846446593105795 0.6
v 3.155198705196381 2.1846446593105795 0.9103628754615783
v 3.0125405311584474 2.1846446593105795 1.1903452634811402
v 2.7903452634811403 2.1846446593105795 1.4125405311584474
v 2.5103628754615785 2.1846446593105795 1.5551987051963807
v 2.2 2.18464465931058 1.6043553113937379
v 1.8896371245384218 2.1846446593105795 1.5551987051963807
v 1.60965473651886 2.1846446593105795 1.4125405311584474
v 1.387459468841553 2.1846446593105795 1.1903452634811402
v 1.2448012948036196 2.1846446593105795 0.9103628754615783
v 1.1956446886062624 2.1846446593105795 0.6000000000000001
v 1.2448012948036196 2.1846446593105795 0.2896371245384216
v 1.387459468841553 2.1846446593105795 0.009654736518859841
v 1.60965473651886 2.1846446593105795 -0.2125405311584473
v 1.8896371245384218 2.1846446593105795 -0.35519870519638064
v 2.2 2.184644659310579 -0.4043553113937378
v 2.5103628754615785 2.1846446593105795 -0.35519870519638064
v 2.7903452634811403 2.1846446593105795 -0.2125405311584473
v 3.0125405311584474 2.1846446593105795 0.009654736518859841
v 3.155198705196381 2.1846446593105795 0.2896371245384216
v 3.204355311393738 2.1846446593105795 0.5999999999999998
v 3.168999981880188 2.169999999254942 0.6
v 3.1215737581253054 2.169999999254942 0.8994374632835388
v 2.983937454223633 2.169999999254942 1.169563925266266
v 2.769563925266266 2.169999999254942 1.383937454223633
v 2.499437463283539 2.169999999254942 1.5215737581253053
v 2.2 2.169999999254942 1.568999981880188
v 1.9005625367164614 2.169999999254942 1.5215737581253053
v 1.6304360747337343 2.169999999254942 1.383937454223633
v 1.4160625457763674 2.169999999254942 1.169563925266266
v 1.278426241874695 2.169999999254942 0.8994374632835388
v 1.2310000181198122 2.169999999254942 0.6000000000000001
v 1.278426241874695 2.169999999254942 0.30056253671646116
v 1.4160625457763674 2.169999999254942 0.03043607473373411
v 1.6304360747337343 2.169999999254942 -0.18393745422363283
v 1.9005625367164614 2.169999999254942 -0.3215737581253052
v 2.2 2.169999999254942 -0.368999981880188
v 2.499437463283539 2.169999999254942 -0.3215737581253052
v 2.769563925266266 2.169999999254942 -0.18393745422363283
v 2.983937454223633 2.169999999254942 0.03043607473373411
v 3.1215737581253054 2.169999999254942 0.30056253671646116
v 3.168999981880188 2.169999999254942 0.5999999999999998
v 3.1336446523666384 2.1846446593105795 0.6
v 3.08794881105423 2.1846446593105795 0.8885120809078216
v 2.9553343772888185 2.1846446593105795 1.1487825870513917
v 2.748782587051392 2.1846446593105795 1.3553343772888184
v 2.488512080907822 2.1846446593105795 1.4879488110542298
v 2.2 2.1846446593105795 1.5336446523666383
v 1.9114879190921785 2.1846446593105795 1.4879488110542298
v 1.6512174129486086 2.1846446593105795 1.3553343772888184
v 1.4446656227111818 2.1846446593105795 1.1487825870513917
v 1.3120511889457704 2.1846446593105795 0.8885120809078216
v 1.266355347633362 2.1846446593105795 0.6000000000000001
v 1.3120511889457704 2.1846446593105795 0.3114879190921783
v 1.4446656227111818 2.1846446593105795 0.051217412948608376
v 1.6512174129486086 2.1846446593105795 -0.15533437728881838
v 1.9114879190921785 2.1846446593105795 -0.28794881105422976
v 2.2 2.1846446593105795 -0.3336446523666382
v 2.488512080907822 2.1846446593105795 -0.28794881105422976
v 2.748782587051392 2.1846446593105795 -0.15533437728881838
v 2.9553343772888185 2.1846446593105795 0.051217412948608376
v 3.08794881105423 2.1846446593105795 0.3114879190921783
v 3.1336446523666384 2.1846446593105795 0.5999999999999998
v 3.119000029563904 2.22 0.6
v 3.0740209341049196 2.22 0.8839866280555725
v 2.9434866428375246 2.22 1.140174663066864
v 2.740174663066864 2.22 1.3434866428375245
v 2.4839866280555727 2.22 1.4740209341049195
v 2.2 2.22 1.519000029563904
v 1.9160133719444277 2.22 1.4740209341049195
v 1.6598253369331362 2.22 1.3434866428375245
v 1.4565133571624758 2.22 1.140174663066864
v 1.3259790658950807 2.22 0.8839866280555725
v 1.2809999704360964 2.22 0.6000000000000001
v 1.3259790658950807 2.22 0.31601337194442747
v 1.4565133571624758 2.22 0.059825336933135964
v 1.6598253369331362 2.22 -0.14348664283752444
v 1.9160133719444277 2.22 -0.27402093410491946
v 2.2 2.22 -0.31900002956390383
v 2.4839866280555727 2.22 -0.27402093410491946
v 2.740174663066864 2.22 -0.14348664283752444
v 2.9434866428375246 2.22 0.059825336933135964
v 3.0740209341049196 2.22 0.31601337194442747
v 3.119000029563904 2.22 0.5999999999999998
v 3.1336446523666384 2.255355340689421 0.6
v 3.08794881105423 2.255355340689421 0.8885120809078216
v 2.9553343772888185 2.255355340689421 1.1487825870513917
v 2.748782587051392 2.255355340689421 1.3553343772888184
v 2.488512080907822 2.255355340689421 1.4879488110542298
v 2.2 2.255355340689421 1.5336446523666383
v 1.9114879190921785 2.255355340689421 1.4879488110542298
v 1.6512174129486086 2.255355340689421 1.3553343772888184
v 1.4446656227111818 2.255355340689421 1.1487825870513917
v 1.3120511889457704 2.255355340689421 0.8885120809078216
v 1.266355347633362 2.255355340689421 0.6000000000000001
v 1.3120511889457704 2.255355340689421 0.3114879190921783
v 1.4446656227111818 2.255355340689421 0.051217412948608376
v 1.6512174129486086 2.255355340689421 -0.15533437728881838
v 1.9114879190921785 2.255355340689421 -0.28794881105422976
v 2.2 2.255355340689421 -0.3336446523666382
v 2.488512080907822 2.255355340689421 -0.28794881105422976
v 2.748782587051392 2.255355340689421 -0.15533437728881838
v 2.9553343772888185 2.255355340689421 0.051217412948608376
v 3.08794881105423 2.255355340689421 0.3114879190921783
v 3.1336446523666384 2.255355340689421 0.5999999999999998
v 3.168999981880188 2.2700000007450583 0.6
v 3.1215737581253054 2.2700000007450583 0.8994374632835388
v 2.983937454223633 2.2700000007450583 1.169563925266266
v 2.769563925266266 2.2700000007450583 1.383937454223633
v 2.499437463283539 2.2700000007450583 1.5215737581253053
v 2.2 2.2700000007450583 1.568999981880188
v 1.9005625367164614 2.2700000007450583 1.5215737581253053
v 1.6304360747337343 2.2700000007450583 1.383937454223633
v 1.4160625457763674 2.2700000007450583 1.169563925266266
v 1.278426241874695 2.2700000007450583 0.8994374632835388
v 1.2310000181198122 2.2700000007450583 0.6000000000000001
v 1.278426241874695 2.2700000007450583 0.30056253671646116
v 1.4160625457763674 2.2700000007450583 0.03043607473373411
v 1.6304360747337343 2.2700000007450583 -0.18393745422363283
v 1.9005625367164614 2.2700000007450583 -0.3215737581253052
v 2.2 2.2700000007450583 -0.368999981880188
v 2.499437463283539 2.2700000007450583 -0.3215737581253052
v 2.769563925266266 2.2700000007450583 -0.18393745422363283
v 2.983937454223633 2.2700000007450583 0.03043607473373411
v 3.1215737581253054 2.2700000007450583 0.30056253671646116
v 3.168999981880188 2.2700000007450583 0.5999999999999998
v 3.204355311393738 2.255355340689421 0.6
v 3.155198705196381 2.255355340689421 0.9103628754615783
v 3.0125405311584474 2.255355340689421 1.1903452634811402
v 2.7903452634811403 2.255355340689421 1.4125405311584474
v 2.5103628754615785 2.255355340689421 1.5551987051963807
v 2.2 2.2553553406894213 1.6043553113937379
v 1.8896371245384218 2.255355340689421 1.5551987051963807
v 1.60965473651886 2.255355340689421 1.4125405311584474
v 1.387459468841553 2.255355340689421 1.1903452634811402
v 1.2448012948036196 2.255355340689421 0.9103628754615783
v 1.1956446886062624 2.255355340689421 0.6000000000000001
v 1.2448012948036196 2.255355340689421 0.2896371245384216
v 1.387459468841553 2.255355340689421 0.009654736518859841
v 1.60965473651886 2.255355340689421 -0.2125405311584473
v 1.8896371245384218 2.255355340689421 -0.35519870519638064
v 2.2 2.2553553406894205 -0.4043553113937378
v 2.5103628754615785 2.255355340689421 -0.35519870519638064
v 2.7903452634811403 2.255355340689421 -0.2125405311584473
v 3.0125405311584474 2.255355340689421 0.009654736518859841
v 3.155198705196381 2.255355340689421 0.2896371245384216
v 3.204355311393738 2.255355340689421 0.5999999999999998
v 3.219000053405762 2.22 0.6
v 3.169126582145691 2.22 0.9148883283138275
v 3.024388325214386 2.22 1.1989531874656678
v 2.798953187465668 2.22 1.424388325214386
v 2.5148883283138277 2.2200000000000006 1.569126582145691
v 2.2 2.2200000000000006 1.6190000534057618
v 1.8851116716861727 2.2200000000000006 1.569126582145691
v 1.6010468125343325 2.22 1.424388325214386
v 1.3756116747856142 2.22 1.1989531874656678
v 1.2308734178543093 2.22 0.9148883283138275
v 1.1809999465942385 2.22 0.6000000000000001
v 1.2308734178543093 2.22 0.28511167168617246
v 1.3756116747856142 2.22 0.0010468125343322532
v 1.6010468125343325 2.22 -0.224388325214386
v 1.8851116716861727 2.22 -0.36912658214569094
v 2.2 2.22 -0.41900005340576174
v 2.5148883283138277 2.22 -0.36912658214569094
v 2.798953187465668 2.22 -0.224388325214386
v 3.024388325214386 2.22 0.0010468125343322532
v 3.169126582145691 2.22 0.28511167168617246
v 3.219000053405762 2.22 0.5999999999999998
vt 0 0
vt 0.05000000074505806 0
vt 0.10000000149011612 0
vt 0.15000000596046448 0
vt 0.20000000298023224 0
vt 0.25 0
vt 0.30000001192092896 0
vt 0.3499999940395355 0
vt 0.4000000059604645 0
vt 0.44999998807907104 0
vt 0.5 0
vt 0.550000011920929 0
vt 0.6000000238418579 0
vt 0.6499999761581421 0
vt 0.699999988079071 0
vt 0.75 0
vt 0.800000011920929 0
vt 0.8500000238418579 0
vt 0.8999999761581421 0
vt 0.949999988079071 0
vt 1 0
vt 0 0.125
vt 0.05000000074505806 0.125
vt 0.10000000149011612 0.125
vt 0.15000000596046448 0.125
vt 0.20000000298023224 0.125
vt 0.25 0.125
vt 0.30000001192092896 0.125
vt 0.3499999940395355 0.125
vt 0.4000000059604645 0.125
vt 0.44999998807907104 0.125
vt 0.5 0.125
vt 0.550000011920929 0.125
vt 0.6000000238418579 0.125
vt 0.6499999761581421 0.125
vt 0.699999988079071 0.125
vt 0.75 0.125
vt 0.800000011920929 0.125
vt 0.8500000238418579 0.125
vt 0.8999999761581421 0.125
vt 0.949999988079071 0.125
vt 1 0.125
vt 0 0.25
vt 0.05000000074505806 0.25
vt 0.10000000149011612 0.25
vt 0.15000000596046448 0.25
vt 0.20000000298023224 0.25
vt 0.25 0.25
vt 0.30000001192092896 0.25
vt 0.3499999940395355 0.25
vt 0.4000000059604645 0.25
vt 0.44999998807907104 0.25
vt 0.5 0.25
vt 0.550000011920929 0.25
vt 0.6000000238418579 0.25
vt 0.6499999761581421 0.25
vt 0.699999988079071 0.25
vt 0.75 0.25
vt 0.800000011920929 0.25
vt 0.8500000238418579 0.25
vt 0.8999999761581421 0.25
vt 0.949999988079071 0.25
vt 1 0.25
vt 0 0.375
vt 0.05000000074505806 0.375
vt 0.10000000149011612 0.375
vt 0.15000000596046448 0.375
vt 0.20000000298023224 0.375
vt 0.25 0.375
vt 0.30000001192092896 0.375
vt 0.3499999940395355 0.375
vt 0.4000000059604645 0.375
vt 0.44999998807907104 0.375
vt 0.5 0.375
vt 0.550000011920929 0.375
vt 0.6000000238418579 0.375
vt 0.6499999761581421 0.375
vt 0.699999988079071 0.375
vt 0.75 0.375
vt 0.800000011920929 0.375
vt 0.8500000238418579 0.375
vt 0.8999999761581421 0.375
vt 0.949999988079071 0.375
vt 1 0.375
vt 0 0.5
vt 0.05000000074505806 0.5
vt 0.10000000149011612 0.5
vt 0.15000000596046448 0.5
vt 0.20000000298023224 0.5
vt 0.25 0.5
vt 0.30000001192092896 0.5
vt 0.3499999940395355 0.5
vt 0.4000000059604645 0.5
vt 0.44999998807907104 0.5
vt 0.5 0.5
vt 0.550000011920929 0.5
vt 0.6000000238418579 0.5
vt 0.6499999761581421 0.5
vt 0.699999988079071 0.5
vt 0.75 0.5
vt 0.800000011920929 0.5
vt 0.8500000238418579 0.5
vt 0.8999999761581421 0.5
vt 0.949999988079071 0.5
vt 1 0.5
vt 0 0.625
vt 0.05000000074505806 0.625
vt 0.10000000149011612 0.625
vt 0.15000000596046448 0.625
vt 0.20000000298023224 0.625
vt 0.25 0.625
vt 0.30000001192092896 0.625
vt 0.3499999940395355 0.625
vt 0.4000000059604645 0.625
vt 0.44999998807907104 0.625
vt 0.5 0.625
vt 0.550000011920929 0.625
vt 0.6000000238418579 0.625
vt 0.6499999761581421 0.625
vt 0.699999988079071 0.625
vt 0.75 0.625
vt 0.800000011920929 0.625
vt 0.8500000238418579 0.625
vt 0.8999999761581421 0.625
vt 0.949999988079071 0.625
vt 1 0.625
vt 0 0.75
vt 0.05000000074505806 0.75
vt 0.10000000149011612 0.75
vt 0.15000000596046448 0.75
vt 0.20000000298023224 0.75
vt 0.25 0.75
vt 0.30000001192092896 0.75
vt 0.3499999940395355 0.75
vt 0.4000000059604645 0.75
vt 0.44999998807907104 0.75
vt 0.5 0.75
vt 0.550000011920929 0.75
vt 0.6000000238418579 0.75
vt 0.6499999761581421 0.75
vt 0.699999988079071 0.75
vt 0.75 0.75
vt 0.800000011920929 0.75
vt 0.8500000238418579 0.75
vt 0.8999999761581421 0.75
vt 0.949999988079071 0.75
vt 1 0.75
vt 0 0.875
vt 0.05000000074505806 0.875
vt 0.10000000149011612 0.875
vt 0.15000000596046448 0.875
vt 0.20000000298023224 0.875
vt 0.25 0.875
vt 0.30000001192092896 0.875
vt 0.3499999940395355 0.875
vt 0.4000000059604645 0.875
vt 0.44999998807907104 0.875
vt 0.5 0.875
vt 0.550000011920929 0.875
vt 0.6000000238418579 0.875
vt 0.6499999761581421 0.875
vt 0.699999988079071 0.875
vt 0.75 0.875
vt 0.800000011920929 0.875
vt 0.8500000238418579 0.875
vt 0.8999999761581421 0.875
vt 0.949999988079071 0.875
vt 1 0.875
vt 0 1
vt 0.05000000074505806 1
vt 0.10000000149011612 1
vt 0.15000000596046448 1
vt 0.20000000298023224 1
vt 0.25 1
vt 0.30000001192092896 1
vt 0.3499999940395355 1
vt 0.4000000059604645 1
vt 0.44999998807907104 1
vt 0.5 1
vt 0.550000011920929 1
vt 0.6000000238418579 1
vt 0.6499999761581421 1
vt 0.699999988079071 1
vt 0.75 1
vt 0.800000011920929 1
vt 0.8500000238418579 1
vt 0.8999999761581421 1
vt 0.949999988079071 1
vt 1 1
vn 1 0 0
vn 0.9510565161477913 6.861555653181067e-17 0.3090169948284817
vn 0.8090170011595983 1.3051454205252937e-16 0.5877852429542022
vn 0.5877852429542022 1.796378604001166e-16 0.8090170011595983
vn 0.3090169948284817 2.1117696838941298e-16 0.9510565161477913
vn 6.123234262925839e-17 2.220446049250313e-16 1
vn -0.3090169948284817 2.1117696838941298e-16 0.9510565161477913
vn -0.5877852429542022 1.796378604001166e-16 0.8090170011595983
vn -0.8090170011595983 1.3051454205252937e-16 0.5877852429542022
vn -0.9510565161477913 6.861555653181067e-17 0.3090169948284817
vn -1 2.7192622655495665e-32 1.2246468525851679e-16
vn -0.9510565161477913 -6.861555653181067e-17 -0.3090169948284817
vn -0.8090170011595983 -1.3051454205252937e-16 -0.5877852429542022
vn -0.5877852429542022 -1.796378604001166e-16 -0.8090170011595983
vn -0.3090169948284817 -2.1117696838941298e-16 -0.9510565161477913
vn -1.8369701465288538e-16 -2.220446049250313e-16 -1
vn 0.3090169948284817 -2.1117696838941298e-16 -0.9510565161477913
vn 0.5877852429542022 -1.796378604001166e-16 -0.8090170011595983
vn 0.8090170011595983 -1.3051454205252937e-16 -0.5877852429542022
vn 0.9510565161477913 -6.861555653181067e-17 -0.3090169948284817
vn 1 -5.438524531099133e-32 -2.4492937051703357e-16
vn 0.7071067811865476 -0.7071067811865476 1.5700924586837752e-16
vn 0.6724985254555338 -0.7071067704166476 0.21850800555373534
vn 0.5720614176588762 -0.7071067668252458 0.4156269417832105
vn 0.41562694178321036 -0.7071067668252458 0.5720614176588763
vn 0.21850800555373517 -0.7071067704166475 0.6724985254555339
vn 4.329780375814312e-17 -0.7071067811865475 0.7071067811865477
vn -0.21850800555373517 -0.7071067704166475 0.6724985254555339
vn -0.41562694178321036 -0.7071067668252458 0.5720614176588763
vn -0.5720614176588762 -0.7071067668252458 0.4156269417832105
vn -0.6724985254555338 -0.7071067704166476 0.21850800555373534
vn -0.7071067811865476 -0.7071067811865476 2.4360485338466374e-16
vn -0.6724985254555339 -0.7071067704166478 -0.21850800555373504
vn -0.5720614176588762 -0.707106766825246 -0.4156269417832102
vn -0.41562694178321036 -0.707106766825246 -0.5720614176588761
vn -0.21850800555373517 -0.7071067704166477 -0.6724985254555337
vn -1.2989340465698435e-16 -0.7071067811865477 -0.7071067811865475
vn 0.21850800555373517 -0.7071067704166477 -0.6724985254555337
vn 0.41562694178321036 -0.707106766825246 -0.5720614176588761
vn 0.5720614176588762 -0.707106766825246 -0.4156269417832102
vn 0.6724985254555339 -0.7071067704166478 -0.21850800555373504
vn 0.7071067811865476 -0.7071067811865476 -1.6181969164194976e-17
vn 0 -1 2.220446049250313e-16
vn 0 -1 2.220446049250313e-16
vn 0 -1 2.220446049250313e-16
vn 0 -1 2.220446049250313e-16
vn 0 -1 2.220446049250313e-16
vn 0 -1 2.220446049250313e-16
vn 0 -1 2.220446049250313e-16
vn 0 -1 2.220446049250313e-16
vn 0 -1 2.220446049250313e-16
vn 0 -1 2.220446049250313e-16
vn 0 -1 2.220446049250313e-16
vn 0 -1 2.220446049250313e-16
vn 0 -1 2.220446049250313e-16
vn 0 -1 2.220446049250313e-16
vn 0 -1 2.220446049250313e-16
vn 0 -1 2.220446049250313e-16
vn 0 -1 2.220446049250313e-16
vn 0 -1 2.220446049250313e-16
vn 0 -1 2.220446049250313e-16
vn 0 -1 2.220446049250313e-16
vn 0 -1 2.220446049250313e-16
vn -0.7071067811865476 -0.7071067811865476 1.5700924586837752e-16
vn -0.6724985254555339 -0.7071067704166478 -0.21850800555373504
vn -0.5720614176588762 -0.707106766825246 -0.4156269417832102
vn -0.41562694178321036 -0.707106766825246 -0.5720614176588761
vn -0.21850800555373517 -0.7071067704166477 -0.6724985254555337
vn -4.329780375814312e-17 -0.7071067811865477 -0.7071067811865475
vn 0.21850800555373517 -0.7071067704166477 -0.6724985254555337
vn 0.41562694178321036 -0.707106766825246 -0.5720614176588761
vn 0.5720614176588762 -0.707106766825246 -0.4156269417832102
vn 0.6724985254555339 -0.7071067704166478 -0.21850800555373504
vn 0.7071067811865476 -0.7071067811865476 7.041363835209127e-17
vn 0.6724985254555338 -0.7071067704166476 0.21850800555373534
vn 0.5720614176588762 -0.7071067668252458 0.4156269417832105
vn 0.41562694178321036 -0.7071067668252458 0.5720614176588763
vn 0.21850800555373517 -0.7071067704166475 0.6724985254555339
vn 1.2989340465698435e-16 -0.7071067811865475 0.7071067811865477
vn -0.21850800555373517 -0.7071067704166475 0.6724985254555339
vn -0.41562694178321036 -0.7071067668252458 0.5720614176588763
vn -0.5720614176588762 -0.7071067668252458 0.4156269417832105
vn -0.6724985254555338 -0.7071067704166476 0.21850800555373534
vn -0.7071067811865476 -0.7071067811865476 3.3020046090095e-16
vn -1 -1.2246468525851679e-16 2.7192622655495665e-32
vn -0.9510565161477913 -1.9108023871735888e-16 -0.3090169948284817
vn -0.8090170011595983 -2.529792270956473e-16 -0.5877852429542022
vn -0.5877852429542022 -3.021025454432345e-16 -0.8090170011595983
vn -0.3090169948284817 -3.336416505749612e-16 -0.9510565161477913
vn -6.123234262925839e-17 -3.445092901835481e-16 -1
vn 0.3090169948284817 -3.336416505749612e-16 -0.9510565161477913
vn 0.5877852429542022 -3.021025454432345e-16 -0.8090170011595983
vn 0.8090170011595983 -2.529792270956473e-16 -0.5877852429542022
vn 0.9510565161477913 -1.9108023871735888e-16 -0.3090169948284817
vn 1 -1.224646852585168e-16 -1.2246468525851676e-16
vn 0.9510565161477913 -5.384912565373755e-17 0.3090169948284817
vn 0.8090170011595983 8.049857009411436e-18 0.5877852429542022
vn 0.5877852429542022 5.717317535699868e-17 0.8090170011595983
vn 0.3090169948284817 8.871228620386475e-17 0.9510565161477913
vn 1.8369701465288538e-16 9.957991966651452e-17 1
vn -0.3090169948284817 8.871228620386475e-17 0.9510565161477913
vn -0.5877852429542022 5.717317535699868e-17 0.8090170011595983
vn -0.8090170011595983 8.049857009411436e-18 0.5877852429542022
vn -0.9510565161477913 -5.384912565373755e-17 0.3090169948284817
vn -1 -1.2246468525851674e-16 2.449293705170336e-16
vn -0.7071067811865476 0.7071067811865476 -1.5700924586837752e-16
vn -0.6724985254555338 0.7071067704166476 -0.21850800555373534
vn -0.5720614176588762 0.7071067668252458 -0.4156269417832105
vn -0.41562694178321036 0.7071067668252458 -0.5720614176588763
vn -0.21850800555373517 0.7071067704166475 -0.6724985254555339
vn -4.329780375814312e-17 0.7071067811865475 -0.7071067811865477
vn 0.21850800555373517 0.7071067704166475 -0.6724985254555339
vn 0.41562694178321036 0.7071067668252458 -0.5720614176588763
vn 0.5720614176588762 0.7071067668252458 -0.4156269417832105
vn 0.6724985254555338 0.7071067704166476 -0.21850800555373534
vn 0.7071067811865476 0.7071067811865476 -2.4360485338466374e-16
vn 0.6724985254555339 0.7071067704166478 0.21850800555373504
vn 0.5720614176588762 0.707106766825246 0.4156269417832102
vn 0.41562694178321036 0.707106766825246 0.5720614176588761
vn 0.21850800555373517 0.7071067704166477 0.6724985254555337
vn 1.2989340465698435e-16 0.7071067811865477 0.7071067811865475
vn -0.21850800555373517 0.7071067704166477 0.6724985254555337
vn -0.41562694178321036 0.707106766825246 0.5720614176588761
vn -0.5720614176588762 0.707106766825246 0.4156269417832102
vn -0.6724985254555339 0.7071067704166478 0.21850800555373504
vn -0.7071067811865476 0.7071067811865476 1.6181969164194976e-17
vn 0 1 -2.220446049250313e-16
vn 0 1 -2.220446049250313e-16
vn 0 1 -2.220446049250313e-16
vn 0 1 -2.220446049250313e-16
vn 0 1 -2.220446049250313e-16
vn 0 1 -2.220446049250313e-16
vn 0 1 -2.220446049250313e-16
vn 0 1 -2.220446049250313e-16
vn 0 1 -2.220446049250313e-16
vn 0 1 -2.220446049250313e-16
vn 0 1 -2.220446049250313e-16
vn 0 1 -2.220446049250313e-16
vn 0 1 -2.220446049250313e-16
vn 0 1 -2.220446049250313e-16
vn 0 1 -2.220446049250313e-16
vn 0 1 -2.220446049250313e-16
vn 0 1 -2.220446049250313e-16
vn 0 1 -2.220446049250313e-16
vn 0 1 -2.220446049250313e-16
vn 0 1 -2.220446049250313e-16
vn 0 1 -2.220446049250313e-16
vn 0.7071067811865476 0.7071067811865476 -1.5700924586837752e-16
vn 0.6724985254555339 0.7071067704166478 0.21850800555373504
vn 0.5720614176588762 0.707106766825246 0.4156269417832102
vn 0.41562694178321036 0.707106766825246 0.5720614176588761
vn 0.21850800555373517 0.7071067704166477 0.6724985254555337
vn 4.329780375814312e-17 0.7071067811865477 0.7071067811865475
vn -0.21850800555373517 0.7071067704166477 0.6724985254555337
vn -0.41562694178321036 0.707106766825246 0.5720614176588761
vn -0.5720614176588762 0.707106766825246 0.4156269417832102
vn -0.6724985254555339 0.7071067704166478 0.21850800555373504
vn -0.7071067811865476 0.7071067811865476 -7.041363835209127e-17
vn -0.6724985254555338 0.7071067704166476 -0.21850800555373534
vn -0.5720614176588762 0.7071067668252458 -0.4156269417832105
vn -0.41562694178321036 0.7071067668252458 -0.5720614176588763
vn -0.21850800555373517 0.7071067704166475 -0.6724985254555339
vn -1.2989340465698435e-16 0.7071067811865475 -0.7071067811865477
vn 0.21850800555373517 0.7071067704166475 -0.6724985254555339
vn 0.41562694178321036 0.7071067668252458 -0.5720614176588763
vn 0.5720614176588762 0.7071067668252458 -0.4156269417832105
vn 0.6724985254555338 0.7071067704166476 -0.21850800555373534
vn 0.7071067811865476 0.7071067811865476 -3.3020046090095e-16
vn 1 2.4492937051703357e-16 -5.438524531099133e-32
vn 0.9510565161477913 3.1354492090290713e-16 0.3090169948284817
vn 0.8090170011595983 3.7544391213876524e-16 0.5877852429542022
vn 0.5877852429542022 4.2456723048635244e-16 0.8090170011595983
vn 0.3090169948284817 4.561063327605094e-16 0.9510565161477913
vn 6.123234262925839e-17 4.669739754420649e-16 1
vn -0.3090169948284817 4.561063327605094e-16 0.9510565161477913
vn -0.5877852429542022 4.2456723048635244e-16 0.8090170011595983
vn -0.8090170011595983 3.7544391213876524e-16 0.5877852429542022
vn -0.9510565161477913 3.1354492090290713e-16 0.3090169948284817
vn -1 2.449293705170336e-16 1.2246468525851674e-16
vn -0.9510565161477913 1.7631380783928578e-16 -0.3090169948284817
vn -0.8090170011595983 1.144148280337065e-16 -0.5877852429542022
vn -0.5877852429542022 6.529150968611926e-17 -0.8090170011595983
vn -0.3090169948284817 3.375239598168347e-17 -0.9510565161477913
vn -1.8369701465288538e-16 2.2884765592002263e-17 -1
vn 0.3090169948284817 3.375239598168347e-17 -0.9510565161477913
vn 0.5877852429542022 6.529150968611926e-17 -0.8090170011595983
vn 0.8090170011595983 1.144148280337065e-16 -0.5877852429542022
vn 0.9510565161477913 1.7631380783928578e-16 -0.3090169948284817
vn 1 2.449293705170335e-16 -2.449293705170336e-16
f 1142/1142/1142 1121/1121/1121 1143/1143/1143
f 1121/1121/1121 1122/1122/1122 1143/1143/1143
f 1143/1143/1143 1122/1122/1122 1144/1144/1144
f 1122/1122/1122 1123/1123/1123 1144/1144/1144
f 1144/1144/1144 1123/1123/1123 1145/1145/1145
f 1123/1123/1123 1124/1124/1124 1145/1145/1145
f 1145/1145/1145 1124/1124/1124 1146/1146/1146
f 1124/1124/1124 1125/1125/1125 1146/1146/1146
f 1146/1146/1146 1125/1125/1125 1147/1147/1147
f 1125/1125/1125 1126/1126/1126 1147/1147/1147
f 1147/1147/1147 1126/1126/1126 1148/1148/1148
f 1126/1126/1126 1127/1127/1127 1148/1148/1148
f 1148/1148/1148 1127/1127/1127 1149/1149/1149
f 1127/1127/1127 1128/1128/1128 1149/1149/1149
f 1149/1149/1149 1128/1128/1128 1150/1150/1150
f 1128/1128/1128 1129/1129/1129 1150/1150/1150
f 1150/1150/1150 1129/1129/1129 1151/1151/1151
f 1129/1129/1129 1130/1130/1130 1151/1151/1151
f 1151/1151/1151 1130/1130/1130 1152/1152/1152
f 1130/1130/1130 1131/1131/1131 1152/1152/1152
f 1152/1152/1152 1131/1131/1131 1153/1153/1153
f 1131/1131/1131 1132/1132/1132 1153/1153/1153
f 1153/1153/1153 1132/1132/1132 1154/1154/1154
f 1132/1132/1132 1133/1133/1133 1154/1154/1154
f 1154/1154/1154 1133/1133/1133 1155/1155/1155
f 1133/1133/1133 1134/1134/1134 1155/1155/1155
f 1155/1155/1155 1134/1134/1134 1156/1156/1156
f 1134/1134/1134 1135/1135/1135 1156/1156/1156
f 1156/1156/1156 1135/1135/1135 1157/1157/1157
f 1135/1135/1135 1136/1136/1136 1157/1157/1157
f 1157/1157/1157 1136/1136/1136 1158/1158/1158
f 1136/1136/1136 1137/1137/1137 1158/1158/1158
f 1158/1158/1158 1137/1137/1137 1159/1159/1159
f 1137/1137/1137 1138/1138/1138 1159/1159/1159
f 1159/1159/1159 1138/1138/1138 1160/1160/1160
f 1138/1138/1138 1139/1139/1139 1160/1160/1160
f 1160/1160/1160 1139/1139/1139 1161/1161/1161
f 1139/1139/1139 1140/1140/1140 1161/1161/1161
f 1161/1161/1161 1140/1140/1140 1162/1162/1162
f 1140/1140/1140 1141/1141/1141 1162/1162/1162
f 1163/1163/1163 1142/1142/1142 1164/1164/1164
f 1142/1142/1142 1143/1143/1143 1164/1164/1164
f 1164/1164/1164 1143/1143/1143 1165/1165/1165
f 1143/1143/1143 1144/1144/1144 1165/1165/1165
f 1165/1165/1165 1144/1144/1144 1166/1166/1166
f 1144/1144/1144 1145/1145/1145 1166/1166/1166
f 1166/1166/1166 1145/1145/1145 1167/1167/1167
f 1145/1145/1145 1146/1146/1146 1167/1167/1167
f 1167/1167/1167 1146/1146/1146 1168/1168/1168
f 1146/1146/1146 1147/1147/1147 1168/1168/1168
f 1168/1168/1168 1147/1147/1147 1169/1169/1169
f 1147/1147/1147 1148/1148/1148 1169/1169/1169
f 1169/1169/1169 1148/1148/1148 1170/1170/1170
f 1148/1148/1148 1149/1149/1149 1170/1170/1170
f 1170/1170/1170 1149/1149/1149 1171/1171/1171
f 1149/1149/1149 1150/1150/1150 1171/1171/1171
f 1171/1171/1171 1150/1150/1150 1172/1172/1172
f 1150/1150/1150 1151/1151/1151 1172/1172/1172
f 1172/1172/1172 1151/1151/1151 1173/1173/1173
f 1151/1151/1151 1152/1152/1152 1173/1173/1173
f 1173/1173/1173 1152/1152/1152 1174/1174/1174
f 1152/1152/1152 1153/1153/1153 1174/1174/1174
f 1174/1174/1174 1153/1153/1153 1175/1175/1175
f 1153/1153/1153 1154/1154/1154 1175/1175/1175
f 1175/1175/1175 1154/1154/1154 1176/1176/1176
f 1154/1154/1154 1155/1155/1155 1176/1176/1176
f 1176/1176/1176 1155/1155/1155 1177/1177/1177
f 1155/1155/1155 1156/1156/1156 1177/1177/1177
f 1177/1177/1177 1156/1156/1156 1178/1178/1178
f 1156/1156/1156 1157/1157/1157 1178/1178/1178
f 1178/1178/1178 1157/1157/1157 1179/1179/1179
f 1157/1157/1157 1158/1158/1158 1179/1179/1179
f 1179/1179/1179 1158/1158/1158 1180/1180/1180
f 1158/1158/1158 1159/1159/1159 1180/1180/1180
f 1180/1180/1180 1159/1159/1159 1181/1181/1181
f 1159/1159/1159 1160/1160/1160 1181/1181/1181
f 1181/1181/1181 1160/1160/1160 1182/1182/1182
f 1160/1160/1160 1161/1161/1161 1182/1182/1182
f 1182/1182/1182 1161/1161/1161 1183/1183/1183
f 1161/1161/1161 1162/1162/1162 1183/1183/1183
f 1184/1184/1184 1163/1163/1163 1185/1185/1185
f 1163/1163/1163 1164/1164/1164 1185/1185/1185
f 1185/1185/1185 1164/1164/1164 1186/1186/1186
f 1164/1164/1164 1165/1165/1165 1186/1186/1186
f 1186/1186/1186 1165/1165/1165 1187/1187/1187
f 1165/1165/1165 1166/1166/1166 1187/1187/1187
f 1187/1187/1187 1166/1166/1166 1188/1188/1188
f 1166/1166/1166 1167/1167/1167 1188/1188/1188
f 1188/1188/1188 1167/1167/1167 1189/1189/1189
f 1167/1167/1167 1168/1168/1168 1189/1189/1189
f 1189/1189/1189 1168/1168/1168 1190/1190/1190
f 1168/1168/1168 1169/1169/1169 1190/1190/1190
f 1190/1190/1190 1169/1169/1169 1191/1191/1191
f 1169/1169/1169 1170/1170/1170 1191/1191/1191
f 1191/1191/1191 1170/1170/1170 1192/1192/1192
f 1170/1170/1170 1171/1171/1171 1192/1192/1192
f 1192/1192/1192 1171/1171/1171 1193/1193/1193
f 1171/1171/1171 1172/1172/1172 1193/1193/1193
f 1193/1193/1193 1172/1172/1172 1194/1194/1194
f 1172/1172/1172 1173/1173/1173 1194/1194/1194
f 1194/1194/1194 1173/1173/1173 1195/1195/1195
f 1173/1173/1173 1174/1174/1174 1195/1195/1195
f 1195/1195/1195 1174/1174/1174 1196/1196/1196
f 1174/1174/1174 1175/1175/1175 1196/1196/1196
f 1196/1196/1196 1175/1175/1175 1197/1197/1197
f 1175/1175/1175 1176/1176/1176 1197/1197/1197
f 1197/1197/1197 1176/1176/1176 1198/1198/1198
f 1176/1176/1176 1177/1177/1177 1198/1198/1198
f 1198/1198/1198 1177/1177/1177 1199/1199/1199
f 1177/1177/1177 1178/1178/1178 1199/1199/1199
f 1199/1199/1199 1178/1178/1178 1200/1200/1200
f 1178/1178/1178 1179/1179/1179 1200/1200/1200
f 1200/1200/1200 1179/1179/1179 1201/1201/1201
f 1179/1179/1179 1180/1180/1180 1201/1201/1201
f 1201/1201/1201 1180/1180/1180 1202/1202/1202
f 1180/1180/1180 1181/1181/1181 1202/1202/1202
f 1202/1202/1202 1181/1181/1181 1203/1203/1203
f 1181/1181/1181 1182/1182/1182 1203/1203/1203
f 1203/1203/1203 1182/1182/1182 1204/1204/1204
f 1182/1182/1182 1183/1183/1183 1204/1204/1204
f 1205/1205/1205 1184/1184/1184 1206/1206/1206
f 1184/1184/1184 1185/1185/1185 1206/1206/1206
f 1206/1206/1206 1185/1185/1185 1207/1207/1207
f 1185/1185/1185 1186/1186/1186 1207/1207/1207
f 1207/1207/1207 1186/1186/1186 1208/1208/1208
f 1186/1186/1186 1187/1187/1187 1208/1208/1208
f 1208/1208/1208 1187/1187/1187 1209/1209/1209
f 1187/1187/1187 1188/1188/1188 1209/1209/1209
f 1209/1209/1209 1188/1188/1188 1210/1210/1210
f 1188/1188/1188 1189/1189/1189 1210/1210/1210
f 1210/1210/1210 1189/1189/1189 1211/1211/1211
f 1189/1189/1189 1190/1190/1190 1211/1211/1211
f 1211/1211/1211 1190/1190/1190 1212/1212/1212
f 1190/1190/1190 1191/1191/1191 1212/1212/1212
f 1212/1212/1212 1191/1191/1191 1213/1213/1213
f 1191/1191/1191 1192/1192/1192 1213/1213/1213
f 1213/1213/1213 1192/1192/1192 1214/1214/1214
f 1192/1192/1192 1193/1193/1193 1214/1214/1214
f 1214/1214/1214 1193/1193/1193 1215/1215/1215
f 1193/1193/1193 1194/1194/1194 1215/1215/1215
f 1215/1215/1215 1194/1194/1194 1216/1216/1216
f 1194/1194/1194 1195/1195/1195 1216/1216/1216
f 1216/1216/1216 1195/1195/1195 1217/1217/1217
f 1195/1195/1195 1196/1196/1196 1217/1217/1217
f 1217/1217/1217 1196/1196/1196 1218/1218/1218
f 1196/1196/1196 1197/1197/1197 1218/1218/1218
f 1218/1218/1218 1197/1197/1197 1219/1219/1219
f 1197/1197/1197 1198/1198/1198 1219/1219/1219
f 1219/1219/1219 1198/1198/1198 1220/1220/1220
f 1198/1198/1198 1199/1199/1199 1220/1220/1220
f 1220/1220/1220 1199/1199/1199 1221/1221/1221
f 1199/1199/1199 1200/1200/1200 1221/1221/1221
f 1221/1221/1221 1200/1200/1200 1222/1222/1222
f 1200/1200/1200 1201/1201/1201 1222/1222/1222
f 1222/1222/1222 1201/1201/1201 1223/1223/1223
f 1201/1201/1201 1202/1202/1202 1223/1223/1223
f 1223/1223/1223 1202/1202/1202 1224/1224/1224
f 1202/1202/1202 1203/1203/1203 1224/1224/1224
f 1224/1224/1224 1203/1203/1203 1225/1225/1225
f 1203/1203/1203 1204/1204/1204 1225/1225/1225
f 1226/1226/1226 1205/1205/1205 1227/1227/1227
f 1205/1205/1205 1206/1206/1206 1227/1227/1227
f 1227/1227/1227 1206/1206/1206 1228/1228/1228
f 1206/1206/1206 1207/1207/1207 1228/1228/1228
f 1228/1228/1228 1207/1207/1207 1229/1229/1229
f 1207/1207/1207 1208/1208/1208 1229/1229/1229
f 1229/1229/1229 1208/1208/1208 1230/1230/1230
f 1208/1208/1208 1209/1209/1209 1230/1230/1230
f 1230/1230/1230 1209/1209/1209 1231/1231/1231
f 1209/1209/1209 1210/1210/1210 1231/1231/1231
f 1231/1231/1231 1210/1210/1210 1232/1232/1232
f 1210/1210/1210 1211/1211/1211 1232/1232/1232
f 1232/1232/1232 1211/1211/1211 1233/1233/1233
f 1211/1211/1211 1212/1212/1212 1233/1233/1233
f 1233/1233/1233 1212/1212/1212 1234/1234/1234
f 1212/1212/1212 1213/1213/1213 1234/1234/1234
f 1234/1234/1234 1213/1213/1213 1235/1235/1235
f 1213/1213/1213 1214/1214/1214 1235/1235/1235
f 1235/1235/1235 1214/1214/1214 1236/1236/1236
f 1214/1214/1214 1215/1215/1215 1236/1236/1236
f 1236/1236/1236 1215/1215/1215 1237/1237/1237
f 1215/1215/1215 1216/1216/1216 1237/1237/1237
f 1237/1237/1237 1216/1216/1216 1238/1238/1238
f 1216/1216/1216 1217/1217/1217 1238/1238/1238
f 1238/1238/1238 1217/1217/1217 1239/1239/1239
f 1217/1217/1217 1218/1218/1218 1239/1239/1239
f 1239/1239/1239 1218/1218/1218 1240/1240/1240
f 1218/1218/1218 1219/1219/1219 1240/1240/1240
f 1240/1240/1240 1219/1219/1219 1241/1241/1241
f 1219/1219/1219 1220/1220/1220 1241/1241/1241
f 1241/1241/1241 1220/1220/1220 1242/1242/1242
f 1220/1220/1220 1221/1221/1221 1242/1242/1242
f 1242/1242/1242 1221/1221/1221 1243/1243/1243
f 1221/1221/1221 1222/1222/1222 1243/1243/1243
f 1243/1243/1243 1222/1222/1222 1244/1244/1244
f 1222/1222/1222 1223/1223/1223 1244/1244/1244
f 1244/1244/1244 1223/1223/1223 1245/1245/1245
f 1223/1223/1223 1224/1224/1224 1245/1245/1245
f 1245/1245/1245 1224/1224/1224 1246/1246/1246
f 1224/1224/1224 1225/1225/1225 1246/1246/1246
f 1247/1247/1247 1226/1226/1226 1248/1248/1248
f 1226/1226/1226 1227/1227/1227 1248/1248/1248
f 1248/1248/1248 1227/1227/1227 1249/1249/1249
f 1227/1227/1227 1228/1228/1228 1249/1249/1249
f 1249/1249/1249 1228/1228/1228 1250/1250/1250
f 1228/1228/1228 1229/1229/1229 1250/1250/1250
f 1250/1250/1250 1229/1229/1229 1251/1251/1251
f 1229/1229/1229 1230/1230/1230 1251/1251/1251
f 1251/1251/1251 1230/1230/1230 1252/1252/1252
f 1230/1230/1230 1231/1231/1231 1252/1252/1252
f 1252/1252/1252 1231/1231/1231 1253/1253/1253
f 1231/1231/1231 1232/1232/1232 1253/1253/1253
f 1253/1253/1253 1232/1232/1232 1254/1254/1254
f 1232/1232/1232 1233/1233/1233 1254/1254/1254
f 1254/1254/1254 1233/1233/1233 1255/1255/1255
f 1233/1233/1233 1234/1234/1234 1255/1255/1255
f 1255/1255/1255 1234/1234/1234 1256/1256/1256
f 1234/1234/1234 1235/1235/1235 1256/1256/1256
f 1256/1256/1256 1235/1235/1235 1257/1257/1257
f 1235/1235/1235 1236/1236/1236 1257/1257/1257
f 1257/1257/1257 1236/1236/1236 1258/1258/1258
f 1236/1236/1236 1237/1237/1237 1258/1258/1258
f 1258/1258/1258 1237/1237/1237 1259/1259/1259
f 1237/1237/1237 1238/1238/1238 1259/1259/1259
f 1259/1259/1259 1238/1238/1238 1260/1260/1260
f 1238/1238/1238 1239/1239/1239 1260/1260/1260
f 1260/1260/1260 1239/1239/1239 1261/1261/1261
f 1239/1239/1239 1240/1240/1240 1261/1261/1261
f 1261/1261/1261 1240/1240/1240 1262/1262/1262
f 1240/1240/1240 1241/1241/1241 1262/1262/1262
f 1262/1262/1262 1241/1241/1241 1263/1263/1263
f 1241/1241/1241 1242/1242/1242 1263/1263/1263
f 1263/1263/1263 1242/1242/1242 1264/1264/1264
f 1242/1242/1242 1243/1243/1243 1264/1264/1264
f 1264/1264/1264 1243/1243/1243 1265/1265/1265
f 1243/1243/1243 1244/1244/1244 1265/1265/1265
f 1265/1265/1265 1244/1244/1244 1266/1266/1266
f 1244/1244/1244 1245/1245/1245 1266/1266/1266
f 1266/1266/1266 1245/1245/1245 1267/1267/1267
f 1245/1245/1245 1246/1246/1246 1267/1267/1267
f 1268/1268/1268 1247/1247/1247 1269/1269/1269
f 1247/1247/1247 1248/1248/1248 1269/1269/1269
f 1269/1269/1269 1248/1248/1248 1270/1270/1270
f 1248/1248/1248 1249/1249/1249 1270/1270/1270
f 1270/1270/1270 1249/1249/1249 1271/1271/1271
f 1249/1249/1249 1250/1250/1250 1271/1271/1271
f 1271/1271/1271 1250/1250/1250 1272/1272/1272
f 1250/1250/1250 1251/1251/1251 1272/1272/1272
f 1272/1272/1272 1251/1251/1251 1273/1273/1273
f 1251/1251/1251 1252/1252/1252 1273/1273/1273
f 1273/1273/1273 1252/1252/1252 1274/1274/1274
f 1252/1252/1252 1253/1253/1253 1274/1274/1274
f 1274/1274/1274 1253/1253/1253 1275/1275/1275
f 1253/1253/1253 1254/1254/1254 1275/1275/1275
f 1275/1275/1275 1254/1254/1254 1276/1276/1276
f 1254/1254/1254 1255/1255/1255 1276/1276/1276
f 1276/1276/1276 1255/1255/1255 1277/1277/1277
f 1255/1255/1255 1256/1256/1256 1277/1277/1277
f 1277/1277/1277 1256/1256/1256 1278/1278/1278
f 1256/1256/1256 1257/1257/1257 1278/1278/1278
f 1278/1278/1278 1257/1257/1257 1279/1279/1279
f 1257/1257/1257 1258/1258/1258 1279/1279/1279
f 1279/1279/1279 1258/1258/1258 1280/1280/1280
f 1258/1258/1258 1259/1259/1259 1280/1280/1280
f 1280/1280/1280 1259/1259/1259 1281/1281/1281
f 1259/1259/1259 1260/1260/1260 1281/1281/1281
f 1281/1281/1281 1260/1260/1260 1282/1282/1282
f 1260/1260/1260 1261/1261/1261 1282/1282/1282
f 1282/1282/1282 1261/1261/1261 1283/1283/1283
f 1261/1261/1261 1262/1262/1262 1283/1283/1283
f 1283/1283/1283 1262/1262/1262 1284/1284/1284
f 1262/1262/1262 1263/1263/1263 1284/1284/1284
f 1284/1284/1284 1263/1263/1263 1285/1285/1285
f 1263/1263/1263 1264/1264/1264 1285/1285/1285
f 1285/1285/1285 1264/1264/1264 1286/1286/1286
f 1264/1264/1264 1265/1265/1265 1286/1286/1286
f 1286/1286/1286 1265/1265/1265 1287/1287/1287
f 1265/1265/1265 1266/1266/1266 1287/1287/1287
f 1287/1287/1287 1266/1266/1266 1288/1288/1288
f 1266/1266/1266 1267/1267/1267 1288/1288/1288
f 1289/1289/1289 1268/1268/1268 1290/1290/1290
f 1268/1268/1268 1269/1269/1269 1290/1290/1290
f 1290/1290/1290 1269/1269/1269 1291/1291/1291
f 1269/1269/1269 1270/1270/1270 1291/1291/1291
f 1291/1291/1291 1270/1270/1270 1292/1292/1292
f 1270/1270/1270 1271/1271/1271 1292/1292/1292
f 1292/1292/1292 1271/1271/1271 1293/1293/1293
f 1271/1271/1271 1272/1272/1272 1293/1293/1293
f 1293/1293/1293 1272/1272/1272 1294/1294/1294
f 1272/1272/1272 1273/1273/1273 1294/1294/1294
f 1294/1294/1294 1273/1273/1273 1295/1295/1295
f 1273/1273/1273 1274/1274/1274 1295/1295/1295
f 1295/1295/1295 1274/1274/1274 1296/1296/1296
f 1274/1274/1274 1275/1275/1275 1296/1296/1296
f 1296/1296/1296 1275/1275/1275 1297/1297/1297
f 1275/1275/1275 1276/1276/1276 1297/1297/1297
f 1297/1297/1297 1276/1276/1276 1298/1298/1298
f 1276/1276/1276 1277/1277/1277 1298/1298/1298
f 1298/1298/1298 1277/1277/1277 1299/1299/1299
f 1277/1277/1277 1278/1278/1278 1299/1299/1299
f 1299/1299/1299 1278/1278/1278 1300/1300/1300
f 1278/1278/1278 1279/1279/1279 1300/1300/1300
f 1300/1300/1300 1279/1279/1279 1301/1301/1301
f 1279/1279/1279 1280/1280/1280 1301/1301/1301
f 1301/1301/1301 1280/1280/1280 1302/1302/1302
f 1280/1280/1280 1281/1281/1281 1302/1302/1302
f 1302/1302/1302 1281/1281/1281 1303/1303/1303
f 1281/1281/1281 1282/1282/1282 1303/1303/1303
f 1303/1303/1303 1282/1282/1282 1304/1304/1304
f 1282/1282/1282 1283/1283/1283 1304/1304/1304
f 1304/1304/1304 1283/1283/1283 1305/1305/1305
f 1283/1283/1283 1284/1284/1284 1305/1305/1305
f 1305/1305/1305 1284/1284/1284 1306/1306/1306
f 1284/1284/1284 1285/1285/1285 1306/1306/1306
f 1306/1306/1306 1285/1285/1285 1307/1307/1307
f 1285/1285/1285 1286/1286/1286 1307/1307/1307
f 1307/1307/1307 1286/1286/1286 1308/1308/1308
f 1286/1286/1286 1287/1287/1287 1308/1308/1308
f 1308/1308/1308 1287/1287/1287 1309/1309/1309
f 1287/1287/1287 1288/1288/1288 1309/1309/1309
o granary_conical_thatch_cap
usemtl dark_thatch
v 2.2 3.4250000095367437 0.6
v 2.2 3.4250000095367437 0.6
v 2.2 3.4250000095367437 0.6
v 2.2 3.4250000095367437 0.6
v 2.2 3.4250000095367437 0.6
v 2.2 3.4250000095367437 0.6
v 2.2 3.4250000095367437 0.6
v 2.2 3.4250000095367437 0.6
v 2.2 3.4250000095367437 0.6
v 2.2 3.4250000095367437 0.6
v 2.2 3.4250000095367437 0.6
v 2.2 3.4250000095367437 0.6
v 2.2 3.4250000095367437 0.6
v 2.2 3.4250000095367437 0.6
v 2.2 3.4250000095367437 0.6
v 2.2 3.4250000095367437 0.6
v 2.2 3.4250000095367437 0.6
v 2.2 2.3199999904632573 1.7875
v 2.6544365704059603 2.3199999904632573 1.69710693359375
v 3.039689314365387 2.3199999904632573 1.439689314365387
v 3.29710693359375 2.3199999904632573 1.0544365704059602
v 3.3875 2.3199999904632573 0.6000000000000001
v 3.29710693359375 2.3199999904632573 0.1455634295940399
v 3.039689314365387 2.3199999904632573 -0.23968931436538699
v 2.6544365704059603 2.3199999904632573 -0.49710693359375
v 2.2 2.3199999904632573 -0.5875
v 1.74556342959404 2.3199999904632573 -0.49710693359375
v 1.3603106856346132 2.3199999904632573 -0.23968931436538699
v 1.1028930664062502 2.3199999904632573 0.1455634295940399
v 1.0125000000000002 2.3199999904632573 0.5999999999999998
v 1.1028930664062502 2.3199999904632573 1.0544365704059602
v 1.3603106856346132 2.3199999904632573 1.439689314365387
v 1.74556342959404 2.3199999904632573 1.69710693359375
v 2.1999999999999997 2.3199999904632573 1.7875
v 2.2 2.3199999904632573 0.6
v 2.2 2.3199999904632573 0.6
v 2.2 2.3199999904632573 0.6
v 2.2 2.3199999904632573 0.6
v 2.2 2.3199999904632573 0.6
v 2.2 2.3199999904632573 0.6
v 2.2 2.3199999904632573 0.6
v 2.2 2.3199999904632573 0.6
v 2.2 2.3199999904632573 0.6
v 2.2 2.3199999904632573 0.6
v 2.2 2.3199999904632573 0.6
v 2.2 2.3199999904632573 0.6
v 2.2 2.3199999904632573 0.6
v 2.2 2.3199999904632573 0.6
v 2.2 2.3199999904632573 0.6
v 2.2 2.3199999904632573 0.6
v 2.2 2.3199999904632573 1.7875
v 2.6544365704059603 2.3199999904632573 1.69710693359375
v 3.039689314365387 2.3199999904632573 1.439689314365387
v 3.29710693359375 2.3199999904632573 1.0544365704059602
v 3.3875 2.3199999904632573 0.6000000000000001
v 3.29710693359375 2.3199999904632573 0.1455634295940399
v 3.039689314365387 2.3199999904632573 -0.23968931436538699
v 2.6544365704059603 2.3199999904632573 -0.49710693359375
v 2.2 2.3199999904632573 -0.5875
v 1.74556342959404 2.3199999904632573 -0.49710693359375
v 1.3603106856346132 2.3199999904632573 -0.23968931436538699
v 1.1028930664062502 2.3199999904632573 0.1455634295940399
v 1.0125000000000002 2.3199999904632573 0.5999999999999998
v 1.1028930664062502 2.3199999904632573 1.0544365704059602
v 1.3603106856346132 2.3199999904632573 1.439689314365387
v 1.74556342959404 2.3199999904632573 1.69710693359375
v 2.1999999999999997 2.3199999904632573 1.7875
vt 0 1
vt 0.0625 1
vt 0.125 1
vt 0.1875 1
vt 0.25 1
vt 0.3125 1
vt 0.375 1
vt 0.4375 1
vt 0.5 1
vt 0.5625 1
vt 0.625 1
vt 0.6875 1
vt 0.75 1
vt 0.8125 1
vt 0.875 1
vt 0.9375 1
vt 1 1
vt 0 0
vt 0.0625 0
vt 0.125 0
vt 0.1875 0
vt 0.25 0
vt 0.3125 0
vt 0.375 0
vt 0.4375 0
vt 0.5 0
vt 0.5625 0
vt 0.625 0
vt 0.6875 0
vt 0.75 0
vt 0.8125 0
vt 0.875 0
vt 0.9375 0
vt 1 0
vt 0.5 0.5
vt 0.5 0.5
vt 0.5 0.5
vt 0.5 0.5
vt 0.5 0.5
vt 0.5 0.5
vt 0.5 0.5
vt 0.5 0.5
vt 0.5 0.5
vt 0.5 0.5
vt 0.5 0.5
vt 0.5 0.5
vt 0.5 0.5
vt 0.5 0.5
vt 0.5 0.5
vt 0.5 0.5
vt 1 0.5
vt 0.9619397521018982 0.30865827202796936
vt 0.8535534143447876 0.1464466154575348
vt 0.6913416981697083 0.03806023299694061
vt 0.5 0
vt 0.30865827202796936 0.03806023299694061
vt 0.1464466154575348 0.1464466154575348
vt 0.03806023299694061 0.30865827202796936
vt 0 0.5
vt 0.03806023299694061 0.6913416981697083
vt 0.1464466154575348 0.8535534143447876
vt 0.30865827202796936 0.9619397521018982
vt 0.5 1
vt 0.6913416981697083 0.9619397521018982
vt 0.8535534143447876 0.8535534143447876
vt 0.9619397521018982 0.6913416981697083
vt 1 0.5
vn 0 0.7320794953396544 0.6812192103157667
vn 0.2606913114704107 0.7320794961891472 0.6293644821431231
vn 0.48169472206265745 0.7320794966900508 0.48169472206265745
vn 0.6293644821431231 0.7320794961891472 0.2606913114704107
vn 0.6812192103157667 0.7320794953396544 4.171264642792186e-17
vn 0.6293644821431231 0.7320794961891472 -0.2606913114704107
vn 0.48169472206265745 0.7320794966900508 -0.48169472206265745
vn 0.2606913114704107 0.7320794961891472 -0.6293644821431231
vn 8.342529285584372e-17 0.7320794953396544 -0.6812192103157667
vn -0.2606913114704107 0.7320794961891472 -0.6293644821431231
vn -0.48169472206265745 0.7320794966900508 -0.48169472206265745
vn -0.6293644821431231 0.7320794961891472 -0.2606913114704107
vn -0.6812192103157667 0.7320794953396544 -1.2513794590121038e-16
vn -0.6293644821431231 0.7320794961891472 0.2606913114704107
vn -0.48169472206265745 0.7320794966900508 0.48169472206265745
vn -0.2606913114704107 0.7320794961891472 0.6293644821431231
vn -1.6685058571168744e-16 0.7320794953396544 0.6812192103157667
vn 0 0.7320794953396544 0.6812192103157667
vn 0.2606913114704107 0.7320794961891472 0.6293644821431231
vn 0.48169472206265745 0.7320794966900508 0.48169472206265745
vn 0.6293644821431231 0.7320794961891472 0.2606913114704107
vn 0.6812192103157667 0.7320794953396544 4.171264642792186e-17
vn 0.6293644821431231 0.7320794961891472 -0.2606913114704107
vn 0.48169472206265745 0.7320794966900508 -0.48169472206265745
vn 0.2606913114704107 0.7320794961891472 -0.6293644821431231
vn 8.342529285584372e-17 0.7320794953396544 -0.6812192103157667
vn -0.2606913114704107 0.7320794961891472 -0.6293644821431231
vn -0.48169472206265745 0.7320794966900508 -0.48169472206265745
vn -0.6293644821431231 0.7320794961891472 -0.2606913114704107
vn -0.6812192103157667 0.7320794953396544 -1.2513794590121038e-16
vn -0.6293644821431231 0.7320794961891472 0.2606913114704107
vn -0.48169472206265745 0.7320794966900508 0.48169472206265745
vn -0.2606913114704107 0.7320794961891472 0.6293644821431231
vn -1.6685058571168744e-16 0.7320794953396544 0.6812192103157667
vn 0 -1 0
vn 0 -1 0
vn 0 -1 0
vn 0 -1 0
vn 0 -1 0
vn 0 -1 0
vn 0 -1 0
vn 0 -1 0
vn 0 -1 0
vn 0 -1 0
vn 0 -1 0
vn 0 -1 0
vn 0 -1 0
vn 0 -1 0
vn 0 -1 0
vn 0 -1 0
vn 0 -1 0
vn 0 -1 0
vn 0 -1 0
vn 0 -1 0
vn 0 -1 0
vn 0 -1 0
vn 0 -1 0
vn 0 -1 0
vn 0 -1 0
vn 0 -1 0
vn 0 -1 0
vn 0 -1 0
vn 0 -1 0
vn 0 -1 0
vn 0 -1 0
vn 0 -1 0
vn 0 -1 0
f 1327/1327/1327 1328/1328/1328 1311/1311/1311
f 1328/1328/1328 1329/1329/1329 1312/1312/1312
f 1329/1329/1329 1330/1330/1330 1313/1313/1313
f 1330/1330/1330 1331/1331/1331 1314/1314/1314
f 1331/1331/1331 1332/1332/1332 1315/1315/1315
f 1332/1332/1332 1333/1333/1333 1316/1316/1316
f 1333/1333/1333 1334/1334/1334 1317/1317/1317
f 1334/1334/1334 1335/1335/1335 1318/1318/1318
f 1335/1335/1335 1336/1336/1336 1319/1319/1319
f 1336/1336/1336 1337/1337/1337 1320/1320/1320
f 1337/1337/1337 1338/1338/1338 1321/1321/1321
f 1338/1338/1338 1339/1339/1339 1322/1322/1322
f 1339/1339/1339 1340/1340/1340 1323/1323/1323
f 1340/1340/1340 1341/1341/1341 1324/1324/1324
f 1341/1341/1341 1342/1342/1342 1325/1325/1325
f 1342/1342/1342 1343/1343/1343 1326/1326/1326
f 1361/1361/1361 1360/1360/1360 1344/1344/1344
f 1362/1362/1362 1361/1361/1361 1345/1345/1345
f 1363/1363/1363 1362/1362/1362 1346/1346/1346
f 1364/1364/1364 1363/1363/1363 1347/1347/1347
f 1365/1365/1365 1364/1364/1364 1348/1348/1348
f 1366/1366/1366 1365/1365/1365 1349/1349/1349
f 1367/1367/1367 1366/1366/1366 1350/1350/1350
f 1368/1368/1368 1367/1367/1367 1351/1351/1351
f 1369/1369/1369 1368/1368/1368 1352/1352/1352
f 1370/1370/1370 1369/1369/1369 1353/1353/1353
f 1371/1371/1371 1370/1370/1370 1354/1354/1354
f 1372/1372/1372 1371/1371/1371 1355/1355/1355
f 1373/1373/1373 1372/1372/1372 1356/1356/1356
f 1374/1374/1374 1373/1373/1373 1357/1357/1357
f 1375/1375/1375 1374/1374/1374 1358/1358/1358
f 1376/1376/1376 1375/1375/1375 1359/1359/1359
o granary_cap_tip
usemtl timber_post
v 2.2 3.5149999986588956 0.6
v 2.2 3.5149999986588956 0.6
v 2.2 3.5149999986588956 0.6
v 2.2 3.5149999986588956 0.6
v 2.2 3.5149999986588956 0.6
v 2.2 3.5149999986588956 0.6
v 2.2 3.5149999986588956 0.6
v 2.2 3.5149999986588956 0.6
v 2.2 3.5149999986588956 0.6
v 2.177038994431496 3.5104327704012395 0.6
v 2.1837641175836326 3.5104327704012395 0.6162358824163675
v 2.2 3.5104327704012395 0.6229610055685043
v 2.2162358824163677 3.5104327704012395 0.6162358824163675
v 2.2229610055685045 3.5104327704012395 0.6
v 2.2162358824163677 3.5104327704012395 0.5837641175836324
v 2.2 3.5104327704012395 0.5770389944314956
v 2.1837641175836326 3.5104327704012395 0.5837641175836324
v 2.177038994431496 3.5104327704012395 0.6
v 2.1575735926628115 3.497426407337189 0.6
v 2.1700000006705524 3.497426407337189 0.6299999993294477
v 2.2 3.497426407337189 0.6424264073371887
v 2.229999999329448 3.497426407337189 0.6299999993294477
v 2.242426407337189 3.497426407337189 0.6
v 2.229999999329448 3.497426407337189 0.5700000006705522
v 2.2 3.497426407337189 0.5575735926628113
v 2.1700000006705524 3.497426407337189 0.5700000006705522
v 2.1575735926628115 3.497426407337189 0.6
v 2.144567229598761 3.4779610055685044 0.6
v 2.160803110152483 3.4779610055685044 0.639196889847517
v 2.2 3.4779610055685044 0.6554327704012394
v 2.239196889847517 3.4779610055685044 0.639196889847517
v 2.2554327704012396 3.4779610055685044 0.6
v 2.239196889847517 3.4779610055685044 0.560803110152483
v 2.2 3.4779610055685044 0.5445672295987606
v 2.160803110152483 3.4779610055685044 0.560803110152483
v 2.144567229598761 3.4779610055685044 0.6
v 2.1400000013411047 3.455 0.6
v 2.1575735926628115 3.455 0.6424264073371887
v 2.2 3.455 0.6599999986588955
v 2.242426407337189 3.455 0.6424264073371887
v 2.2599999986588957 3.455 0.6
v 2.242426407337189 3.455 0.5575735926628113
v 2.2 3.455 0.5400000013411045
v 2.1575735926628115 3.455 0.5575735926628113
v 2.1400000013411047 3.455 0.6
v 2.144567229598761 3.4320389944314957 0.6
v 2.160803110152483 3.4320389944314957 0.639196889847517
v 2.2 3.4320389944314957 0.6554327704012394
v 2.239196889847517 3.4320389944314957 0.639196889847517
v 2.2554327704012396 3.4320389944314957 0.6
v 2.239196889847517 3.4320389944314957 0.560803110152483
v 2.2 3.4320389944314957 0.5445672295987606
v 2.160803110152483 3.4320389944314957 0.560803110152483
v 2.144567229598761 3.4320389944314957 0.6
v 2.1575735926628115 3.4125735926628114 0.6
v 2.1700000006705524 3.4125735926628114 0.6299999993294477
v 2.2 3.4125735926628114 0.6424264073371887
v 2.229999999329448 3.4125735926628114 0.6299999993294477
v 2.242426407337189 3.4125735926628114 0.6
v 2.229999999329448 3.4125735926628114 0.5700000006705522
v 2.2 3.4125735926628114 0.5575735926628113
v 2.1700000006705524 3.4125735926628114 0.5700000006705522
v 2.1575735926628115 3.4125735926628114 0.6
v 2.177038994431496 3.3995672295987607 0.6
v 2.1837641175836326 3.3995672295987607 0.6162358824163675
v 2.2 3.3995672295987607 0.6229610055685043
v 2.2162358824163677 3.3995672295987607 0.6162358824163675
v 2.2229610055685045 3.3995672295987607 0.6
v 2.2162358824163677 3.3995672295987607 0.5837641175836324
v 2.2 3.3995672295987607 0.5770389944314956
v 2.1837641175836326 3.3995672295987607 0.5837641175836324
v 2.177038994431496 3.3995672295987607 0.6
v 2.2 3.3950000013411046 0.6
v 2.2 3.3950000013411046 0.6
v 2.2 3.3950000013411046 0.6
v 2.2 3.3950000013411046 0.6
v 2.2 3.3950000013411046 0.6
v 2.2 3.3950000013411046 0.6
v 2.2 3.3950000013411046 0.6
v 2.2 3.3950000013411046 0.6
v 2.2 3.3950000013411046 0.6
vt 0.0625 1
vt 0.1875 1
vt 0.3125 1
vt 0.4375 1
vt 0.5625 1
vt 0.6875 1
vt 0.8125 1
vt 0.9375 1
vt 1.0625 1
vt 0 0.875
vt 0.125 0.875
vt 0.25 0.875
vt 0.375 0.875
vt 0.5 0.875
vt 0.625 0.875
vt 0.75 0.875
vt 0.875 0.875
vt 1 0.875
vt 0 0.75
vt 0.125 0.75
vt 0.25 0.75
vt 0.375 0.75
vt 0.5 0.75
vt 0.625 0.75
vt 0.75 0.75
vt 0.875 0.75
vt 1 0.75
vt 0 0.625
vt 0.125 0.625
vt 0.25 0.625
vt 0.375 0.625
vt 0.5 0.625
vt 0.625 0.625
vt 0.75 0.625
vt 0.875 0.625
vt 1 0.625
vt 0 0.5
vt 0.125 0.5
vt 0.25 0.5
vt 0.375 0.5
vt 0.5 0.5
vt 0.625 0.5
vt 0.75 0.5
vt 0.875 0.5
vt 1 0.5
vt 0 0.375
vt 0.125 0.375
vt 0.25 0.375
vt 0.375 0.375
vt 0.5 0.375
vt 0.625 0.375
vt 0.75 0.375
vt 0.875 0.375
vt 1 0.375
vt 0 0.25
vt 0.125 0.25
vt 0.25 0.25
vt 0.375 0.25
vt 0.5 0.25
vt 0.625 0.25
vt 0.75 0.25
vt 0.875 0.25
vt 1 0.25
vt 0 0.125
vt 0.125 0.125
vt 0.25 0.125
vt 0.375 0.125
vt 0.5 0.125
vt 0.625 0.125
vt 0.75 0.125
vt 0.875 0.125
vt 1 0.125
vt -0.0625 0
vt 0.0625 0
vt 0.1875 0
vt 0.3125 0
vt 0.4375 0
vt 0.5625 0
vt 0.6875 0
vt 0.8125 0
vt 0.9375 0
vn 0 1 0
vn 0 1 0
vn 0 1 0
vn 0 1 0
vn 0 1 0
vn 0 1 0
vn 0 1 0
vn 0 1 0
vn 0 1 0
vn -0.3826834370613369 0.9238795305660377 0
vn -0.2705980604439119 0.9238795264362049 0.2705980604439119
vn -2.3432603017245014e-17 0.9238795305660377 0.3826834370613369
vn 0.2705980604439119 0.9238795264362049 0.2705980604439119
vn 0.3826834370613369 0.9238795305660377 4.686520603449003e-17
vn 0.2705980604439119 0.9238795264362049 -0.2705980604439119
vn 7.029780739737377e-17 0.9238795305660377 -0.3826834370613369
vn -0.2705980604439119 0.9238795264362049 -0.2705980604439119
vn -0.3826834370613369 0.9238795305660377 -9.373041206898005e-17
vn -0.7071067811865476 0.7071067811865476 0
vn -0.5000000042785677 0.7071067751357388 0.5000000042785677
vn -4.329780375814312e-17 0.7071067811865476 0.7071067811865476
vn 0.5000000042785677 0.7071067751357388 0.5000000042785677
vn 0.7071067811865476 0.7071067811865476 8.659560751628624e-17
vn 0.5000000042785677 0.7071067751357388 -0.5000000042785677
vn 1.2989340465698435e-16 0.7071067811865476 -0.7071067811865476
vn -0.5000000042785677 0.7071067751357388 -0.5000000042785677
vn -0.7071067811865476 0.7071067811865476 -1.7319121503257247e-16
vn -0.9238795305660377 0.3826834370613369 0
vn -0.653281488012237 0.38268341333409667 0.653281488012237
vn -5.657130722319695e-17 0.3826834370613369 0.9238795305660377
vn 0.653281488012237 0.38268341333409667 0.653281488012237
vn 0.9238795305660377 0.3826834370613369 1.131426144463939e-16
vn 0.653281488012237 0.38268341333409667 -0.653281488012237
vn 1.6971392166959086e-16 0.3826834370613369 -0.9238795305660377
vn -0.653281488012237 0.38268341333409667 -0.653281488012237
vn -0.9238795305660377 0.3826834370613369 -2.262852288927878e-16
vn -1 6.123234262925839e-17 0
vn -0.7071067811865476 6.123234367720532e-17 0.7071067811865476
vn -6.123234262925839e-17 6.123234262925839e-17 1
vn 0.7071067811865476 6.123234367720532e-17 0.7071067811865476
vn 1 6.123234262925839e-17 1.2246468525851679e-16
vn 0.7071067811865476 6.123234367720532e-17 -0.7071067811865476
vn 1.8369701465288538e-16 6.123234262925839e-17 -1
vn -0.7071067811865476 6.123234367720532e-17 -0.7071067811865476
vn -1 6.123234262925839e-17 -2.4492937051703357e-16
vn -0.9238795305660377 -0.3826834370613369 0
vn -0.653281488012237 -0.38268341333409667 0.653281488012237
vn -5.657130722319695e-17 -0.3826834370613369 0.9238795305660377
vn 0.653281488012237 -0.38268341333409667 0.653281488012237
vn 0.9238795305660377 -0.3826834370613369 1.131426144463939e-16
vn 0.653281488012237 -0.38268341333409667 -0.653281488012237
vn 1.6971392166959086e-16 -0.3826834370613369 -0.9238795305660377
vn -0.653281488012237 -0.38268341333409667 -0.653281488012237
vn -0.9238795305660377 -0.3826834370613369 -2.262852288927878e-16
vn -0.7071067811865476 -0.7071067811865476 0
vn -0.5000000042785677 -0.7071067751357388 0.5000000042785677
vn -4.329780375814312e-17 -0.7071067811865476 0.7071067811865476
vn 0.5000000042785677 -0.7071067751357388 0.5000000042785677
vn 0.7071067811865476 -0.7071067811865476 8.659560751628624e-17
vn 0.5000000042785677 -0.7071067751357388 -0.5000000042785677
vn 1.2989340465698435e-16 -0.7071067811865476 -0.7071067811865476
vn -0.5000000042785677 -0.7071067751357388 -0.5000000042785677
vn -0.7071067811865476 -0.7071067811865476 -1.7319121503257247e-16
vn -0.3826834370613369 -0.9238795305660377 0
vn -0.2705980604439119 -0.9238795264362049 0.2705980604439119
vn -2.3432603017245014e-17 -0.9238795305660377 0.3826834370613369
vn 0.2705980604439119 -0.9238795264362049 0.2705980604439119
vn 0.3826834370613369 -0.9238795305660377 4.686520603449003e-17
vn 0.2705980604439119 -0.9238795264362049 -0.2705980604439119
vn 7.029780739737377e-17 -0.9238795305660377 -0.3826834370613369
vn -0.2705980604439119 -0.9238795264362049 -0.2705980604439119
vn -0.3826834370613369 -0.9238795305660377 -9.373041206898005e-17
vn -1.2246468525851679e-16 -1 0
vn -8.659560603426554e-17 -1 8.659560603426554e-17
vn -7.498798786105971e-33 -1 1.2246468525851679e-16
vn 8.659560603426554e-17 -1 8.659560603426554e-17
vn 1.2246468525851679e-16 -1 1.4997597572211942e-32
vn 8.659560603426554e-17 -1 -8.659560603426554e-17
vn 2.2496396358317913e-32 -1 -1.2246468525851679e-16
vn -8.659560603426554e-17 -1 -8.659560603426554e-17
vn -1.2246468525851679e-16 -1 -2.9995195144423884e-32
f 1377/1377/1377 1386/1386/1386 1387/1387/1387
f 1378/1378/1378 1387/1387/1387 1388/1388/1388
f 1379/1379/1379 1388/1388/1388 1389/1389/1389
f 1380/1380/1380 1389/1389/1389 1390/1390/1390
f 1381/1381/1381 1390/1390/1390 1391/1391/1391
f 1382/1382/1382 1391/1391/1391 1392/1392/1392
f 1383/1383/1383 1392/1392/1392 1393/1393/1393
f 1384/1384/1384 1393/1393/1393 1394/1394/1394
f 1387/1387/1387 1386/1386/1386 1396/1396/1396
f 1386/1386/1386 1395/1395/1395 1396/1396/1396
f 1388/1388/1388 1387/1387/1387 1397/1397/1397
f 1387/1387/1387 1396/1396/1396 1397/1397/1397
f 1389/1389/1389 1388/1388/1388 1398/1398/1398
f 1388/1388/1388 1397/1397/1397 1398/1398/1398
f 1390/1390/1390 1389/1389/1389 1399/1399/1399
f 1389/1389/1389 1398/1398/1398 1399/1399/1399
f 1391/1391/1391 1390/1390/1390 1400/1400/1400
f 1390/1390/1390 1399/1399/1399 1400/1400/1400
f 1392/1392/1392 1391/1391/1391 1401/1401/1401
f 1391/1391/1391 1400/1400/1400 1401/1401/1401
f 1393/1393/1393 1392/1392/1392 1402/1402/1402
f 1392/1392/1392 1401/1401/1401 1402/1402/1402
f 1394/1394/1394 1393/1393/1393 1403/1403/1403
f 1393/1393/1393 1402/1402/1402 1403/1403/1403
f 1396/1396/1396 1395/1395/1395 1405/1405/1405
f 1395/1395/1395 1404/1404/1404 1405/1405/1405
f 1397/1397/1397 1396/1396/1396 1406/1406/1406
f 1396/1396/1396 1405/1405/1405 1406/1406/1406
f 1398/1398/1398 1397/1397/1397 1407/1407/1407
f 1397/1397/1397 1406/1406/1406 1407/1407/1407
f 1399/1399/1399 1398/1398/1398 1408/1408/1408
f 1398/1398/1398 1407/1407/1407 1408/1408/1408
f 1400/1400/1400 1399/1399/1399 1409/1409/1409
f 1399/1399/1399 1408/1408/1408 1409/1409/1409
f 1401/1401/1401 1400/1400/1400 1410/1410/1410
f 1400/1400/1400 1409/1409/1409 1410/1410/1410
f 1402/1402/1402 1401/1401/1401 1411/1411/1411
f 1401/1401/1401 1410/1410/1410 1411/1411/1411
f 1403/1403/1403 1402/1402/1402 1412/1412/1412
f 1402/1402/1402 1411/1411/1411 1412/1412/1412
f 1405/1405/1405 1404/1404/1404 1414/1414/1414
f 1404/1404/1404 1413/1413/1413 1414/1414/1414
f 1406/1406/1406 1405/1405/1405 1415/1415/1415
f 1405/1405/1405 1414/1414/1414 1415/1415/1415
f 1407/1407/1407 1406/1406/1406 1416/1416/1416
f 1406/1406/1406 1415/1415/1415 1416/1416/1416
f 1408/1408/1408 1407/1407/1407 1417/1417/1417
f 1407/1407/1407 1416/1416/1416 1417/1417/1417
f 1409/1409/1409 1408/1408/1408 1418/1418/1418
f 1408/1408/1408 1417/1417/1417 1418/1418/1418
f 1410/1410/1410 1409/1409/1409 1419/1419/1419
f 1409/1409/1409 1418/1418/1418 1419/1419/1419
f 1411/1411/1411 1410/1410/1410 1420/1420/1420
f 1410/1410/1410 1419/1419/1419 1420/1420/1420
f 1412/1412/1412 1411/1411/1411 1421/1421/1421
f 1411/1411/1411 1420/1420/1420 1421/1421/1421
f 1414/1414/1414 1413/1413/1413 1423/1423/1423
f 1413/1413/1413 1422/1422/1422 1423/1423/1423
f 1415/1415/1415 1414/1414/1414 1424/1424/1424
f 1414/1414/1414 1423/1423/1423 1424/1424/1424
f 1416/1416/1416 1415/1415/1415 1425/1425/1425
f 1415/1415/1415 1424/1424/1424 1425/1425/1425
f 1417/1417/1417 1416/1416/1416 1426/1426/1426
f 1416/1416/1416 1425/1425/1425 1426/1426/1426
f 1418/1418/1418 1417/1417/1417 1427/1427/1427
f 1417/1417/1417 1426/1426/1426 1427/1427/1427
f 1419/1419/1419 1418/1418/1418 1428/1428/1428
f 1418/1418/1418 1427/1427/1427 1428/1428/1428
f 1420/1420/1420 1419/1419/1419 1429/1429/1429
f 1419/1419/1419 1428/1428/1428 1429/1429/1429
f 1421/1421/1421 1420/1420/1420 1430/1430/1430
f 1420/1420/1420 1429/1429/1429 1430/1430/1430
f 1423/1423/1423 1422/1422/1422 1432/1432/1432
f 1422/1422/1422 1431/1431/1431 1432/1432/1432
f 1424/1424/1424 1423/1423/1423 1433/1433/1433
f 1423/1423/1423 1432/1432/1432 1433/1433/1433
f 1425/1425/1425 1424/1424/1424 1434/1434/1434
f 1424/1424/1424 1433/1433/1433 1434/1434/1434
f 1426/1426/1426 1425/1425/1425 1435/1435/1435
f 1425/1425/1425 1434/1434/1434 1435/1435/1435
f 1427/1427/1427 1426/1426/1426 1436/1436/1436
f 1426/1426/1426 1435/1435/1435 1436/1436/1436
f 1428/1428/1428 1427/1427/1427 1437/1437/1437
f 1427/1427/1427 1436/1436/1436 1437/1437/1437
f 1429/1429/1429 1428/1428/1428 1438/1438/1438
f 1428/1428/1428 1437/1437/1437 1438/1438/1438
f 1430/1430/1430 1429/1429/1429 1439/1439/1439
f 1429/1429/1429 1438/1438/1438 1439/1439/1439
f 1432/1432/1432 1431/1431/1431 1441/1441/1441
f 1431/1431/1431 1440/1440/1440 1441/1441/1441
f 1433/1433/1433 1432/1432/1432 1442/1442/1442
f 1432/1432/1432 1441/1441/1441 1442/1442/1442
f 1434/1434/1434 1433/1433/1433 1443/1443/1443
f 1433/1433/1433 1442/1442/1442 1443/1443/1443
f 1435/1435/1435 1434/1434/1434 1444/1444/1444
f 1434/1434/1434 1443/1443/1443 1444/1444/1444
f 1436/1436/1436 1435/1435/1435 1445/1445/1445
f 1435/1435/1435 1444/1444/1444 1445/1445/1445
f 1437/1437/1437 1436/1436/1436 1446/1446/1446
f 1436/1436/1436 1445/1445/1445 1446/1446/1446
f 1438/1438/1438 1437/1437/1437 1447/1447/1447
f 1437/1437/1437 1446/1446/1446 1447/1447/1447
f 1439/1439/1439 1438/1438/1438 1448/1448/1448
f 1438/1438/1438 1447/1447/1447 1448/1448/1448
f 1441/1441/1441 1440/1440/1440 1450/1450/1450
f 1442/1442/1442 1441/1441/1441 1451/1451/1451
f 1443/1443/1443 1442/1442/1442 1452/1452/1452
f 1444/1444/1444 1443/1443/1443 1453/1453/1453
f 1445/1445/1445 1444/1444/1444 1454/1454/1454
f 1446/1446/1446 1445/1445/1445 1455/1455/1455
f 1447/1447/1447 1446/1446/1446 1456/1456/1456
f 1448/1448/1448 1447/1447/1447 1457/1457/1457
o granary_ladder_rung_0
usemtl timber_post
v 3.500000002980232 0.16999999955296516 0.6299999993294477
v 3.500000002980232 0.16999999955296516 0.5700000006705522
v 3.500000002980232 0.13000000044703483 0.6299999993294477
v 3.500000002980232 0.13000000044703483 0.5700000006705522
v 3.0999999970197676 0.16999999955296516 0.5700000006705522
v 3.0999999970197676 0.16999999955296516 0.6299999993294477
v 3.0999999970197676 0.13000000044703483 0.5700000006705522
v 3.0999999970197676 0.13000000044703483 0.6299999993294477
v 3.0999999970197676 0.16999999955296516 0.5700000006705522
v 3.500000002980232 0.16999999955296516 0.5700000006705522
v 3.0999999970197676 0.16999999955296516 0.6299999993294477
v 3.500000002980232 0.16999999955296516 0.6299999993294477
v 3.0999999970197676 0.13000000044703483 0.6299999993294477
v 3.500000002980232 0.13000000044703483 0.6299999993294477
v 3.0999999970197676 0.13000000044703483 0.5700000006705522
v 3.500000002980232 0.13000000044703483 0.5700000006705522
v 3.0999999970197676 0.16999999955296516 0.6299999993294477
v 3.500000002980232 0.16999999955296516 0.6299999993294477
v 3.0999999970197676 0.13000000044703483 0.6299999993294477
v 3.500000002980232 0.13000000044703483 0.6299999993294477
v 3.500000002980232 0.16999999955296516 0.5700000006705522
v 3.0999999970197676 0.16999999955296516 0.5700000006705522
v 3.500000002980232 0.13000000044703483 0.5700000006705522
v 3.0999999970197676 0.13000000044703483 0.5700000006705522
vt 0 1
vt 1 1
vt 0 0
vt 1 0
vt 0 1
vt 1 1
vt 0 0
vt 1 0
vt 0 1
vt 1 1
vt 0 0
vt 1 0
vt 0 1
vt 1 1
vt 0 0
vt 1 0
vt 0 1
vt 1 1
vt 0 0
vt 1 0
vt 0 1
vt 1 1
vt 0 0
vt 1 0
vn 1 0 0
vn 1 0 0
vn 1 0 0
vn 1 0 0
vn -1 0 0
vn -1 0 0
vn -1 0 0
vn -1 0 0
vn 0 1 0
vn 0 1 0
vn 0 1 0
vn 0 1 0
vn 0 -1 0
vn 0 -1 0
vn 0 -1 0
vn 0 -1 0
vn 0 0 1
vn 0 0 1
vn 0 0 1
vn 0 0 1
vn 0 0 -1
vn 0 0 -1
vn 0 0 -1
vn 0 0 -1
f 1458/1458/1458 1460/1460/1460 1459/1459/1459
f 1460/1460/1460 1461/1461/1461 1459/1459/1459
f 1462/1462/1462 1464/1464/1464 1463/1463/1463
f 1464/1464/1464 1465/1465/1465 1463/1463/1463
f 1466/1466/1466 1468/1468/1468 1467/1467/1467
f 1468/1468/1468 1469/1469/1469 1467/1467/1467
f 1470/1470/1470 1472/1472/1472 1471/1471/1471
f 1472/1472/1472 1473/1473/1473 1471/1471/1471
f 1474/1474/1474 1476/1476/1476 1475/1475/1475
f 1476/1476/1476 1477/1477/1477 1475/1475/1475
f 1478/1478/1478 1480/1480/1480 1479/1479/1479
f 1480/1480/1480 1481/1481/1481 1479/1479/1479
o granary_ladder_rung_1
usemtl timber_post
v 3.500000002980232 0.36999999955296514 0.6299999993294477
v 3.500000002980232 0.36999999955296514 0.5700000006705522
v 3.500000002980232 0.3300000004470348 0.6299999993294477
v 3.500000002980232 0.3300000004470348 0.5700000006705522
v 3.0999999970197676 0.36999999955296514 0.5700000006705522
v 3.0999999970197676 0.36999999955296514 0.6299999993294477
v 3.0999999970197676 0.3300000004470348 0.5700000006705522
v 3.0999999970197676 0.3300000004470348 0.6299999993294477
v 3.0999999970197676 0.36999999955296514 0.5700000006705522
v 3.500000002980232 0.36999999955296514 0.5700000006705522
v 3.0999999970197676 0.36999999955296514 0.6299999993294477
v 3.500000002980232 0.36999999955296514 0.6299999993294477
v 3.0999999970197676 0.3300000004470348 0.6299999993294477
v 3.500000002980232 0.3300000004470348 0.6299999993294477
v 3.0999999970197676 0.3300000004470348 0.5700000006705522
v 3.500000002980232 0.3300000004470348 0.5700000006705522
v 3.0999999970197676 0.36999999955296514 0.6299999993294477
v 3.500000002980232 0.36999999955296514 0.6299999993294477
v 3.0999999970197676 0.3300000004470348 0.6299999993294477
v 3.500000002980232 0.3300000004470348 0.6299999993294477
v 3.500000002980232 0.36999999955296514 0.5700000006705522
v 3.0999999970197676 0.36999999955296514 0.5700000006705522
v 3.500000002980232 0.3300000004470348 0.5700000006705522
v 3.0999999970197676 0.3300000004470348 0.5700000006705522
vt 0 1
vt 1 1
vt 0 0
vt 1 0
vt 0 1
vt 1 1
vt 0 0
vt 1 0
vt 0 1
vt 1 1
vt 0 0
vt 1 0
vt 0 1
vt 1 1
vt 0 0
vt 1 0
vt 0 1
vt 1 1
vt 0 0
vt 1 0
vt 0 1
vt 1 1
vt 0 0
vt 1 0
vn 1 0 0
vn 1 0 0
vn 1 0 0
vn 1 0 0
vn -1 0 0
vn -1 0 0
vn -1 0 0
vn -1 0 0
vn 0 1 0
vn 0 1 0
vn 0 1 0
vn 0 1 0
vn 0 -1 0
vn 0 -1 0
vn 0 -1 0
vn 0 -1 0
vn 0 0 1
vn 0 0 1
vn 0 0 1
vn 0 0 1
vn 0 0 -1
vn 0 0 -1
vn 0 0 -1
vn 0 0 -1
f 1482/1482/1482 1484/1484/1484 1483/1483/1483
f 1484/1484/1484 1485/1485/1485 1483/1483/1483
f 1486/1486/1486 1488/1488/1488 1487/1487/1487
f 1488/1488/1488 1489/1489/1489 1487/1487/1487
f 1490/1490/1490 1492/1492/1492 1491/1491/1491
f 1492/1492/1492 1493/1493/1493 1491/1491/1491
f 1494/1494/1494 1496/1496/1496 1495/1495/1495
f 1496/1496/1496 1497/1497/1497 1495/1495/1495
f 1498/1498/1498 1500/1500/1500 1499/1499/1499
f 1500/1500/1500 1501/1501/1501 1499/1499/1499
f 1502/1502/1502 1504/1504/1504 1503/1503/1503
f 1504/1504/1504 1505/1505/1505 1503/1503/1503
o granary_ladder_rung_2
usemtl timber_post
v 3.500000002980232 0.5699999995529652 0.6299999993294477
v 3.500000002980232 0.5699999995529652 0.5700000006705522
v 3.500000002980232 0.5300000004470349 0.6299999993294477
v 3.500000002980232 0.5300000004470349 0.5700000006705522
v 3.0999999970197676 0.5699999995529652 0.5700000006705522
v 3.0999999970197676 0.5699999995529652 0.6299999993294477
v 3.0999999970197676 0.5300000004470349 0.5700000006705522
v 3.0999999970197676 0.5300000004470349 0.6299999993294477
v 3.0999999970197676 0.5699999995529652 0.5700000006705522
v 3.500000002980232 0.5699999995529652 0.5700000006705522
v 3.0999999970197676 0.5699999995529652 0.6299999993294477
v 3.500000002980232 0.5699999995529652 0.6299999993294477
v 3.0999999970197676 0.5300000004470349 0.6299999993294477
v 3.500000002980232 0.5300000004470349 0.6299999993294477
v 3.0999999970197676 0.5300000004470349 0.5700000006705522
v 3.500000002980232 0.5300000004470349 0.5700000006705522
v 3.0999999970197676 0.5699999995529652 0.6299999993294477
v 3.500000002980232 0.5699999995529652 0.6299999993294477
v 3.0999999970197676 0.5300000004470349 0.6299999993294477
v 3.500000002980232 0.5300000004470349 0.6299999993294477
v 3.500000002980232 0.5699999995529652 0.5700000006705522
v 3.0999999970197676 0.5699999995529652 0.5700000006705522
v 3.500000002980232 0.5300000004470349 0.5700000006705522
v 3.0999999970197676 0.5300000004470349 0.5700000006705522
vt 0 1
vt 1 1
vt 0 0
vt 1 0
vt 0 1
vt 1 1
vt 0 0
vt 1 0
vt 0 1
vt 1 1
vt 0 0
vt 1 0
vt 0 1
vt 1 1
vt 0 0
vt 1 0
vt 0 1
vt 1 1
vt 0 0
vt 1 0
vt 0 1
vt 1 1
vt 0 0
vt 1 0
vn 1 0 0
vn 1 0 0
vn 1 0 0
vn 1 0 0
vn -1 0 0
vn -1 0 0
vn -1 0 0
vn -1 0 0
vn 0 1 0
vn 0 1 0
vn 0 1 0
vn 0 1 0
vn 0 -1 0
vn 0 -1 0
vn 0 -1 0
vn 0 -1 0
vn 0 0 1
vn 0 0 1
vn 0 0 1
vn 0 0 1
vn 0 0 -1
vn 0 0 -1
vn 0 0 -1
vn 0 0 -1
f 1506/1506/1506 1508/1508/1508 1507/1507/1507
f 1508/1508/1508 1509/1509/1509 1507/1507/1507
f 1510/1510/1510 1512/1512/1512 1511/1511/1511
f 1512/1512/1512 1513/1513/1513 1511/1511/1511
f 1514/1514/1514 1516/1516/1516 1515/1515/1515
f 1516/1516/1516 1517/1517/1517 1515/1515/1515
f 1518/1518/1518 1520/1520/1520 1519/1519/1519
f 1520/1520/1520 1521/1521/1521 1519/1519/1519
f 1522/1522/1522 1524/1524/1524 1523/1523/1523
f 1524/1524/1524 1525/1525/1525 1523/1523/1523
f 1526/1526/1526 1528/1528/1528 1527/1527/1527
f 1528/1528/1528 1529/1529/1529 1527/1527/1527
o granary_ladder_rail_left
usemtl timber_post
v 3.5099999995529654 0.49500000238418584 0.4499999995529651
v 3.5099999995529654 0.49500000238418584 0.4100000004470348
v 3.5099999995529654 -2.3841857654804954e-9 0.4499999995529651
v 3.5099999995529654 -2.3841857654804954e-9 0.4100000004470348
v 3.470000000447035 0.49500000238418584 0.4100000004470348
v 3.470000000447035 0.49500000238418584 0.4499999995529651
v 3.470000000447035 -2.3841857654804954e-9 0.4100000004470348
v 3.470000000447035 -2.3841857654804954e-9 0.4499999995529651
v 3.470000000447035 0.49500000238418584 0.4100000004470348
v 3.5099999995529654 0.49500000238418584 0.4100000004470348
v 3.470000000447035 0.49500000238418584 0.4499999995529651
v 3.5099999995529654 0.49500000238418584 0.4499999995529651
v 3.470000000447035 -2.3841857654804954e-9 0.4499999995529651
v 3.5099999995529654 -2.3841857654804954e-9 0.4499999995529651
v 3.470000000447035 -2.3841857654804954e-9 0.4100000004470348
v 3.5099999995529654 -2.3841857654804954e-9 0.4100000004470348
v 3.470000000447035 0.49500000238418584 0.4499999995529651
v 3.5099999995529654 0.49500000238418584 0.4499999995529651
v 3.470000000447035 -2.3841857654804954e-9 0.4499999995529651
v 3.5099999995529654 -2.3841857654804954e-9 0.4499999995529651
v 3.5099999995529654 0.49500000238418584 0.4100000004470348
v 3.470000000447035 0.49500000238418584 0.4100000004470348
v 3.5099999995529654 -2.3841857654804954e-9 0.4100000004470348
v 3.470000000447035 -2.3841857654804954e-9 0.4100000004470348
vt 0 1
vt 1 1
vt 0 0
vt 1 0
vt 0 1
vt 1 1
vt 0 0
vt 1 0
vt 0 1
vt 1 1
vt 0 0
vt 1 0
vt 0 1
vt 1 1
vt 0 0
vt 1 0
vt 0 1
vt 1 1
vt 0 0
vt 1 0
vt 0 1
vt 1 1
vt 0 0
vt 1 0
vn 1 0 0
vn 1 0 0
vn 1 0 0
vn 1 0 0
vn -1 0 0
vn -1 0 0
vn -1 0 0
vn -1 0 0
vn 0 1 0
vn 0 1 0
vn 0 1 0
vn 0 1 0
vn 0 -1 0
vn 0 -1 0
vn 0 -1 0
vn 0 -1 0
vn 0 0 1
vn 0 0 1
vn 0 0 1
vn 0 0 1
vn 0 0 -1
vn 0 0 -1
vn 0 0 -1
vn 0 0 -1
f 1530/1530/1530 1532/1532/1532 1531/1531/1531
f 1532/1532/1532 1533/1533/1533 1531/1531/1531
f 1534/1534/1534 1536/1536/1536 1535/1535/1535
f 1536/1536/1536 1537/1537/1537 1535/1535/1535
f 1538/1538/1538 1540/1540/1540 1539/1539/1539
f 1540/1540/1540 1541/1541/1541 1539/1539/1539
f 1542/1542/1542 1544/1544/1544 1543/1543/1543
f 1544/1544/1544 1545/1545/1545 1543/1543/1543
f 1546/1546/1546 1548/1548/1548 1547/1547/1547
f 1548/1548/1548 1549/1549/1549 1547/1547/1547
f 1550/1550/1550 1552/1552/1552 1551/1551/1551
f 1552/1552/1552 1553/1553/1553 1551/1551/1551
o granary_ladder_rail_right
usemtl timber_post
v 3.5099999995529654 0.49500000238418584 0.7899999995529652
v 3.5099999995529654 0.49500000238418584 0.7500000004470349
v 3.5099999995529654 -2.3841857654804954e-9 0.7899999995529652
v 3.5099999995529654 -2.3841857654804954e-9 0.7500000004470349
v 3.470000000447035 0.49500000238418584 0.7500000004470349
v 3.470000000447035 0.49500000238418584 0.7899999995529652
v 3.470000000447035 -2.3841857654804954e-9 0.7500000004470349
v 3.470000000447035 -2.3841857654804954e-9 0.7899999995529652
v 3.470000000447035 0.49500000238418584 0.7500000004470349
v 3.5099999995529654 0.49500000238418584 0.7500000004470349
v 3.470000000447035 0.49500000238418584 0.7899999995529652
v 3.5099999995529654 0.49500000238418584 0.7899999995529652
v 3.470000000447035 -2.3841857654804954e-9 0.7899999995529652
v 3.5099999995529654 -2.3841857654804954e-9 0.7899999995529652
v 3.470000000447035 -2.3841857654804954e-9 0.7500000004470349
v 3.5099999995529654 -2.3841857654804954e-9 0.7500000004470349
v 3.470000000447035 0.49500000238418584 0.7899999995529652
v 3.5099999995529654 0.49500000238418584 0.7899999995529652
v 3.470000000447035 -2.3841857654804954e-9 0.7899999995529652
v 3.5099999995529654 -2.3841857654804954e-9 0.7899999995529652
v 3.5099999995529654 0.49500000238418584 0.7500000004470349
v 3.470000000447035 0.49500000238418584 0.7500000004470349
v 3.5099999995529654 -2.3841857654804954e-9 0.7500000004470349
v 3.470000000447035 -2.3841857654804954e-9 0.7500000004470349
vt 0 1
vt 1 1
vt 0 0
vt 1 0
vt 0 1
vt 1 1
vt 0 0
vt 1 0
vt 0 1
vt 1 1
vt 0 0
vt 1 0
vt 0 1
vt 1 1
vt 0 0
vt 1 0
vt 0 1
vt 1 1
vt 0 0
vt 1 0
vt 0 1
vt 1 1
vt 0 0
vt 1 0
vn 1 0 0
vn 1 0 0
vn 1 0 0
vn 1 0 0
vn -1 0 0
vn -1 0 0
vn -1 0 0
vn -1 0 0
vn 0 1 0
vn 0 1 0
vn 0 1 0
vn 0 1 0
vn 0 -1 0
vn 0 -1 0
vn 0 -1 0
vn 0 -1 0
vn 0 0 1
vn 0 0 1
vn 0 0 1
vn 0 0 1
vn 0 0 -1
vn 0 0 -1
vn 0 0 -1
vn 0 0 -1
f 1554/1554/1554 1556/1556/1556 1555/1555/1555
f 1556/1556/1556 1557/1557/1557 1555/1555/1555
f 1558/1558/1558 1560/1560/1560 1559/1559/1559
f 1560/1560/1560 1561/1561/1561 1559/1559/1559
f 1562/1562/1562 1564/1564/1564 1563/1563/1563
f 1564/1564/1564 1565/1565/1565 1563/1563/1563
f 1566/1566/1566 1568/1568/1568 1567/1567/1567
f 1568/1568/1568 1569/1569/1569 1567/1567/1567
f 1570/1570/1570 1572/1572/1572 1571/1571/1571
f 1572/1572/1572 1573/1573/1573 1571/1571/1571
f 1574/1574/1574 1576/1576/1576 1575/1575/1575
f 1576/1576/1576 1577/1577/1577 1575/1575/1575
