mtllib vijayanagara-barracks.mtl
o keep_walls_battered
usemtl weathered_granite
v 2.9519999027252197 3.4499999523162845 2.2139999866485596
v 2.9519999027252197 3.4499999523162845 -2.2139999866485596
v 3.5999999046325684 -0.14999995231628405 2.700000047683716
v 3.5999999046325684 -0.14999995231628405 -2.700000047683716
v -2.9519999027252197 3.4499999523162845 -2.2139999866485596
v -2.9519999027252197 3.4499999523162845 2.2139999866485596
v -3.5999999046325684 -0.14999995231628405 -2.700000047683716
v -3.5999999046325684 -0.14999995231628405 2.700000047683716
v -2.9519999027252197 3.4499999523162845 -2.2139999866485596
v 2.9519999027252197 3.4499999523162845 -2.2139999866485596
v -2.9519999027252197 3.4499999523162845 2.2139999866485596
v 2.9519999027252197 3.4499999523162845 2.2139999866485596
v -3.5999999046325684 -0.14999995231628405 2.700000047683716
v 3.5999999046325684 -0.14999995231628405 2.700000047683716
v -3.5999999046325684 -0.14999995231628405 -2.700000047683716
v 3.5999999046325684 -0.14999995231628405 -2.700000047683716
v -2.9519999027252197 3.4499999523162845 2.2139999866485596
v 2.9519999027252197 3.4499999523162845 2.2139999866485596
v -3.5999999046325684 -0.14999995231628405 2.700000047683716
v 3.5999999046325684 -0.14999995231628405 2.700000047683716
v 2.9519999027252197 3.4499999523162845 -2.2139999866485596
v -2.9519999027252197 3.4499999523162845 -2.2139999866485596
v 3.5999999046325684 -0.14999995231628405 -2.700000047683716
v -3.5999999046325684 -0.14999995231628405 -2.700000047683716
vt 0 1
vt 1 1
vt 0 0
vt 1 0
vt 0 1
vt 1 1
vt 0 0
vt 1 0
vt 0 1
vt 1 1
vt 0 0
vt 1 0
vt 0 1
vt 1 1
vt 0 0
vt 1 0
vt 0 1
vt 1 1
vt 0 0
vt 1 0
vt 0 1
vt 1 1
vt 0 0
vt 1 0
vn 0.9841833222070331 0.1771530081300557 0
vn 0.9841833222070331 0.1771530081300557 0
vn 0.9841833222070331 0.1771530081300557 0
vn 0.9841833222070331 0.1771530081300557 0
vn -0.9841833222070331 0.1771530081300557 0
vn -0.9841833222070331 0.1771530081300557 0
vn -0.9841833222070331 0.1771530081300557 0
vn -0.9841833222070331 0.1771530081300557 0
vn 0 1 0
vn 0 1 0
vn 0 1 0
vn 0 1 0
vn 0 -1 0
vn 0 -1 0
vn 0 -1 0
vn 0 -1 0
vn 0 0.13378639556995214 0.9910101918549579
vn 0 0.13378639556995214 0.9910101918549579
vn 0 0.13378639556995214 0.9910101918549579
vn 0 0.13378639556995214 0.9910101918549579
vn 0 0.13378639556995214 -0.9910101918549579
vn 0 0.13378639556995214 -0.9910101918549579
vn 0 0.13378639556995214 -0.9910101918549579
vn 0 0.13378639556995214 -0.9910101918549579
f 1/1/1 3/3/3 2/2/2
f 3/3/3 4/4/4 2/2/2
f 5/5/5 7/7/7 6/6/6
f 7/7/7 8/8/8 6/6/6
f 9/9/9 11/11/11 10/10/10
f 11/11/11 12/12/12 10/10/10
f 13/13/13 15/15/15 14/14/14
f 15/15/15 16/16/16 14/14/14
f 17/17/17 19/19/19 18/18/18
f 19/19/19 20/20/20 18/18/18
f 21/21/21 23/23/23 22/22/22
f 23/23/23 24/24/24 22/22/22
o gateway_facade
usemtl dark_granite_trim
v -0.550000011920929 1.85 2.169999994039536
v -0.550000011920929 -0.15 2.169999994039536
v -1.2000000476837158 -0.15 2.169999994039536
v 1.2000000476837158 -0.15 2.169999994039536
v 0.550000011920929 -0.15 2.169999994039536
v 0.550000011920929 1.85 2.169999994039536
v -0.550000011920929 1.85 2.169999994039536
v -1.2000000476837158 -0.15 2.169999994039536
v -1.2000000476837158 3.4499999046325684 2.169999994039536
v 1.2000000476837158 -0.15 2.169999994039536
v 0.550000011920929 1.85 2.169999994039536
v 0.548304557800293 1.8931525707244874 2.169999994039536
v -0.548304557800293 1.8931525707244874 2.169999994039536
v -0.550000011920929 1.85 2.169999994039536
v -1.2000000476837158 3.4499999046325684 2.169999994039536
v 1.2000000476837158 -0.15 2.169999994039536
v 0.548304557800293 1.8931525707244874 2.169999994039536
v 0.5432285666465759 1.9360390663146974 2.169999994039536
v -0.5432285666465759 1.9360390663146974 2.169999994039536
v -0.548304557800293 1.8931525707244874 2.169999994039536
v -1.2000000476837158 3.4499999046325684 2.169999994039536
v 1.2000000476837158 -0.15 2.169999994039536
v 0.5432285666465759 1.9360390663146974 2.169999994039536
v 0.5348034501075745 1.9783948421478272 2.169999994039536
v -0.5348034501075745 1.9783948421478272 2.169999994039536
v -0.5432285666465759 1.9360390663146974 2.169999994039536
v -1.2000000476837158 3.4499999046325684 2.169999994039536
v 1.2000000476837158 -0.15 2.169999994039536
v 0.5348034501075745 1.9783948421478272 2.169999994039536
v 0.5230810642242432 2.019959306716919 2.169999994039536
v -0.5230810642242432 2.019959306716919 2.169999994039536
v -0.5348034501075745 1.9783948421478272 2.169999994039536
v -1.2000000476837158 3.4499999046325684 2.169999994039536
v 1.2000000476837158 3.4499999046325684 2.169999994039536
v 1.2000000476837158 -0.15 2.169999994039536
v 0.5230810642242432 2.019959306716919 2.169999994039536
v -0.5081337690353394 2.0604759216308595 2.169999994039536
v -0.5230810642242432 2.019959306716919 2.169999994039536
v -1.2000000476837158 3.4499999046325684 2.169999994039536
v 1.2000000476837158 3.4499999046325684 2.169999994039536
v 0.5230810642242432 2.019959306716919 2.169999994039536
v 0.5081337690353394 2.0604759216308595 2.169999994039536
v -0.49005359411239624 2.09969482421875 2.169999994039536
v -0.5081337690353394 2.0604759216308595 2.169999994039536
v -1.2000000476837158 3.4499999046325684 2.169999994039536
v 1.2000000476837158 3.4499999046325684 2.169999994039536
v 0.5081337690353394 2.0604759216308595 2.169999994039536
v 0.49005359411239624 2.09969482421875 2.169999994039536
v -0.46895208954811096 2.137374258041382 2.169999994039536
v -0.49005359411239624 2.09969482421875 2.169999994039536
v -1.2000000476837158 3.4499999046325684 2.169999994039536
v 1.2000000476837158 3.4499999046325684 2.169999994039536
v 0.49005359411239624 2.09969482421875 2.169999994039536
v 0.46895208954811096 2.137374258041382 2.169999994039536
v -0.4449593424797058 2.17328200340271 2.169999994039536
v -0.46895208954811096 2.137374258041382 2.169999994039536
v -1.2000000476837158 3.4499999046325684 2.169999994039536
v 1.2000000476837158 3.4499999046325684 2.169999994039536
v 0.46895208954811096 2.137374258041382 2.169999994039536
v 0.4449593424797058 2.17328200340271 2.169999994039536
v -0.4182232916355133 2.20719633102417 2.169999994039536
v -0.4449593424797058 2.17328200340271 2.169999994039536
v -1.2000000476837158 3.4499999046325684 2.169999994039536
v 1.2000000476837158 3.4499999046325684 2.169999994039536
v 0.4449593424797058 2.17328200340271 2.169999994039536
v 0.4182232916355133 2.20719633102417 2.169999994039536
v -0.3889087438583374 2.238908624649048 2.169999994039536
v -0.4182232916355133 2.20719633102417 2.169999994039536
v -1.2000000476837158 3.4499999046325684 2.169999994039536
v 1.2000000476837158 3.4499999046325684 2.169999994039536
v 0.4182232916355133 2.20719633102417 2.169999994039536
v 0.3889087438583374 2.238908624649048 2.169999994039536
v -0.3571964204311371 2.2682233810424806 2.169999994039536
v -0.3889087438583374 2.238908624649048 2.169999994039536
v -1.2000000476837158 3.4499999046325684 2.169999994039536
v 1.2000000476837158 3.4499999046325684 2.169999994039536
v 0.3889087438583374 2.238908624649048 2.169999994039536
v 0.3571964204311371 2.2682233810424806 2.169999994039536
v -0.3232818841934204 2.2949594020843507 2.169999994039536
v -0.3571964204311371 2.2682233810424806 2.169999994039536
v -1.2000000476837158 3.4499999046325684 2.169999994039536
v 1.2000000476837158 3.4499999046325684 2.169999994039536
v 0.3571964204311371 2.2682233810424806 2.169999994039536
v 0.3232818841934204 2.2949594020843507 2.169999994039536
v -0.3232818841934204 2.2949594020843507 2.169999994039536
v -1.2000000476837158 3.4499999046325684 2.169999994039536
v 1.2000000476837158 3.4499999046325684 2.169999994039536
v 1.2000000476837158 3.4499999046325684 2.169999994039536
v 0.3232818841934204 2.2949594020843507 2.169999994039536
v 0.28737419843673706 2.318952178955078 2.169999994039536
v -0.28737419843673706 2.318952178955078 2.169999994039536
v -0.3232818841934204 2.2949594020843507 2.169999994039536
v 1.2000000476837158 3.4499999046325684 2.169999994039536
v 1.2000000476837158 3.4499999046325684 2.169999994039536
v 0.28737419843673706 2.318952178955078 2.169999994039536
v 0.24969477951526642 2.340053653717041 2.169999994039536
v -0.24969477951526642 2.340053653717041 2.169999994039536
v -0.28737419843673706 2.318952178955078 2.169999994039536
v 1.2000000476837158 3.4499999046325684 2.169999994039536
v 1.2000000476837158 3.4499999046325684 2.169999994039536
v 0.24969477951526642 2.340053653717041 2.169999994039536
v 0.210475891828537 2.35813364982605 2.169999994039536
v -0.210475891828537 2.35813364982605 2.169999994039536
v -0.24969477951526642 2.340053653717041 2.169999994039536
v 1.2000000476837158 3.4499999046325684 2.169999994039536
v 1.2000000476837158 3.4499999046325684 2.169999994039536
v 0.210475891828537 2.35813364982605 2.169999994039536
v 0.16995935142040253 2.3730810642242433 2.169999994039536
v -0.16995935142040253 2.3730810642242433 2.169999994039536
v -0.210475891828537 2.35813364982605 2.169999994039536
v 1.2000000476837158 3.4499999046325684 2.169999994039536
v 1.2000000476837158 3.4499999046325684 2.169999994039536
v 0.16995935142040253 2.3730810642242433 2.169999994039536
v 0.1283949464559555 2.3848033905029298 2.169999994039536
v -0.1283949464559555 2.3848033905029298 2.169999994039536
v -0.16995935142040253 2.3730810642242433 2.169999994039536
v 1.2000000476837158 3.4499999046325684 2.169999994039536
v 1.2000000476837158 3.4499999046325684 2.169999994039536
v 0.1283949464559555 2.3848033905029298 2.169999994039536
v 0.08603895455598831 2.393228626251221 2.169999994039536
v -0.08603895455598831 2.393228626251221 2.169999994039536
v -0.1283949464559555 2.3848033905029298 2.169999994039536
v 1.2000000476837158 3.4499999046325684 2.169999994039536
v 1.2000000476837158 3.4499999046325684 2.169999994039536
v 0.08603895455598831 2.393228626251221 2.169999994039536
v 0.04315250366926193 2.398304557800293 2.169999994039536
v -0.04315250366926193 2.398304557800293 2.169999994039536
v -0.08603895455598831 2.393228626251221 2.169999994039536
v 1.2000000476837158 3.4499999046325684 2.169999994039536
v 1.2000000476837158 3.4499999046325684 2.169999994039536
v 0.04315250366926193 2.398304557800293 2.169999994039536
v 3.3677788446092116e-17 2.3999999523162843 2.169999994039536
v 3.3677788446092116e-17 2.3999999523162843 2.169999994039536
v -0.04315250366926193 2.398304557800293 2.169999994039536
v 1.2000000476837158 3.4499999046325684 2.169999994039536
v -1.2000000476837158 -0.15 2.7200000059604648
v -0.550000011920929 -0.15 2.7200000059604648
v -0.550000011920929 1.85 2.7200000059604648
v 0.550000011920929 1.85 2.7200000059604648
v 0.550000011920929 -0.15 2.7200000059604648
v 1.2000000476837158 -0.15 2.7200000059604648
v -1.2000000476837158 3.4499999046325684 2.7200000059604648
v -1.2000000476837158 -0.15 2.7200000059604648
v -0.550000011920929 1.85 2.7200000059604648
v 0.548304557800293 1.8931525707244874 2.7200000059604648
v 0.550000011920929 1.85 2.7200000059604648
v 1.2000000476837158 -0.15 2.7200000059604648
v -1.2000000476837158 3.4499999046325684 2.7200000059604648
v -0.550000011920929 1.85 2.7200000059604648
v -0.548304557800293 1.8931525707244874 2.7200000059604648
v 0.5432285666465759 1.9360390663146974 2.7200000059604648
v 0.548304557800293 1.8931525707244874 2.7200000059604648
v 1.2000000476837158 -0.15 2.7200000059604648
v -1.2000000476837158 3.4499999046325684 2.7200000059604648
v -0.548304557800293 1.8931525707244874 2.7200000059604648
v -0.5432285666465759 1.9360390663146974 2.7200000059604648
v 0.5348034501075745 1.9783948421478272 2.7200000059604648
v 0.5432285666465759 1.9360390663146974 2.7200000059604648
v 1.2000000476837158 -0.15 2.7200000059604648
v -1.2000000476837158 3.4499999046325684 2.7200000059604648
v -0.5432285666465759 1.9360390663146974 2.7200000059604648
v -0.5348034501075745 1.9783948421478272 2.7200000059604648
v 0.5230810642242432 2.019959306716919 2.7200000059604648
v 0.5348034501075745 1.9783948421478272 2.7200000059604648
v 1.2000000476837158 -0.15 2.7200000059604648
v -1.2000000476837158 3.4499999046325684 2.7200000059604648
v -0.5348034501075745 1.9783948421478272 2.7200000059604648
v -0.5230810642242432 2.019959306716919 2.7200000059604648
v 0.5230810642242432 2.019959306716919 2.7200000059604648
v 1.2000000476837158 -0.15 2.7200000059604648
v 1.2000000476837158 3.4499999046325684 2.7200000059604648
v -1.2000000476837158 3.4499999046325684 2.7200000059604648
v -0.5230810642242432 2.019959306716919 2.7200000059604648
v -0.5081337690353394 2.0604759216308595 2.7200000059604648
v 0.5081337690353394 2.0604759216308595 2.7200000059604648
v 0.5230810642242432 2.019959306716919 2.7200000059604648
v 1.2000000476837158 3.4499999046325684 2.7200000059604648
v -1.2000000476837158 3.4499999046325684 2.7200000059604648
v -0.5081337690353394 2.0604759216308595 2.7200000059604648
v -0.49005359411239624 2.09969482421875 2.7200000059604648
v 0.49005359411239624 2.09969482421875 2.7200000059604648
v 0.5081337690353394 2.0604759216308595 2.7200000059604648
v 1.2000000476837158 3.4499999046325684 2.7200000059604648
v -1.2000000476837158 3.4499999046325684 2.7200000059604648
v -0.49005359411239624 2.09969482421875 2.7200000059604648
v -0.46895208954811096 2.137374258041382 2.7200000059604648
v 0.46895208954811096 2.137374258041382 2.7200000059604648
v 0.49005359411239624 2.09969482421875 2.7200000059604648
v 1.2000000476837158 3.4499999046325684 2.7200000059604648
v -1.2000000476837158 3.4499999046325684 2.7200000059604648
v -0.46895208954811096 2.137374258041382 2.7200000059604648
v -0.4449593424797058 2.17328200340271 2.7200000059604648
v 0.4449593424797058 2.17328200340271 2.7200000059604648
v 0.46895208954811096 2.137374258041382 2.7200000059604648
v 1.2000000476837158 3.4499999046325684 2.7200000059604648
v -1.2000000476837158 3.4499999046325684 2.7200000059604648
v -0.4449593424797058 2.17328200340271 2.7200000059604648
v -0.4182232916355133 2.20719633102417 2.7200000059604648
v 0.4182232916355133 2.20719633102417 2.7200000059604648
v 0.4449593424797058 2.17328200340271 2.7200000059604648
v 1.2000000476837158 3.4499999046325684 2.7200000059604648
v -1.2000000476837158 3.4499999046325684 2.7200000059604648
v -0.4182232916355133 2.20719633102417 2.7200000059604648
v -0.3889087438583374 2.238908624649048 2.7200000059604648
v 0.3889087438583374 2.238908624649048 2.7200000059604648
v 0.4182232916355133 2.20719633102417 2.7200000059604648
v 1.2000000476837158 3.4499999046325684 2.7200000059604648
v -1.2000000476837158 3.4499999046325684 2.7200000059604648
v -0.3889087438583374 2.238908624649048 2.7200000059604648
v -0.3571964204311371 2.2682233810424806 2.7200000059604648
v 0.3571964204311371 2.2682233810424806 2.7200000059604648
v 0.3889087438583374 2.238908624649048 2.7200000059604648
v 1.2000000476837158 3.4499999046325684 2.7200000059604648
v -1.2000000476837158 3.4499999046325684 2.7200000059604648
v -0.3571964204311371 2.2682233810424806 2.7200000059604648
v -0.3232818841934204 2.2949594020843507 2.7200000059604648
v 0.3232818841934204 2.2949594020843507 2.7200000059604648
v 0.3571964204311371 2.2682233810424806 2.7200000059604648
v 1.2000000476837158 3.4499999046325684 2.7200000059604648
v 1.2000000476837158 3.4499999046325684 2.7200000059604648
v -1.2000000476837158 3.4499999046325684 2.7200000059604648
v -0.3232818841934204 2.2949594020843507 2.7200000059604648
v 0.28737419843673706 2.318952178955078 2.7200000059604648
v 0.3232818841934204 2.2949594020843507 2.7200000059604648
v 1.2000000476837158 3.4499999046325684 2.7200000059604648
v 1.2000000476837158 3.4499999046325684 2.7200000059604648
v -0.3232818841934204 2.2949594020843507 2.7200000059604648
v -0.28737419843673706 2.318952178955078 2.7200000059604648
v 0.24969477951526642 2.340053653717041 2.7200000059604648
v 0.28737419843673706 2.318952178955078 2.7200000059604648
v 1.2000000476837158 3.4499999046325684 2.7200000059604648
v 1.2000000476837158 3.4499999046325684 2.7200000059604648
v -0.28737419843673706 2.318952178955078 2.7200000059604648
v -0.24969477951526642 2.340053653717041 2.7200000059604648
v 0.210475891828537 2.35813364982605 2.7200000059604648
v 0.24969477951526642 2.340053653717041 2.7200000059604648
v 1.2000000476837158 3.4499999046325684 2.7200000059604648
v 1.2000000476837158 3.4499999046325684 2.7200000059604648
v -0.24969477951526642 2.340053653717041 2.7200000059604648
v -0.210475891828537 2.35813364982605 2.7200000059604648
v 0.16995935142040253 2.3730810642242433 2.7200000059604648
v 0.210475891828537 2.35813364982605 2.7200000059604648
v 1.2000000476837158 3.4499999046325684 2.7200000059604648
v 1.2000000476837158 3.4499999046325684 2.7200000059604648
v -0.210475891828537 2.35813364982605 2.7200000059604648
v -0.16995935142040253 2.3730810642242433 2.7200000059604648
v 0.1283949464559555 2.3848033905029298 2.7200000059604648
v 0.16995935142040253 2.3730810642242433 2.7200000059604648
v 1.2000000476837158 3.4499999046325684 2.7200000059604648
v 1.2000000476837158 3.4499999046325684 2.7200000059604648
v -0.16995935142040253 2.3730810642242433 2.7200000059604648
v -0.1283949464559555 2.3848033905029298 2.7200000059604648
v 0.08603895455598831 2.393228626251221 2.7200000059604648
v 0.1283949464559555 2.3848033905029298 2.7200000059604648
v 1.2000000476837158 3.4499999046325684 2.7200000059604648
v 1.2000000476837158 3.4499999046325684 2.7200000059604648
v -0.1283949464559555 2.3848033905029298 2.7200000059604648
v -0.08603895455598831 2.393228626251221 2.7200000059604648
v 0.04315250366926193 2.398304557800293 2.7200000059604648
v 0.08603895455598831 2.393228626251221 2.7200000059604648
v 1.2000000476837158 3.4499999046325684 2.7200000059604648
v 1.2000000476837158 3.4499999046325684 2.7200000059604648
v -0.08603895455598831 2.393228626251221 2.7200000059604648
v -0.04315250366926193 2.398304557800293 2.7200000059604648
v 3.3677788446092116e-17 2.3999999523162843 2.7200000059604648
v 0.04315250366926193 2.398304557800293 2.7200000059604648
v 1.2000000476837158 3.4499999046325684 2.7200000059604648
v 1.2000000476837158 3.4499999046325684 2.7200000059604648
v -0.04315250366926193 2.398304557800293 2.7200000059604648
v 3.3677788446092116e-17 2.3999999523162843 2.7200000059604648
v -1.2000000476837158 -0.15 2.169999994039536
v 1.2000000476837158 -0.15 2.169999994039536
v -1.2000000476837158 -0.15 2.7200000059604648
v 1.2000000476837158 -0.15 2.169999994039536
v 1.2000000476837158 -0.15 2.7200000059604648
v -1.2000000476837158 -0.15 2.7200000059604648
v 1.2000000476837158 -0.15 2.169999994039536
v 1.2000000476837158 3.4499999046325684 2.169999994039536
v 1.2000000476837158 -0.15 2.7200000059604648
v 1.2000000476837158 3.4499999046325684 2.169999994039536
v 1.2000000476837158 3.4499999046325684 2.7200000059604648
v 1.2000000476837158 -0.15 2.7200000059604648
v 1.2000000476837158 3.4499999046325684 2.169999994039536
v -1.2000000476837158 3.4499999046325684 2.169999994039536
v 1.2000000476837158 3.4499999046325684 2.7200000059604648
v -1.2000000476837158 3.4499999046325684 2.169999994039536
v -1.2000000476837158 3.4499999046325684 2.7200000059604648
v 1.2000000476837158 3.4499999046325684 2.7200000059604648
v -1.2000000476837158 3.4499999046325684 2.169999994039536
v -1.2000000476837158 -0.15 2.169999994039536
v -1.2000000476837158 3.4499999046325684 2.7200000059604648
v -1.2000000476837158 -0.15 2.169999994039536
v -1.2000000476837158 -0.15 2.7200000059604648
v -1.2000000476837158 3.4499999046325684 2.7200000059604648
v -0.550000011920929 -0.15 2.169999994039536
v -0.550000011920929 1.85 2.169999994039536
v -0.550000011920929 -0.15 2.7200000059604648
v -0.550000011920929 1.85 2.169999994039536
v -0.550000011920929 1.85 2.7200000059604648
v -0.550000011920929 -0.15 2.7200000059604648
v -0.550000011920929 1.85 2.169999994039536
v -0.548304557800293 1.8931525707244874 2.169999994039536
v -0.550000011920929 1.85 2.7200000059604648
v -0.548304557800293 1.8931525707244874 2.169999994039536
v -0.548304557800293 1.8931525707244874 2.7200000059604648
v -0.550000011920929 1.85 2.7200000059604648
v -0.548304557800293 1.8931525707244874 2.169999994039536
v -0.5432285666465759 1.9360390663146974 2.169999994039536
v -0.548304557800293 1.8931525707244874 2.7200000059604648
v -0.5432285666465759 1.9360390663146974 2.169999994039536
v -0.5432285666465759 1.9360390663146974 2.7200000059604648
v -0.548304557800293 1.8931525707244874 2.7200000059604648
v -0.5432285666465759 1.9360390663146974 2.169999994039536
v -0.5348034501075745 1.9783948421478272 2.169999994039536
v -0.5432285666465759 1.9360390663146974 2.7200000059604648
v -0.5348034501075745 1.9783948421478272 2.169999994039536
v -0.5348034501075745 1.9783948421478272 2.7200000059604648
v -0.5432285666465759 1.9360390663146974 2.7200000059604648
v -0.5348034501075745 1.9783948421478272 2.169999994039536
v -0.5230810642242432 2.019959306716919 2.169999994039536
v -0.5348034501075745 1.9783948421478272 2.7200000059604648
v -0.5230810642242432 2.019959306716919 2.169999994039536
v -0.5230810642242432 2.019959306716919 2.7200000059604648
v -0.5348034501075745 1.9783948421478272 2.7200000059604648
v -0.5230810642242432 2.019959306716919 2.169999994039536
v -0.5081337690353394 2.0604759216308595 2.169999994039536
v -0.5230810642242432 2.019959306716919 2.7200000059604648
v -0.5081337690353394 2.0604759216308595 2.169999994039536
v -0.5081337690353394 2.0604759216308595 2.7200000059604648
v -0.5230810642242432 2.019959306716919 2.7200000059604648
v -0.5081337690353394 2.0604759216308595 2.169999994039536
v -0.49005359411239624 2.09969482421875 2.169999994039536
v -0.5081337690353394 2.0604759216308595 2.7200000059604648
v -0.49005359411239624 2.09969482421875 2.169999994039536
v -0.49005359411239624 2.09969482421875 2.7200000059604648
v -0.5081337690353394 2.0604759216308595 2.7200000059604648
v -0.49005359411239624 2.09969482421875 2.169999994039536
v -0.46895208954811096 2.137374258041382 2.169999994039536
v -0.49005359411239624 2.09969482421875 2.7200000059604648
v -0.46895208954811096 2.137374258041382 2.169999994039536
v -0.46895208954811096 2.137374258041382 2.7200000059604648
v -0.49005359411239624 2.09969482421875 2.7200000059604648
v -0.46895208954811096 2.137374258041382 2.169999994039536
v -0.4449593424797058 2.17328200340271 2.169999994039536
v -0.46895208954811096 2.137374258041382 2.7200000059604648
v -0.4449593424797058 2.17328200340271 2.169999994039536
v -0.4449593424797058 2.17328200340271 2.7200000059604648
v -0.46895208954811096 2.137374258041382 2.7200000059604648
v -0.4449593424797058 2.17328200340271 2.169999994039536
v -0.4182232916355133 2.20719633102417 2.169999994039536
v -0.4449593424797058 2.17328200340271 2.7200000059604648
v -0.4182232916355133 2.20719633102417 2.169999994039536
v -0.4182232916355133 2.20719633102417 2.7200000059604648
v -0.4449593424797058 2.17328200340271 2.7200000059604648
v -0.4182232916355133 2.20719633102417 2.169999994039536
v -0.3889087438583374 2.238908624649048 2.169999994039536
v -0.4182232916355133 2.20719633102417 2.7200000059604648
v -0.3889087438583374 2.238908624649048 2.169999994039536
v -0.3889087438583374 2.238908624649048 2.7200000059604648
v -0.4182232916355133 2.20719633102417 2.7200000059604648
v -0.3889087438583374 2.238908624649048 2.169999994039536
v -0.3571964204311371 2.2682233810424806 2.169999994039536
v -0.3889087438583374 2.238908624649048 2.7200000059604648
v -0.3571964204311371 2.2682233810424806 2.169999994039536
v -0.3571964204311371 2.2682233810424806 2.7200000059604648
v -0.3889087438583374 2.238908624649048 2.7200000059604648
v -0.3571964204311371 2.2682233810424806 2.169999994039536
v -0.3232818841934204 2.2949594020843507 2.169999994039536
v -0.3571964204311371 2.2682233810424806 2.7200000059604648
v -0.3232818841934204 2.2949594020843507 2.169999994039536
v -0.3232818841934204 2.2949594020843507 2.7200000059604648
v -0.3571964204311371 2.2682233810424806 2.7200000059604648
v -0.3232818841934204 2.2949594020843507 2.169999994039536
v -0.28737419843673706 2.318952178955078 2.169999994039536
v -0.3232818841934204 2.2949594020843507 2.7200000059604648
v -0.28737419843673706 2.318952178955078 2.169999994039536
v -0.28737419843673706 2.318952178955078 2.7200000059604648
v -0.3232818841934204 2.2949594020843507 2.7200000059604648
v -0.28737419843673706 2.318952178955078 2.169999994039536
v -0.24969477951526642 2.340053653717041 2.169999994039536
v -0.28737419843673706 2.318952178955078 2.7200000059604648
v -0.24969477951526642 2.340053653717041 2.169999994039536
v -0.24969477951526642 2.340053653717041 2.7200000059604648
v -0.28737419843673706 2.318952178955078 2.7200000059604648
v -0.24969477951526642 2.340053653717041 2.169999994039536
v -0.210475891828537 2.35813364982605 2.169999994039536
v -0.24969477951526642 2.340053653717041 2.7200000059604648
v -0.210475891828537 2.35813364982605 2.169999994039536
v -0.210475891828537 2.35813364982605 2.7200000059604648
v -0.24969477951526642 2.340053653717041 2.7200000059604648
v -0.210475891828537 2.35813364982605 2.169999994039536
v -0.16995935142040253 2.3730810642242433 2.169999994039536
v -0.210475891828537 2.35813364982605 2.7200000059604648
v -0.16995935142040253 2.3730810642242433 2.169999994039536
v -0.16995935142040253 2.3730810642242433 2.7200000059604648
v -0.210475891828537 2.35813364982605 2.7200000059604648
v -0.16995935142040253 2.3730810642242433 2.169999994039536
v -0.1283949464559555 2.3848033905029298 2.169999994039536
v -0.16995935142040253 2.3730810642242433 2.7200000059604648
v -0.1283949464559555 2.3848033905029298 2.169999994039536
v -0.1283949464559555 2.3848033905029298 2.7200000059604648
v -0.16995935142040253 2.3730810642242433 2.7200000059604648
v -0.1283949464559555 2.3848033905029298 2.169999994039536
v -0.08603895455598831 2.393228626251221 2.169999994039536
v -0.1283949464559555 2.3848033905029298 2.7200000059604648
v -0.08603895455598831 2.393228626251221 2.169999994039536
v -0.08603895455598831 2.393228626251221 2.7200000059604648
v -0.1283949464559555 2.3848033905029298 2.7200000059604648
v -0.08603895455598831 2.393228626251221 2.169999994039536
v -0.04315250366926193 2.398304557800293 2.169999994039536
v -0.08603895455598831 2.393228626251221 2.7200000059604648
v -0.04315250366926193 2.398304557800293 2.169999994039536
v -0.04315250366926193 2.398304557800293 2.7200000059604648
v -0.08603895455598831 2.393228626251221 2.7200000059604648
v -0.04315250366926193 2.398304557800293 2.169999994039536
v 3.3677788446092116e-17 2.3999999523162843 2.169999994039536
v -0.04315250366926193 2.398304557800293 2.7200000059604648
v 3.3677788446092116e-17 2.3999999523162843 2.169999994039536
v 3.3677788446092116e-17 2.3999999523162843 2.7200000059604648
v -0.04315250366926193 2.398304557800293 2.7200000059604648
v 3.3677788446092116e-17 2.3999999523162843 2.169999994039536
v 0.04315250366926193 2.398304557800293 2.169999994039536
v 3.3677788446092116e-17 2.3999999523162843 2.7200000059604648
v 0.04315250366926193 2.398304557800293 2.169999994039536
v 0.04315250366926193 2.398304557800293 2.7200000059604648
v 3.3677788446092116e-17 2.3999999523162843 2.7200000059604648
v 0.04315250366926193 2.398304557800293 2.169999994039536
v 0.08603895455598831 2.393228626251221 2.169999994039536
v 0.04315250366926193 2.398304557800293 2.7200000059604648
v 0.08603895455598831 2.393228626251221 2.169999994039536
v 0.08603895455598831 2.393228626251221 2.7200000059604648
v 0.04315250366926193 2.398304557800293 2.7200000059604648
v 0.08603895455598831 2.393228626251221 2.169999994039536
v 0.1283949464559555 2.3848033905029298 2.169999994039536
v 0.08603895455598831 2.393228626251221 2.7200000059604648
v 0.1283949464559555 2.3848033905029298 2.169999994039536
v 0.1283949464559555 2.3848033905029298 2.7200000059604648
v 0.08603895455598831 2.393228626251221 2.7200000059604648
v 0.1283949464559555 2.3848033905029298 2.169999994039536
v 0.16995935142040253 2.3730810642242433 2.169999994039536
v 0.1283949464559555 2.3848033905029298 2.7200000059604648
v 0.16995935142040253 2.3730810642242433 2.169999994039536
v 0.16995935142040253 2.3730810642242433 2.7200000059604648
v 0.1283949464559555 2.3848033905029298 2.7200000059604648
v 0.16995935142040253 2.3730810642242433 2.169999994039536
v 0.210475891828537 2.35813364982605 2.169999994039536
v 0.16995935142040253 2.3730810642242433 2.7200000059604648
v 0.210475891828537 2.35813364982605 2.169999994039536
v 0.210475891828537 2.35813364982605 2.7200000059604648
v 0.16995935142040253 2.3730810642242433 2.7200000059604648
v 0.210475891828537 2.35813364982605 2.169999994039536
v 0.24969477951526642 2.340053653717041 2.169999994039536
v 0.210475891828537 2.35813364982605 2.7200000059604648
v 0.24969477951526642 2.340053653717041 2.169999994039536
v 0.24969477951526642 2.340053653717041 2.7200000059604648
v 0.210475891828537 2.35813364982605 2.7200000059604648
v 0.24969477951526642 2.340053653717041 2.169999994039536
v 0.28737419843673706 2.318952178955078 2.169999994039536
v 0.24969477951526642 2.340053653717041 2.7200000059604648
v 0.28737419843673706 2.318952178955078 2.169999994039536
v 0.28737419843673706 2.318952178955078 2.7200000059604648
v 0.24969477951526642 2.340053653717041 2.7200000059604648
v 0.28737419843673706 2.318952178955078 2.169999994039536
v 0.3232818841934204 2.2949594020843507 2.169999994039536
v 0.28737419843673706 2.318952178955078 2.7200000059604648
v 0.3232818841934204 2.2949594020843507 2.169999994039536
v 0.3232818841934204 2.2949594020843507 2.7200000059604648
v 0.28737419843673706 2.318952178955078 2.7200000059604648
v 0.3232818841934204 2.2949594020843507 2.169999994039536
v 0.3571964204311371 2.2682233810424806 2.169999994039536
v 0.3232818841934204 2.2949594020843507 2.7200000059604648
v 0.3571964204311371 2.2682233810424806 2.169999994039536
v 0.3571964204311371 2.2682233810424806 2.7200000059604648
v 0.3232818841934204 2.2949594020843507 2.7200000059604648
v 0.3571964204311371 2.2682233810424806 2.169999994039536
v 0.3889087438583374 2.238908624649048 2.169999994039536
v 0.3571964204311371 2.2682233810424806 2.7200000059604648
v 0.3889087438583374 2.238908624649048 2.169999994039536
v 0.3889087438583374 2.238908624649048 2.7200000059604648
v 0.3571964204311371 2.2682233810424806 2.7200000059604648
v 0.3889087438583374 2.238908624649048 2.169999994039536
v 0.4182232916355133 2.20719633102417 2.169999994039536
v 0.3889087438583374 2.238908624649048 2.7200000059604648
v 0.4182232916355133 2.20719633102417 2.169999994039536
v 0.4182232916355133 2.20719633102417 2.7200000059604648
v 0.3889087438583374 2.238908624649048 2.7200000059604648
v 0.4182232916355133 2.20719633102417 2.169999994039536
v 0.4449593424797058 2.17328200340271 2.169999994039536
v 0.4182232916355133 2.20719633102417 2.7200000059604648
v 0.4449593424797058 2.17328200340271 2.169999994039536
v 0.4449593424797058 2.17328200340271 2.7200000059604648
v 0.4182232916355133 2.20719633102417 2.7200000059604648
v 0.4449593424797058 2.17328200340271 2.169999994039536
v 0.46895208954811096 2.137374258041382 2.169999994039536
v 0.4449593424797058 2.17328200340271 2.7200000059604648
v 0.46895208954811096 2.137374258041382 2.169999994039536
v 0.46895208954811096 2.137374258041382 2.7200000059604648
v 0.4449593424797058 2.17328200340271 2.7200000059604648
v 0.46895208954811096 2.137374258041382 2.169999994039536
v 0.49005359411239624 2.09969482421875 2.169999994039536
v 0.46895208954811096 2.137374258041382 2.7200000059604648
v 0.49005359411239624 2.09969482421875 2.169999994039536
v 0.49005359411239624 2.09969482421875 2.7200000059604648
v 0.46895208954811096 2.137374258041382 2.7200000059604648
v 0.49005359411239624 2.09969482421875 2.169999994039536
v 0.5081337690353394 2.0604759216308595 2.169999994039536
v 0.49005359411239624 2.09969482421875 2.7200000059604648
v 0.5081337690353394 2.0604759216308595 2.169999994039536
v 0.5081337690353394 2.0604759216308595 2.7200000059604648
v 0.49005359411239624 2.09969482421875 2.7200000059604648
v 0.5081337690353394 2.0604759216308595 2.169999994039536
v 0.5230810642242432 2.019959306716919 2.169999994039536
v 0.5081337690353394 2.0604759216308595 2.7200000059604648
v 0.5230810642242432 2.019959306716919 2.169999994039536
v 0.5230810642242432 2.019959306716919 2.7200000059604648
v 0.5081337690353394 2.0604759216308595 2.7200000059604648
v 0.5230810642242432 2.019959306716919 2.169999994039536
v 0.5348034501075745 1.9783948421478272 2.169999994039536
v 0.5230810642242432 2.019959306716919 2.7200000059604648
v 0.5348034501075745 1.9783948421478272 2.169999994039536
v 0.5348034501075745 1.9783948421478272 2.7200000059604648
v 0.5230810642242432 2.019959306716919 2.7200000059604648
v 0.5348034501075745 1.9783948421478272 2.169999994039536
v 0.5432285666465759 1.9360390663146974 2.169999994039536
v 0.5348034501075745 1.9783948421478272 2.7200000059604648
v 0.5432285666465759 1.9360390663146974 2.169999994039536
v 0.5432285666465759 1.9360390663146974 2.7200000059604648
v 0.5348034501075745 1.9783948421478272 2.7200000059604648
v 0.5432285666465759 1.9360390663146974 2.169999994039536
v 0.548304557800293 1.8931525707244874 2.169999994039536
v 0.5432285666465759 1.9360390663146974 2.7200000059604648
v 0.548304557800293 1.8931525707244874 2.169999994039536
v 0.548304557800293 1.8931525707244874 2.7200000059604648
v 0.5432285666465759 1.9360390663146974 2.7200000059604648
v 0.548304557800293 1.8931525707244874 2.169999994039536
v 0.550000011920929 1.85 2.169999994039536
v 0.548304557800293 1.8931525707244874 2.7200000059604648
v 0.550000011920929 1.85 2.169999994039536
v 0.550000011920929 1.85 2.7200000059604648
v 0.548304557800293 1.8931525707244874 2.7200000059604648
v 0.550000011920929 1.85 2.169999994039536
v 0.550000011920929 -0.15 2.169999994039536
v 0.550000011920929 1.85 2.7200000059604648
v 0.550000011920929 -0.15 2.169999994039536
v 0.550000011920929 -0.15 2.7200000059604648
v 0.550000011920929 1.85 2.7200000059604648
v 0.550000011920929 -0.15 2.169999994039536
v -0.550000011920929 -0.15 2.169999994039536
v 0.550000011920929 -0.15 2.7200000059604648
v -0.550000011920929 -0.15 2.169999994039536
v -0.550000011920929 -0.15 2.7200000059604648
v 0.550000011920929 -0.15 2.7200000059604648
vt -0.550000011920929 2
vt -0.550000011920929 0
vt -1.2000000476837158 0
vt 1.2000000476837158 0
vt 0.550000011920929 0
vt 0.550000011920929 2
vt -0.550000011920929 2
vt -1.2000000476837158 0
vt -1.2000000476837158 3.5999999046325684
vt 1.2000000476837158 0
vt 0.550000011920929 2
vt 0.548304557800293 2.0431525707244873
vt -0.548304557800293 2.0431525707244873
vt -0.550000011920929 2
vt -1.2000000476837158 3.5999999046325684
vt 1.2000000476837158 0
vt 0.548304557800293 2.0431525707244873
vt 0.5432285666465759 2.0860390663146973
vt -0.5432285666465759 2.0860390663146973
vt -0.548304557800293 2.0431525707244873
vt -1.2000000476837158 3.5999999046325684
vt 1.2000000476837158 0
vt 0.5432285666465759 2.0860390663146973
vt 0.5348034501075745 2.128394842147827
vt -0.5348034501075745 2.128394842147827
vt -0.5432285666465759 2.0860390663146973
vt -1.2000000476837158 3.5999999046325684
vt 1.2000000476837158 0
vt 0.5348034501075745 2.128394842147827
vt 0.5230810642242432 2.169959306716919
vt -0.5230810642242432 2.169959306716919
vt -0.5348034501075745 2.128394842147827
vt -1.2000000476837158 3.5999999046325684
vt 1.2000000476837158 3.5999999046325684
vt 1.2000000476837158 0
vt 0.5230810642242432 2.169959306716919
vt -0.5081337690353394 2.2104759216308594
vt -0.5230810642242432 2.169959306716919
vt -1.2000000476837158 3.5999999046325684
vt 1.2000000476837158 3.5999999046325684
vt 0.5230810642242432 2.169959306716919
vt 0.5081337690353394 2.2104759216308594
vt -0.49005359411239624 2.24969482421875
vt -0.5081337690353394 2.2104759216308594
vt -1.2000000476837158 3.5999999046325684
vt 1.2000000476837158 3.5999999046325684
vt 0.5081337690353394 2.2104759216308594
vt 0.49005359411239624 2.24969482421875
vt -0.46895208954811096 2.287374258041382
vt -0.49005359411239624 2.24969482421875
vt -1.2000000476837158 3.5999999046325684
vt 1.2000000476837158 3.5999999046325684
vt 0.49005359411239624 2.24969482421875
vt 0.46895208954811096 2.287374258041382
vt -0.4449593424797058 2.32328200340271
vt -0.46895208954811096 2.287374258041382
vt -1.2000000476837158 3.5999999046325684
vt 1.2000000476837158 3.5999999046325684
vt 0.46895208954811096 2.287374258041382
vt 0.4449593424797058 2.32328200340271
vt -0.4182232916355133 2.35719633102417
vt -0.4449593424797058 2.32328200340271
vt -1.2000000476837158 3.5999999046325684
vt 1.2000000476837158 3.5999999046325684
vt 0.4449593424797058 2.32328200340271
vt 0.4182232916355133 2.35719633102417
vt -0.3889087438583374 2.388908624649048
vt -0.4182232916355133 2.35719633102417
vt -1.2000000476837158 3.5999999046325684
vt 1.2000000476837158 3.5999999046325684
vt 0.4182232916355133 2.35719633102417
vt 0.3889087438583374 2.388908624649048
vt -0.3571964204311371 2.4182233810424805
vt -0.3889087438583374 2.388908624649048
vt -1.2000000476837158 3.5999999046325684
vt 1.2000000476837158 3.5999999046325684
vt 0.3889087438583374 2.388908624649048
vt 0.3571964204311371 2.4182233810424805
vt -0.3232818841934204 2.4449594020843506
vt -0.3571964204311371 2.4182233810424805
vt -1.2000000476837158 3.5999999046325684
vt 1.2000000476837158 3.5999999046325684
vt 0.3571964204311371 2.4182233810424805
vt 0.3232818841934204 2.4449594020843506
vt -0.3232818841934204 2.4449594020843506
vt -1.2000000476837158 3.5999999046325684
vt 1.2000000476837158 3.5999999046325684
vt 1.2000000476837158 3.5999999046325684
vt 0.3232818841934204 2.4449594020843506
vt 0.28737419843673706 2.468952178955078
vt -0.28737419843673706 2.468952178955078
vt -0.3232818841934204 2.4449594020843506
vt 1.2000000476837158 3.5999999046325684
vt 1.2000000476837158 3.5999999046325684
vt 0.28737419843673706 2.468952178955078
vt 0.24969477951526642 2.490053653717041
vt -0.24969477951526642 2.490053653717041
vt -0.28737419843673706 2.468952178955078
vt 1.2000000476837158 3.5999999046325684
vt 1.2000000476837158 3.5999999046325684
vt 0.24969477951526642 2.490053653717041
vt 0.210475891828537 2.50813364982605
vt -0.210475891828537 2.50813364982605
vt -0.24969477951526642 2.490053653717041
vt 1.2000000476837158 3.5999999046325684
vt 1.2000000476837158 3.5999999046325684
vt 0.210475891828537 2.50813364982605
vt 0.16995935142040253 2.523081064224243
vt -0.16995935142040253 2.523081064224243
vt -0.210475891828537 2.50813364982605
vt 1.2000000476837158 3.5999999046325684
vt 1.2000000476837158 3.5999999046325684
vt 0.16995935142040253 2.523081064224243
vt 0.1283949464559555 2.5348033905029297
vt -0.1283949464559555 2.5348033905029297
vt -0.16995935142040253 2.523081064224243
vt 1.2000000476837158 3.5999999046325684
vt 1.2000000476837158 3.5999999046325684
vt 0.1283949464559555 2.5348033905029297
vt 0.08603895455598831 2.5432286262512207
vt -0.08603895455598831 2.5432286262512207
vt -0.1283949464559555 2.5348033905029297
vt 1.2000000476837158 3.5999999046325684
vt 1.2000000476837158 3.5999999046325684
vt 0.08603895455598831 2.5432286262512207
vt 0.04315250366926193 2.548304557800293
vt -0.04315250366926193 2.548304557800293
vt -0.08603895455598831 2.5432286262512207
vt 1.2000000476837158 3.5999999046325684
vt 1.2000000476837158 3.5999999046325684
vt 0.04315250366926193 2.548304557800293
vt 3.3677788446092116e-17 2.549999952316284
vt 3.3677788446092116e-17 2.549999952316284
vt -0.04315250366926193 2.548304557800293
vt 1.2000000476837158 3.5999999046325684
vt -1.2000000476837158 0
vt -0.550000011920929 0
vt -0.550000011920929 2
vt 0.550000011920929 2
vt 0.550000011920929 0
vt 1.2000000476837158 0
vt -1.2000000476837158 3.5999999046325684
vt -1.2000000476837158 0
vt -0.550000011920929 2
vt 0.548304557800293 2.0431525707244873
vt 0.550000011920929 2
vt 1.2000000476837158 0
vt -1.2000000476837158 3.5999999046325684
vt -0.550000011920929 2
vt -0.548304557800293 2.0431525707244873
vt 0.5432285666465759 2.0860390663146973
vt 0.548304557800293 2.0431525707244873
vt 1.2000000476837158 0
vt -1.2000000476837158 3.5999999046325684
vt -0.548304557800293 2.0431525707244873
vt -0.5432285666465759 2.0860390663146973
vt 0.5348034501075745 2.128394842147827
vt 0.5432285666465759 2.0860390663146973
vt 1.2000000476837158 0
vt -1.2000000476837158 3.5999999046325684
vt -0.5432285666465759 2.0860390663146973
vt -0.5348034501075745 2.128394842147827
vt 0.5230810642242432 2.169959306716919
vt 0.5348034501075745 2.128394842147827
vt 1.2000000476837158 0
vt -1.2000000476837158 3.5999999046325684
vt -0.5348034501075745 2.128394842147827
vt -0.5230810642242432 2.169959306716919
vt 0.5230810642242432 2.169959306716919
vt 1.2000000476837158 0
vt 1.2000000476837158 3.5999999046325684
vt -1.2000000476837158 3.5999999046325684
vt -0.5230810642242432 2.169959306716919
vt -0.5081337690353394 2.2104759216308594
vt 0.5081337690353394 2.2104759216308594
vt 0.5230810642242432 2.169959306716919
vt 1.2000000476837158 3.5999999046325684
vt -1.2000000476837158 3.5999999046325684
vt -0.5081337690353394 2.2104759216308594
vt -0.49005359411239624 2.24969482421875
vt 0.49005359411239624 2.24969482421875
vt 0.5081337690353394 2.2104759216308594
vt 1.2000000476837158 3.5999999046325684
vt -1.2000000476837158 3.5999999046325684
vt -0.49005359411239624 2.24969482421875
vt -0.46895208954811096 2.287374258041382
vt 0.46895208954811096 2.287374258041382
vt 0.49005359411239624 2.24969482421875
vt 1.2000000476837158 3.5999999046325684
vt -1.2000000476837158 3.5999999046325684
vt -0.46895208954811096 2.287374258041382
vt -0.4449593424797058 2.32328200340271
vt 0.4449593424797058 2.32328200340271
vt 0.46895208954811096 2.287374258041382
vt 1.2000000476837158 3.5999999046325684
vt -1.2000000476837158 3.5999999046325684
vt -0.4449593424797058 2.32328200340271
vt -0.4182232916355133 2.35719633102417
vt 0.4182232916355133 2.35719633102417
vt 0.4449593424797058 2.32328200340271
vt 1.2000000476837158 3.5999999046325684
vt -1.2000000476837158 3.5999999046325684
vt -0.4182232916355133 2.35719633102417
vt -0.3889087438583374 2.388908624649048
vt 0.3889087438583374 2.388908624649048
vt 0.4182232916355133 2.35719633102417
vt 1.2000000476837158 3.5999999046325684
vt -1.2000000476837158 3.5999999046325684
vt -0.3889087438583374 2.388908624649048
vt -0.3571964204311371 2.4182233810424805
vt 0.3571964204311371 2.4182233810424805
vt 0.3889087438583374 2.388908624649048
vt 1.2000000476837158 3.5999999046325684
vt -1.2000000476837158 3.5999999046325684
vt -0.3571964204311371 2.4182233810424805
vt -0.3232818841934204 2.4449594020843506
vt 0.3232818841934204 2.4449594020843506
vt 0.3571964204311371 2.4182233810424805
vt 1.2000000476837158 3.5999999046325684
vt 1.2000000476837158 3.5999999046325684
vt -1.2000000476837158 3.5999999046325684
vt -0.3232818841934204 2.4449594020843506
vt 0.28737419843673706 2.468952178955078
vt 0.3232818841934204 2.4449594020843506
vt 1.2000000476837158 3.5999999046325684
vt 1.2000000476837158 3.5999999046325684
vt -0.3232818841934204 2.4449594020843506
vt -0.28737419843673706 2.468952178955078
vt 0.24969477951526642 2.490053653717041
vt 0.28737419843673706 2.468952178955078
vt 1.2000000476837158 3.5999999046325684
vt 1.2000000476837158 3.5999999046325684
vt -0.28737419843673706 2.468952178955078
vt -0.24969477951526642 2.490053653717041
vt 0.210475891828537 2.50813364982605
vt 0.24969477951526642 2.490053653717041
vt 1.2000000476837158 3.5999999046325684
vt 1.2000000476837158 3.5999999046325684
vt -0.24969477951526642 2.490053653717041
vt -0.210475891828537 2.50813364982605
vt 0.16995935142040253 2.523081064224243
vt 0.210475891828537 2.50813364982605
vt 1.2000000476837158 3.5999999046325684
vt 1.2000000476837158 3.5999999046325684
vt -0.210475891828537 2.50813364982605
vt -0.16995935142040253 2.523081064224243
vt 0.1283949464559555 2.5348033905029297
vt 0.16995935142040253 2.523081064224243
vt 1.2000000476837158 3.5999999046325684
vt 1.2000000476837158 3.5999999046325684
vt -0.16995935142040253 2.523081064224243
vt -0.1283949464559555 2.5348033905029297
vt 0.08603895455598831 2.5432286262512207
vt 0.1283949464559555 2.5348033905029297
vt 1.2000000476837158 3.5999999046325684
vt 1.2000000476837158 3.5999999046325684
vt -0.1283949464559555 2.5348033905029297
vt -0.08603895455598831 2.5432286262512207
vt 0.04315250366926193 2.548304557800293
vt 0.08603895455598831 2.5432286262512207
vt 1.2000000476837158 3.5999999046325684
vt 1.2000000476837158 3.5999999046325684
vt -0.08603895455598831 2.5432286262512207
vt -0.04315250366926193 2.548304557800293
vt 3.3677788446092116e-17 2.549999952316284
vt 0.04315250366926193 2.548304557800293
vt 1.2000000476837158 3.5999999046325684
vt 1.2000000476837158 3.5999999046325684
vt -0.04315250366926193 2.548304557800293
vt 3.3677788446092116e-17 2.549999952316284
vt -1.2000000476837158 1
vt 1.2000000476837158 1
vt -1.2000000476837158 0.44999998807907104
vt 1.2000000476837158 1
vt 1.2000000476837158 0.44999998807907104
vt -1.2000000476837158 0.44999998807907104
vt 0 1
vt 3.5999999046325684 1
vt 0 0.44999998807907104
vt 3.5999999046325684 1
vt 3.5999999046325684 0.44999998807907104
vt 0 0.44999998807907104
vt 1.2000000476837158 1
vt -1.2000000476837158 1
vt 1.2000000476837158 0.44999998807907104
vt -1.2000000476837158 1
vt -1.2000000476837158 0.44999998807907104
vt 1.2000000476837158 0.44999998807907104
vt 3.5999999046325684 1
vt 0 1
vt 3.5999999046325684 0.44999998807907104
vt 0 1
vt 0 0.44999998807907104
vt 3.5999999046325684 0.44999998807907104
vt 0 1
vt 2 1
vt 0 0.44999998807907104
vt 2 1
vt 2 0.44999998807907104
vt 0 0.44999998807907104
vt 2 1
vt 2.0431525707244873 1
vt 2 0.44999998807907104
vt 2.0431525707244873 1
vt 2.0431525707244873 0.44999998807907104
vt 2 0.44999998807907104
vt 2.0431525707244873 1
vt 2.0860390663146973 1
vt 2.0431525707244873 0.44999998807907104
vt 2.0860390663146973 1
vt 2.0860390663146973 0.44999998807907104
vt 2.0431525707244873 0.44999998807907104
vt 2.0860390663146973 1
vt 2.128394842147827 1
vt 2.0860390663146973 0.44999998807907104
vt 2.128394842147827 1
vt 2.128394842147827 0.44999998807907104
vt 2.0860390663146973 0.44999998807907104
vt 2.128394842147827 1
vt 2.169959306716919 1
vt 2.128394842147827 0.44999998807907104
vt 2.169959306716919 1
vt 2.169959306716919 0.44999998807907104
vt 2.128394842147827 0.44999998807907104
vt 2.169959306716919 1
vt 2.2104759216308594 1
vt 2.169959306716919 0.44999998807907104
vt 2.2104759216308594 1
vt 2.2104759216308594 0.44999998807907104
vt 2.169959306716919 0.44999998807907104
vt 2.2104759216308594 1
vt 2.24969482421875 1
vt 2.2104759216308594 0.44999998807907104
vt 2.24969482421875 1
vt 2.24969482421875 0.44999998807907104
vt 2.2104759216308594 0.44999998807907104
vt 2.24969482421875 1
vt 2.287374258041382 1
vt 2.24969482421875 0.44999998807907104
vt 2.287374258041382 1
vt 2.287374258041382 0.44999998807907104
vt 2.24969482421875 0.44999998807907104
vt 2.287374258041382 1
vt 2.32328200340271 1
vt 2.287374258041382 0.44999998807907104
vt 2.32328200340271 1
vt 2.32328200340271 0.44999998807907104
vt 2.287374258041382 0.44999998807907104
vt 2.32328200340271 1
vt 2.35719633102417 1
vt 2.32328200340271 0.44999998807907104
vt 2.35719633102417 1
vt 2.35719633102417 0.44999998807907104
vt 2.32328200340271 0.44999998807907104
vt 2.35719633102417 1
vt 2.388908624649048 1
vt 2.35719633102417 0.44999998807907104
vt 2.388908624649048 1
vt 2.388908624649048 0.44999998807907104
vt 2.35719633102417 0.44999998807907104
vt -0.3889087438583374 1
vt -0.3571964204311371 1
vt -0.3889087438583374 0.44999998807907104
vt -0.3571964204311371 1
vt -0.3571964204311371 0.44999998807907104
vt -0.3889087438583374 0.44999998807907104
vt -0.3571964204311371 1
vt -0.3232818841934204 1
vt -0.3571964204311371 0.44999998807907104
vt -0.3232818841934204 1
vt -0.3232818841934204 0.44999998807907104
vt -0.3571964204311371 0.44999998807907104
vt -0.3232818841934204 1
vt -0.28737419843673706 1
vt -0.3232818841934204 0.44999998807907104
vt -0.28737419843673706 1
vt -0.28737419843673706 0.44999998807907104
vt -0.3232818841934204 0.44999998807907104
vt -0.28737419843673706 1
vt -0.24969477951526642 1
vt -0.28737419843673706 0.44999998807907104
vt -0.24969477951526642 1
vt -0.24969477951526642 0.44999998807907104
vt -0.28737419843673706 0.44999998807907104
vt -0.24969477951526642 1
vt -0.210475891828537 1
vt -0.24969477951526642 0.44999998807907104
vt -0.210475891828537 1
vt -0.210475891828537 0.44999998807907104
vt -0.24969477951526642 0.44999998807907104
vt -0.210475891828537 1
vt -0.16995935142040253 1
vt -0.210475891828537 0.44999998807907104
vt -0.16995935142040253 1
vt -0.16995935142040253 0.44999998807907104
vt -0.210475891828537 0.44999998807907104
vt -0.16995935142040253 1
vt -0.1283949464559555 1
vt -0.16995935142040253 0.44999998807907104
vt -0.1283949464559555 1
vt -0.1283949464559555 0.44999998807907104
vt -0.16995935142040253 0.44999998807907104
vt -0.1283949464559555 1
vt -0.08603895455598831 1
vt -0.1283949464559555 0.44999998807907104
vt -0.08603895455598831 1
vt -0.08603895455598831 0.44999998807907104
vt -0.1283949464559555 0.44999998807907104
vt -0.08603895455598831 1
vt -0.04315250366926193 1
vt -0.08603895455598831 0.44999998807907104
vt -0.04315250366926193 1
vt -0.04315250366926193 0.44999998807907104
vt -0.08603895455598831 0.44999998807907104
vt -0.04315250366926193 1
vt 3.3677788446092116e-17 1
vt -0.04315250366926193 0.44999998807907104
vt 3.3677788446092116e-17 1
vt 3.3677788446092116e-17 0.44999998807907104
vt -0.04315250366926193 0.44999998807907104
vt 3.3677788446092116e-17 1
vt 0.04315250366926193 1
vt 3.3677788446092116e-17 0.44999998807907104
vt 0.04315250366926193 1
vt 0.04315250366926193 0.44999998807907104
vt 3.3677788446092116e-17 0.44999998807907104
vt 0.04315250366926193 1
vt 0.08603895455598831 1
vt 0.04315250366926193 0.44999998807907104
vt 0.08603895455598831 1
vt 0.08603895455598831 0.44999998807907104
vt 0.04315250366926193 0.44999998807907104
vt 0.08603895455598831 1
vt 0.1283949464559555 1
vt 0.08603895455598831 0.44999998807907104
vt 0.1283949464559555 1
vt 0.1283949464559555 0.44999998807907104
vt 0.08603895455598831 0.44999998807907104
vt 0.1283949464559555 1
vt 0.16995935142040253 1
vt 0.1283949464559555 0.44999998807907104
vt 0.16995935142040253 1
vt 0.16995935142040253 0.44999998807907104
vt 0.1283949464559555 0.44999998807907104
vt 0.16995935142040253 1
vt 0.210475891828537 1
vt 0.16995935142040253 0.44999998807907104
vt 0.210475891828537 1
vt 0.210475891828537 0.44999998807907104
vt 0.16995935142040253 0.44999998807907104
vt 0.210475891828537 1
vt 0.24969477951526642 1
vt 0.210475891828537 0.44999998807907104
vt 0.24969477951526642 1
vt 0.24969477951526642 0.44999998807907104
vt 0.210475891828537 0.44999998807907104
vt 0.24969477951526642 1
vt 0.28737419843673706 1
vt 0.24969477951526642 0.44999998807907104
vt 0.28737419843673706 1
vt 0.28737419843673706 0.44999998807907104
vt 0.24969477951526642 0.44999998807907104
vt 0.28737419843673706 1
vt 0.3232818841934204 1
vt 0.28737419843673706 0.44999998807907104
vt 0.3232818841934204 1
vt 0.3232818841934204 0.44999998807907104
vt 0.28737419843673706 0.44999998807907104
vt 0.3232818841934204 1
vt 0.3571964204311371 1
vt 0.3232818841934204 0.44999998807907104
vt 0.3571964204311371 1
vt 0.3571964204311371 0.44999998807907104
vt 0.3232818841934204 0.44999998807907104
vt 0.3571964204311371 1
vt 0.3889087438583374 1
vt 0.3571964204311371 0.44999998807907104
vt 0.3889087438583374 1
vt 0.3889087438583374 0.44999998807907104
vt 0.3571964204311371 0.44999998807907104
vt 2.388908624649048 1
vt 2.35719633102417 1
vt 2.388908624649048 0.44999998807907104
vt 2.35719633102417 1
vt 2.35719633102417 0.44999998807907104
vt 2.388908624649048 0.44999998807907104
vt 2.35719633102417 1
vt 2.32328200340271 1
vt 2.35719633102417 0.44999998807907104
vt 2.32328200340271 1
vt 2.32328200340271 0.44999998807907104
vt 2.35719633102417 0.44999998807907104
vt 2.32328200340271 1
vt 2.287374258041382 1
vt 2.32328200340271 0.44999998807907104
vt 2.287374258041382 1
vt 2.287374258041382 0.44999998807907104
vt 2.32328200340271 0.44999998807907104
vt 2.287374258041382 1
vt 2.24969482421875 1
vt 2.287374258041382 0.44999998807907104
vt 2.24969482421875 1
vt 2.24969482421875 0.44999998807907104
vt 2.287374258041382 0.44999998807907104
vt 2.24969482421875 1
vt 2.2104759216308594 1
vt 2.24969482421875 0.44999998807907104
vt 2.2104759216308594 1
vt 2.2104759216308594 0.44999998807907104
vt 2.24969482421875 0.44999998807907104
vt 2.2104759216308594 1
vt 2.169959306716919 1
vt 2.2104759216308594 0.44999998807907104
vt 2.169959306716919 1
vt 2.169959306716919 0.44999998807907104
vt 2.2104759216308594 0.44999998807907104
vt 2.169959306716919 1
vt 2.128394842147827 1
vt 2.169959306716919 0.44999998807907104
vt 2.128394842147827 1
vt 2.128394842147827 0.44999998807907104
vt 2.169959306716919 0.44999998807907104
vt 2.128394842147827 1
vt 2.0860390663146973 1
vt 2.128394842147827 0.44999998807907104
vt 2.0860390663146973 1
vt 2.0860390663146973 0.44999998807907104
vt 2.128394842147827 0.44999998807907104
vt 2.0860390663146973 1
vt 2.0431525707244873 1
vt 2.0860390663146973 0.44999998807907104
vt 2.0431525707244873 1
vt 2.0431525707244873 0.44999998807907104
vt 2.0860390663146973 0.44999998807907104
vt 2.0431525707244873 1
vt 2 1
vt 2.0431525707244873 0.44999998807907104
vt 2 1
vt 2 0.44999998807907104
vt 2.0431525707244873 0.44999998807907104
vt 2 1
vt 0 1
vt 2 0.44999998807907104
vt 0 1
vt 0 0.44999998807907104
vt 2 0.44999998807907104
vt 0.550000011920929 1
vt -0.550000011920929 1
vt 0.550000011920929 0.44999998807907104
vt -0.550000011920929 1
vt -0.550000011920929 0.44999998807907104
vt 0.550000011920929 0.44999998807907104
vn 0 0 -1
vn 0 0 -1
vn 0 0 -1
vn 0 0 -1
vn 0 0 -1
vn 0 0 -1
vn 0 0 -1
vn 0 0 -1
vn 0 0 -1
vn 0 0 -1
vn 0 0 -1
vn 0 0 -1
vn 0 0 -1
vn 0 0 -1
vn 0 0 -1
vn 0 0 -1
vn 0 0 -1
vn 0 0 -1
vn 0 0 -1
vn 0 0 -1
vn 0 0 -1
vn 0 0 -1
vn 0 0 -1
vn 0 0 -1
vn 0 0 -1
vn 0 0 -1
vn 0 0 -1
vn 0 0 -1
vn 0 0 -1
vn 0 0 -1
vn 0 0 -1
vn 0 0 -1
vn 0 0 -1
vn 0 0 -1
vn 0 0 -1
vn 0 0 -1
vn 0 0 -1
vn 0 0 -1
vn 0 0 -1
vn 0 0 -1
vn 0 0 -1
vn 0 0 -1
vn 0 0 -1
vn 0 0 -1
vn 0 0 -1
vn 0 0 -1
vn 0 0 -1
vn 0 0 -1
vn 0 0 -1
vn 0 0 -1
vn 0 0 -1
vn 0 0 -1
vn 0 0 -1
vn 0 0 -1
vn 0 0 -1
vn 0 0 -1
vn 0 0 -1
vn 0 0 -1
vn 0 0 -1
vn 0 0 -1
vn 0 0 -1
vn 0 0 -1
vn 0 0 -1
vn 0 0 -1
vn 0 0 -1
vn 0 0 -1
vn 0 0 -1
vn 0 0 -1
vn 0 0 -1
vn 0 0 -1
vn 0 0 -1
vn 0 0 -1
vn 0 0 -1
vn 0 0 -1
vn 0 0 -1
vn 0 0 -1
vn 0 0 -1
vn 0 0 -1
vn 0 0 -1
vn 0 0 -1
vn 0 0 -1
vn 0 0 -1
vn 0 0 -1
vn 0 0 -1
vn 0 0 -1
vn 0 0 -1
vn 0 0 -1
vn 0 0 -1
vn 0 0 -1
vn 0 0 -1
vn 0 0 -1
vn 0 0 -1
vn 0 0 -1
vn 0 0 -1
vn 0 0 -1
vn 0 0 -1
vn 0 0 -1
vn 0 0 -1
vn 0 0 -1
vn 0 0 -1
vn 0 0 -1
vn 0 0 -1
vn 0 0 -1
vn 0 0 -1
vn 0 0 -1
vn 0 0 -1
vn 0 0 -1
vn 0 0 -1
vn 0 0 -1
vn 0 0 -1
vn 0 0 -1
vn 0 0 -1
vn 0 0 -1
vn 0 0 -1
vn 0 0 -1
vn 0 0 -1
vn 0 0 -1
vn 0 0 -1
vn 0 0 -1
vn 0 0 -1
vn 0 0 -1
vn 0 0 -1
vn 0 0 -1
vn 0 0 -1
vn 0 0 -1
vn 0 0 -1
vn 0 0 -1
vn 0 0 -1
vn 0 0 -1
vn 0 0 -1
vn 0 0 -1
vn 0 0 -1
vn 0 0 -1
vn 0 0 -1
vn 0 0 -1
vn 0 0 1
vn 0 0 1
vn 0 0 1
vn 0 0 1
vn 0 0 1
vn 0 0 1
vn 0 0 1
vn 0 0 1
vn 0 0 1
vn 0 0 1
vn 0 0 1
vn 0 0 1
vn 0 0 1
vn 0 0 1
vn 0 0 1
vn 0 0 1
vn 0 0 1
vn 0 0 1
vn 0 0 1
vn 0 0 1
vn 0 0 1
vn 0 0 1
vn 0 0 1
vn 0 0 1
vn 0 0 1
vn 0 0 1
vn 0 0 1
vn 0 0 1
vn 0 0 1
vn 0 0 1
vn 0 0 1
vn 0 0 1
vn 0 0 1
vn 0 0 1
vn 0 0 1
vn 0 0 1
vn 0 0 1
vn 0 0 1
vn 0 0 1
vn 0 0 1
vn 0 0 1
vn 0 0 1
vn 0 0 1
vn 0 0 1
vn 0 0 1
vn 0 0 1
vn 0 0 1
vn 0 0 1
vn 0 0 1
vn 0 0 1
vn 0 0 1
vn 0 0 1
vn 0 0 1
vn 0 0 1
vn 0 0 1
vn 0 0 1
vn 0 0 1
vn 0 0 1
vn 0 0 1
vn 0 0 1
vn 0 0 1
vn 0 0 1
vn 0 0 1
vn 0 0 1
vn 0 0 1
vn 0 0 1
vn 0 0 1
vn 0 0 1
vn 0 0 1
vn 0 0 1
vn 0 0 1
vn 0 0 1
vn 0 0 1
vn 0 0 1
vn 0 0 1
vn 0 0 1
vn 0 0 1
vn 0 0 1
vn 0 0 1
vn 0 0 1
vn 0 0 1
vn 0 0 1
vn 0 0 1
vn 0 0 1
vn 0 0 1
vn 0 0 1
vn 0 0 1
vn 0 0 1
vn 0 0 1
vn 0 0 1
vn 0 0 1
vn 0 0 1
vn 0 0 1
vn 0 0 1
vn 0 0 1
vn 0 0 1
vn 0 0 1
vn 0 0 1
vn 0 0 1
vn 0 0 1
vn 0 0 1
vn 0 0 1
vn 0 0 1
vn 0 0 1
vn 0 0 1
vn 0 0 1
vn 0 0 1
vn 0 0 1
vn 0 0 1
vn 0 0 1
vn 0 0 1
vn 0 0 1
vn 0 0 1
vn 0 0 1
vn 0 0 1
vn 0 0 1
vn 0 0 1
vn 0 0 1
vn 0 0 1
vn 0 0 1
vn 0 0 1
vn 0 0 1
vn 0 0 1
vn 0 0 1
vn 0 0 1
vn 0 0 1
vn 0 0 1
vn 0 0 1
vn 0 0 1
vn 0 0 1
vn 0 0 1
vn 0 0 1
vn 0 0 1
vn 0 0 1
vn 0 0 1
vn 0 -1 0
vn 0 -1 0
vn 0 -1 0
vn 0 -1 0
vn 0 -1 0
vn 0 -1 0
vn 1 0 0
vn 1 0 0
vn 1 0 0
vn 1 0 0
vn 1 0 0
vn 1 0 0
vn 0 1 0
vn 0 1 0
vn 0 1 0
vn 0 1 0
vn 0 1 0
vn 0 1 0
vn -1 0 0
vn -1 0 0
vn -1 0 0
vn -1 0 0
vn -1 0 0
vn -1 0 0
vn 1 0 0
vn 1 0 0
vn 1 0 0
vn 1 0 0
vn 1 0 0
vn 1 0 0
vn 0.9992290499690418 -0.039259466348463334 0
vn 0.9992290499690418 -0.039259466348463334 0
vn 0.9992290499690418 -0.039259466348463334 0
vn 0.9992290499690418 -0.039259466348463334 0
vn 0.9992290499690418 -0.039259466348463334 0
vn 0.9992290499690418 -0.039259466348463334 0
vn 0.9930683487204752 -0.11753831192249084 0
vn 0.9930683487204752 -0.11753831192249084 0
vn 0.9930683487204752 -0.11753831192249084 0
vn 0.9930683487204752 -0.11753831192249084 0
vn 0.9930683487204752 -0.11753831192249084 0
vn 0.9930683487204752 -0.11753831192249084 0
vn 0.9807851518121675 -0.19509096848594326 0
vn 0.9807851518121675 -0.19509096848594326 0
vn 0.9807851518121675 -0.19509096848594326 0
vn 0.9807851518121675 -0.19509096848594326 0
vn 0.9807851518121675 -0.19509096848594326 0
vn 0.9807851518121675 -0.19509096848594326 0
vn 0.9624552711770437 -0.2714403267451677 0
vn 0.9624552711770437 -0.2714403267451677 0
vn 0.9624552711770437 -0.2714403267451677 0
vn 0.9624552711770437 -0.2714403267451677 0
vn 0.9624552711770437 -0.2714403267451677 0
vn 0.9624552711770437 -0.2714403267451677 0
vn 0.9381918887354616 -0.3461155586086638 0
vn 0.9381918887354616 -0.3461155586086638 0
vn 0.9381918887354616 -0.3461155586086638 0
vn 0.9381918887354616 -0.3461155586086638 0
vn 0.9381918887354616 -0.3461155586086638 0
vn 0.9381918887354616 -0.3461155586086638 0
vn 0.9081430568744587 -0.4186599912228459 0
vn 0.9081430568744587 -0.4186599912228459 0
vn 0.9081430568744587 -0.4186599912228459 0
vn 0.9081430568744587 -0.4186599912228459 0
vn 0.9081430568744587 -0.4186599912228459 0
vn 0.9081430568744587 -0.4186599912228459 0
vn 0.8724959325603484 -0.488621374548482 0
vn 0.8724959325603484 -0.488621374548482 0
vn 0.8724959325603484 -0.488621374548482 0
vn 0.8724959325603484 -0.488621374548482 0
vn 0.8724959325603484 -0.488621374548482 0
vn 0.8724959325603484 -0.488621374548482 0
vn 0.831470051709369 -0.5555695754002545 0
vn 0.831470051709369 -0.5555695754002545 0
vn 0.831470051709369 -0.5555695754002545 0
vn 0.831470051709369 -0.5555695754002545 0
vn 0.831470051709369 -0.5555695754002545 0
vn 0.831470051709369 -0.5555695754002545 0
vn 0.7853152276509714 -0.6190961098403892 0
vn 0.7853152276509714 -0.6190961098403892 0
vn 0.7853152276509714 -0.6190961098403892 0
vn 0.7853152276509714 -0.6190961098403892 0
vn 0.7853152276509714 -0.6190961098403892 0
vn 0.7853152276509714 -0.6190961098403892 0
vn 0.7343224344676855 -0.6788008266328581 0
vn 0.7343224344676855 -0.6788008266328581 0
vn 0.7343224344676855 -0.6788008266328581 0
vn 0.7343224344676855 -0.6788008266328581 0
vn 0.7343224344676855 -0.6788008266328581 0
vn 0.7343224344676855 -0.6788008266328581 0
vn 0.6788030878374807 -0.7343203442247133 0
vn 0.6788030878374807 -0.7343203442247133 0
vn 0.6788030878374807 -0.7343203442247133 0
vn 0.6788030878374807 -0.7343203442247133 0
vn 0.6788030878374807 -0.7343203442247133 0
vn 0.6788030878374807 -0.7343203442247133 0
vn 0.6190933099256439 -0.7853174349301755 0
vn 0.6190933099256439 -0.7853174349301755 0
vn 0.6190933099256439 -0.7853174349301755 0
vn 0.6190933099256439 -0.7853174349301755 0
vn 0.6190933099256439 -0.7853174349301755 0
vn 0.6190933099256439 -0.7853174349301755 0
vn 0.555570675068361 -0.8314693169348375 0
vn 0.555570675068361 -0.8314693169348375 0
vn 0.555570675068361 -0.8314693169348375 0
vn 0.555570675068361 -0.8314693169348375 0
vn 0.555570675068361 -0.8314693169348375 0
vn 0.555570675068361 -0.8314693169348375 0
vn 0.48862102607254587 -0.872496127716228 0
vn 0.48862102607254587 -0.872496127716228 0
vn 0.48862102607254587 -0.872496127716228 0
vn 0.48862102607254587 -0.872496127716228 0
vn 0.48862102607254587 -0.872496127716228 0
vn 0.48862102607254587 -0.872496127716228 0
vn 0.4186567455965828 -0.9081445531227273 0
vn 0.4186567455965828 -0.9081445531227273 0
vn 0.4186567455965828 -0.9081445531227273 0
vn 0.4186567455965828 -0.9081445531227273 0
vn 0.4186567455965828 -0.9081445531227273 0
vn 0.4186567455965828 -0.9081445531227273 0
vn 0.3461185302090236 -0.9381907924542563 0
vn 0.3461185302090236 -0.9381907924542563 0
vn 0.3461185302090236 -0.9381907924542563 0
vn 0.3461185302090236 -0.9381907924542563 0
vn 0.3461185302090236 -0.9381907924542563 0
vn 0.3461185302090236 -0.9381907924542563 0
vn 0.27143943626363304 -0.9624555223182426 0
vn 0.27143943626363304 -0.9624555223182426 0
vn 0.27143943626363304 -0.9624555223182426 0
vn 0.27143943626363304 -0.9624555223182426 0
vn 0.27143943626363304 -0.9624555223182426 0
vn 0.27143943626363304 -0.9624555223182426 0
vn 0.19509265958787514 -0.9807848154284045 0
vn 0.19509265958787514 -0.9807848154284045 0
vn 0.19509265958787514 -0.9807848154284045 0
vn 0.19509265958787514 -0.9807848154284045 0
vn 0.19509265958787514 -0.9807848154284045 0
vn 0.19509265958787514 -0.9807848154284045 0
vn 0.11753706399324991 -0.9930684964230043 0
vn 0.11753706399324991 -0.9930684964230043 0
vn 0.11753706399324991 -0.9930684964230043 0
vn 0.11753706399324991 -0.9930684964230043 0
vn 0.11753706399324991 -0.9930684964230043 0
vn 0.11753706399324991 -0.9930684964230043 0
vn 0.039258153347776596 -0.9992291015556556 0
vn 0.039258153347776596 -0.9992291015556556 0
vn 0.039258153347776596 -0.9992291015556556 0
vn 0.039258153347776596 -0.9992291015556556 0
vn 0.039258153347776596 -0.9992291015556556 0
vn 0.039258153347776596 -0.9992291015556556 0
vn -0.039258153347776596 -0.9992291015556556 0
vn -0.039258153347776596 -0.9992291015556556 0
vn -0.039258153347776596 -0.9992291015556556 0
vn -0.039258153347776596 -0.9992291015556556 0
vn -0.039258153347776596 -0.9992291015556556 0
vn -0.039258153347776596 -0.9992291015556556 0
vn -0.11753706399324991 -0.9930684964230043 0
vn -0.11753706399324991 -0.9930684964230043 0
vn -0.11753706399324991 -0.9930684964230043 0
vn -0.11753706399324991 -0.9930684964230043 0
vn -0.11753706399324991 -0.9930684964230043 0
vn -0.11753706399324991 -0.9930684964230043 0
vn -0.19509265958787514 -0.9807848154284045 0
vn -0.19509265958787514 -0.9807848154284045 0
vn -0.19509265958787514 -0.9807848154284045 0
vn -0.19509265958787514 -0.9807848154284045 0
vn -0.19509265958787514 -0.9807848154284045 0
vn -0.19509265958787514 -0.9807848154284045 0
vn -0.27143943626363304 -0.9624555223182426 0
vn -0.27143943626363304 -0.9624555223182426 0
vn -0.27143943626363304 -0.9624555223182426 0
vn -0.27143943626363304 -0.9624555223182426 0
vn -0.27143943626363304 -0.9624555223182426 0
vn -0.27143943626363304 -0.9624555223182426 0
vn -0.3461185302090236 -0.9381907924542563 0
vn -0.3461185302090236 -0.9381907924542563 0
vn -0.3461185302090236 -0.9381907924542563 0
vn -0.3461185302090236 -0.9381907924542563 0
vn -0.3461185302090236 -0.9381907924542563 0
vn -0.3461185302090236 -0.9381907924542563 0
vn -0.4186567455965828 -0.9081445531227273 0
vn -0.4186567455965828 -0.9081445531227273 0
vn -0.4186567455965828 -0.9081445531227273 0
vn -0.4186567455965828 -0.9081445531227273 0
vn -0.4186567455965828 -0.9081445531227273 0
vn -0.4186567455965828 -0.9081445531227273 0
vn -0.48862102607254587 -0.872496127716228 0
vn -0.48862102607254587 -0.872496127716228 0
vn -0.48862102607254587 -0.872496127716228 0
vn -0.48862102607254587 -0.872496127716228 0
vn -0.48862102607254587 -0.872496127716228 0
vn -0.48862102607254587 -0.872496127716228 0
vn -0.555570675068361 -0.8314693169348375 0
vn -0.555570675068361 -0.8314693169348375 0
vn -0.555570675068361 -0.8314693169348375 0
vn -0.555570675068361 -0.8314693169348375 0
vn -0.555570675068361 -0.8314693169348375 0
vn -0.555570675068361 -0.8314693169348375 0
vn -0.6190933099256439 -0.7853174349301755 0
vn -0.6190933099256439 -0.7853174349301755 0
vn -0.6190933099256439 -0.7853174349301755 0
vn -0.6190933099256439 -0.7853174349301755 0
vn -0.6190933099256439 -0.7853174349301755 0
vn -0.6190933099256439 -0.7853174349301755 0
vn -0.6788030878374807 -0.7343203442247133 0
vn -0.6788030878374807 -0.7343203442247133 0
vn -0.6788030878374807 -0.7343203442247133 0
vn -0.6788030878374807 -0.7343203442247133 0
vn -0.6788030878374807 -0.7343203442247133 0
vn -0.6788030878374807 -0.7343203442247133 0
vn -0.7343224344676855 -0.6788008266328581 0
vn -0.7343224344676855 -0.6788008266328581 0
vn -0.7343224344676855 -0.6788008266328581 0
vn -0.7343224344676855 -0.6788008266328581 0
vn -0.7343224344676855 -0.6788008266328581 0
vn -0.7343224344676855 -0.6788008266328581 0
vn -0.7853152276509714 -0.6190961098403892 0
vn -0.7853152276509714 -0.6190961098403892 0
vn -0.7853152276509714 -0.6190961098403892 0
vn -0.7853152276509714 -0.6190961098403892 0
vn -0.7853152276509714 -0.6190961098403892 0
vn -0.7853152276509714 -0.6190961098403892 0
vn -0.831470051709369 -0.5555695754002545 0
vn -0.831470051709369 -0.5555695754002545 0
vn -0.831470051709369 -0.5555695754002545 0
vn -0.831470051709369 -0.5555695754002545 0
vn -0.831470051709369 -0.5555695754002545 0
vn -0.831470051709369 -0.5555695754002545 0
vn -0.8724959325603484 -0.488621374548482 0
vn -0.8724959325603484 -0.488621374548482 0
vn -0.8724959325603484 -0.488621374548482 0
vn -0.8724959325603484 -0.488621374548482 0
vn -0.8724959325603484 -0.488621374548482 0
vn -0.8724959325603484 -0.488621374548482 0
vn -0.9081430568744587 -0.4186599912228459 0
vn -0.9081430568744587 -0.4186599912228459 0
vn -0.9081430568744587 -0.4186599912228459 0
vn -0.9081430568744587 -0.4186599912228459 0
vn -0.9081430568744587 -0.4186599912228459 0
vn -0.9081430568744587 -0.4186599912228459 0
vn -0.9381918887354616 -0.3461155586086638 0
vn -0.9381918887354616 -0.3461155586086638 0
vn -0.9381918887354616 -0.3461155586086638 0
vn -0.9381918887354616 -0.3461155586086638 0
vn -0.9381918887354616 -0.3461155586086638 0
vn -0.9381918887354616 -0.3461155586086638 0
vn -0.9624552711770437 -0.2714403267451677 0
vn -0.9624552711770437 -0.2714403267451677 0
vn -0.9624552711770437 -0.2714403267451677 0
vn -0.9624552711770437 -0.2714403267451677 0
vn -0.9624552711770437 -0.2714403267451677 0
vn -0.9624552711770437 -0.2714403267451677 0
vn -0.9807851518121675 -0.19509096848594326 0
vn -0.9807851518121675 -0.19509096848594326 0
vn -0.9807851518121675 -0.19509096848594326 0
vn -0.9807851518121675 -0.19509096848594326 0
vn -0.9807851518121675 -0.19509096848594326 0
vn -0.9807851518121675 -0.19509096848594326 0
vn -0.9930683487204752 -0.11753831192249084 0
vn -0.9930683487204752 -0.11753831192249084 0
vn -0.9930683487204752 -0.11753831192249084 0
vn -0.9930683487204752 -0.11753831192249084 0
vn -0.9930683487204752 -0.11753831192249084 0
vn -0.9930683487204752 -0.11753831192249084 0
vn -0.9992290499690418 -0.039259466348463334 0
vn -0.9992290499690418 -0.039259466348463334 0
vn -0.9992290499690418 -0.039259466348463334 0
vn -0.9992290499690418 -0.039259466348463334 0
vn -0.9992290499690418 -0.039259466348463334 0
vn -0.9992290499690418 -0.039259466348463334 0
vn -1 0 0
vn -1 0 0
vn -1 0 0
vn -1 0 0
vn -1 0 0
vn -1 0 0
vn 0 1 0
vn 0 1 0
vn 0 1 0
vn 0 1 0
vn 0 1 0
vn 0 1 0
f 25/25/25 26/26/26 27/27/27
f 28/28/28 29/29/29 30/30/30
f 31/31/31 32/32/32 33/33/33
f 34/34/34 35/35/35 36/36/36
f 37/37/37 38/38/38 39/39/39
f 40/40/40 41/41/41 42/42/42
f 43/43/43 44/44/44 45/45/45
f 46/46/46 47/47/47 48/48/48
f 49/49/49 50/50/50 51/51/51
f 52/52/52 53/53/53 54/54/54
f 55/55/55 56/56/56 57/57/57
f 58/58/58 59/59/59 60/60/60
f 61/61/61 62/62/62 63/63/63
f 64/64/64 65/65/65 66/66/66
f 67/67/67 68/68/68 69/69/69
f 70/70/70 71/71/71 72/72/72
f 73/73/73 74/74/74 75/75/75
f 76/76/76 77/77/77 78/78/78
f 79/79/79 80/80/80 81/81/81
f 82/82/82 83/83/83 84/84/84
f 85/85/85 86/86/86 87/87/87
f 88/88/88 89/89/89 90/90/90
f 91/91/91 92/92/92 93/93/93
f 94/94/94 95/95/95 96/96/96
f 97/97/97 98/98/98 99/99/99
f 100/100/100 101/101/101 102/102/102
f 103/103/103 104/104/104 105/105/105
f 106/106/106 107/107/107 108/108/108
f 109/109/109 110/110/110 111/111/111
f 112/112/112 113/113/113 114/114/114
f 115/115/115 116/116/116 117/117/117
f 118/118/118 119/119/119 120/120/120
f 121/121/121 122/122/122 123/123/123
f 124/124/124 125/125/125 126/126/126
f 127/127/127 128/128/128 129/129/129
f 130/130/130 131/131/131 132/132/132
f 133/133/133 134/134/134 135/135/135
f 136/136/136 137/137/137 138/138/138
f 139/139/139 140/140/140 141/141/141
f 142/142/142 143/143/143 144/144/144
f 145/145/145 146/146/146 147/147/147
f 148/148/148 149/149/149 150/150/150
f 151/151/151 152/152/152 153/153/153
f 154/154/154 155/155/155 156/156/156
f 157/157/157 158/158/158 159/159/159
f 160/160/160 161/161/161 162/162/162
f 163/163/163 164/164/164 165/165/165
f 166/166/166 167/167/167 168/168/168
f 169/169/169 170/170/170 171/171/171
f 172/172/172 173/173/173 174/174/174
f 175/175/175 176/176/176 177/177/177
f 178/178/178 179/179/179 180/180/180
f 181/181/181 182/182/182 183/183/183
f 184/184/184 185/185/185 186/186/186
f 187/187/187 188/188/188 189/189/189
f 190/190/190 191/191/191 192/192/192
f 193/193/193 194/194/194 195/195/195
f 196/196/196 197/197/197 198/198/198
f 199/199/199 200/200/200 201/201/201
f 202/202/202 203/203/203 204/204/204
f 205/205/205 206/206/206 207/207/207
f 208/208/208 209/209/209 210/210/210
f 211/211/211 212/212/212 213/213/213
f 214/214/214 215/215/215 216/216/216
f 217/217/217 218/218/218 219/219/219
f 220/220/220 221/221/221 222/222/222
f 223/223/223 224/224/224 225/225/225
f 226/226/226 227/227/227 228/228/228
f 229/229/229 230/230/230 231/231/231
f 232/232/232 233/233/233 234/234/234
f 235/235/235 236/236/236 237/237/237
f 238/238/238 239/239/239 240/240/240
f 241/241/241 242/242/242 243/243/243
f 244/244/244 245/245/245 246/246/246
f 247/247/247 248/248/248 249/249/249
f 250/250/250 251/251/251 252/252/252
f 253/253/253 254/254/254 255/255/255
f 256/256/256 257/257/257 258/258/258
f 259/259/259 260/260/260 261/261/261
f 262/262/262 263/263/263 264/264/264
f 265/265/265 266/266/266 267/267/267
f 268/268/268 269/269/269 270/270/270
f 271/271/271 272/272/272 273/273/273
f 274/274/274 275/275/275 276/276/276
f 277/277/277 278/278/278 279/279/279
f 280/280/280 281/281/281 282/282/282
f 283/283/283 284/284/284 285/285/285
f 286/286/286 287/287/287 288/288/288
f 289/289/289 290/290/290 291/291/291
f 292/292/292 293/293/293 294/294/294
f 295/295/295 296/296/296 297/297/297
f 298/298/298 299/299/299 300/300/300
f 301/301/301 302/302/302 303/303/303
f 304/304/304 305/305/305 306/306/306
f 307/307/307 308/308/308 309/309/309
f 310/310/310 311/311/311 312/312/312
f 313/313/313 314/314/314 315/315/315
f 316/316/316 317/317/317 318/318/318
f 319/319/319 320/320/320 321/321/321
f 322/322/322 323/323/323 324/324/324
f 325/325/325 326/326/326 327/327/327
f 328/328/328 329/329/329 330/330/330
f 331/331/331 332/332/332 333/333/333
f 334/334/334 335/335/335 336/336/336
f 337/337/337 338/338/338 339/339/339
f 340/340/340 341/341/341 342/342/342
f 343/343/343 344/344/344 345/345/345
f 346/346/346 347/347/347 348/348/348
f 349/349/349 350/350/350 351/351/351
f 352/352/352 353/353/353 354/354/354
f 355/355/355 356/356/356 357/357/357
f 358/358/358 359/359/359 360/360/360
f 361/361/361 362/362/362 363/363/363
f 364/364/364 365/365/365 366/366/366
f 367/367/367 368/368/368 369/369/369
f 370/370/370 371/371/371 372/372/372
f 373/373/373 374/374/374 375/375/375
f 376/376/376 377/377/377 378/378/378
f 379/379/379 380/380/380 381/381/381
f 382/382/382 383/383/383 384/384/384
f 385/385/385 386/386/386 387/387/387
f 388/388/388 389/389/389 390/390/390
f 391/391/391 392/392/392 393/393/393
f 394/394/394 395/395/395 396/396/396
f 397/397/397 398/398/398 399/399/399
f 400/400/400 401/401/401 402/402/402
f 403/403/403 404/404/404 405/405/405
f 406/406/406 407/407/407 408/408/408
f 409/409/409 410/410/410 411/411/411
f 412/412/412 413/413/413 414/414/414
f 415/415/415 416/416/416 417/417/417
f 418/418/418 419/419/419 420/420/420
f 421/421/421 422/422/422 423/423/423
f 424/424/424 425/425/425 426/426/426
f 427/427/427 428/428/428 429/429/429
f 430/430/430 431/431/431 432/432/432
f 433/433/433 434/434/434 435/435/435
f 436/436/436 437/437/437 438/438/438
f 439/439/439 440/440/440 441/441/441
f 442/442/442 443/443/443 444/444/444
f 445/445/445 446/446/446 447/447/447
f 448/448/448 449/449/449 450/450/450
f 451/451/451 452/452/452 453/453/453
f 454/454/454 455/455/455 456/456/456
f 457/457/457 458/458/458 459/459/459
f 460/460/460 461/461/461 462/462/462
f 463/463/463 464/464/464 465/465/465
f 466/466/466 467/467/467 468/468/468
f 469/469/469 470/470/470 471/471/471
f 472/472/472 473/473/473 474/474/474
f 475/475/475 476/476/476 477/477/477
f 478/478/478 479/479/479 480/480/480
f 481/481/481 482/482/482 483/483/483
f 484/484/484 485/485/485 486/486/486
f 487/487/487 488/488/488 489/489/489
f 490/490/490 491/491/491 492/492/492
f 493/493/493 494/494/494 495/495/495
f 496/496/496 497/497/497 498/498/498
f 499/499/499 500/500/500 501/501/501
f 502/502/502 503/503/503 504/504/504
f 505/505/505 506/506/506 507/507/507
f 508/508/508 509/509/509 510/510/510
f 511/511/511 512/512/512 513/513/513
f 514/514/514 515/515/515 516/516/516
f 517/517/517 518/518/518 519/519/519
f 520/520/520 521/521/521 522/522/522
f 523/523/523 524/524/524 525/525/525
f 526/526/526 527/527/527 528/528/528
f 529/529/529 530/530/530 531/531/531
f 532/532/532 533/533/533 534/534/534
f 535/535/535 536/536/536 537/537/537
f 538/538/538 539/539/539 540/540/540
f 541/541/541 542/542/542 543/543/543
f 544/544/544 545/545/545 546/546/546
f 547/547/547 548/548/548 549/549/549
f 550/550/550 551/551/551 552/552/552
f 553/553/553 554/554/554 555/555/555
f 556/556/556 557/557/557 558/558/558
f 559/559/559 560/560/560 561/561/561
f 562/562/562 563/563/563 564/564/564
f 565/565/565 566/566/566 567/567/567
f 568/568/568 569/569/569 570/570/570
f 571/571/571 572/572/572 573/573/573
f 574/574/574 575/575/575 576/576/576
o gate_door_arch_top
usemtl timber_door
v 6.735557689218423e-17 1.840000011920929 2.585000000745058
v -0.10729967802762985 1.829431929588318 2.585000000745058
v -0.210475891828537 1.7981337690353394 2.585000000745058
v -0.30556362867355347 1.747308292388916 2.585000000745058
v -0.3889087438583374 1.6789087438583374 2.585000000745058
v -0.457308292388916 1.5955636286735535 2.585000000745058
v -0.5081337690353394 1.500475891828537 2.585000000745058
v -0.5394319295883179 1.3972996780276299 2.585000000745058
v -0.550000011920929 1.2900000000000003 2.585000000745058
v -0.5394319295883179 1.1827003219723702 2.585000000745058
v -0.5081337690353394 1.079524108171463 2.585000000745058
v -0.457308292388916 0.9844363713264466 2.585000000745058
v -0.3889087438583374 0.9010912561416626 2.585000000745058
v -0.30556362867355347 0.832691707611084 2.585000000745058
v -0.210475891828537 0.7818662309646607 2.585000000745058
v -0.10729967802762985 0.7505680704116822 2.585000000745058
v -1.3471115378436846e-16 0.7399999880790711 2.585000000745058
v 6.735557689218423e-17 1.840000011920929 2.484999999254942
v -0.10729967802762985 1.829431929588318 2.484999999254942
v -0.210475891828537 1.7981337690353394 2.484999999254942
v -0.30556362867355347 1.747308292388916 2.484999999254942
v -0.3889087438583374 1.6789087438583374 2.484999999254942
v -0.457308292388916 1.5955636286735535 2.484999999254942
v -0.5081337690353394 1.500475891828537 2.484999999254942
v -0.5394319295883179 1.3972996780276299 2.484999999254942
v -0.550000011920929 1.29 2.484999999254942
v -0.5394319295883179 1.1827003219723702 2.484999999254942
v -0.5081337690353394 1.079524108171463 2.484999999254942
v -0.457308292388916 0.9844363713264466 2.484999999254942
v -0.3889087438583374 0.9010912561416626 2.484999999254942
v -0.30556362867355347 0.832691707611084 2.484999999254942
v -0.210475891828537 0.7818662309646607 2.484999999254942
v -0.10729967802762985 0.7505680704116822 2.484999999254942
v -1.3471115378436846e-16 0.7399999880790711 2.484999999254942
v 0 1.29 2.585000000745058
v 0 1.29 2.585000000745058
v 0 1.29 2.585000000745058
v 0 1.29 2.585000000745058
v 0 1.29 2.585000000745058
v 0 1.29 2.585000000745058
v 0 1.29 2.585000000745058
v 0 1.29 2.585000000745058
v 0 1.29 2.585000000745058
v 0 1.29 2.585000000745058
v 0 1.29 2.585000000745058
v 0 1.29 2.585000000745058
v 0 1.29 2.585000000745058
v 0 1.29 2.585000000745058
v 0 1.29 2.585000000745058
v 0 1.29 2.585000000745058
v 6.735557689218423e-17 1.840000011920929 2.585000000745058
v -0.10729967802762985 1.829431929588318 2.585000000745058
v -0.210475891828537 1.7981337690353394 2.585000000745058
v -0.30556362867355347 1.747308292388916 2.585000000745058
v -0.3889087438583374 1.6789087438583374 2.585000000745058
v -0.457308292388916 1.5955636286735535 2.585000000745058
v -0.5081337690353394 1.500475891828537 2.585000000745058
v -0.5394319295883179 1.3972996780276299 2.585000000745058
v -0.550000011920929 1.2900000000000003 2.585000000745058
v -0.5394319295883179 1.1827003219723702 2.585000000745058
v -0.5081337690353394 1.079524108171463 2.585000000745058
v -0.457308292388916 0.9844363713264466 2.585000000745058
v -0.3889087438583374 0.9010912561416626 2.585000000745058
v -0.30556362867355347 0.832691707611084 2.585000000745058
v -0.210475891828537 0.7818662309646607 2.585000000745058
v -0.10729967802762985 0.7505680704116822 2.585000000745058
v -1.3471115378436846e-16 0.7399999880790711 2.585000000745058
v 0 1.29 2.484999999254942
v 0 1.29 2.484999999254942
v 0 1.29 2.484999999254942
v 0 1.29 2.484999999254942
v 0 1.29 2.484999999254942
v 0 1.29 2.484999999254942
v 0 1.29 2.484999999254942
v 0 1.29 2.484999999254942
v 0 1.29 2.484999999254942
v 0 1.29 2.484999999254942
v 0 1.29 2.484999999254942
v 0 1.29 2.484999999254942
v 0 1.29 2.484999999254942
v 0 1.29 2.484999999254942
v 0 1.29 2.484999999254942
v 0 1.29 2.484999999254942
v 6.735557689218423e-17 1.840000011920929 2.484999999254942
v -0.10729967802762985 1.829431929588318 2.484999999254942
v -0.210475891828537 1.7981337690353394 2.484999999254942
v -0.30556362867355347 1.747308292388916 2.484999999254942
v -0.3889087438583374 1.6789087438583374 2.484999999254942
v -0.457308292388916 1.5955636286735535 2.484999999254942
v -0.5081337690353394 1.500475891828537 2.484999999254942
v -0.5394319295883179 1.3972996780276299 2.484999999254942
v -0.550000011920929 1.29 2.484999999254942
v -0.5394319295883179 1.1827003219723702 2.484999999254942
v -0.5081337690353394 1.079524108171463 2.484999999254942
v -0.457308292388916 0.9844363713264466 2.484999999254942
v -0.3889087438583374 0.9010912561416626 2.484999999254942
v -0.30556362867355347 0.832691707611084 2.484999999254942
v -0.210475891828537 0.7818662309646607 2.484999999254942
v -0.10729967802762985 0.7505680704116822 2.484999999254942
v -1.3471115378436846e-16 0.7399999880790711 2.484999999254942
vt 0 1
vt 0.0625 1
vt 0.125 1
vt 0.1875 1
vt 0.25 1
vt 0.3125 1
vt 0.375 1
vt 0.4375 1
vt 0.5 1
vt 0.5625 1
vt 0.625 1
vt 0.6875 1
vt 0.75 1
vt 0.8125 1
vt 0.875 1
vt 0.9375 1
vt 1 1
vt 0 0
vt 0.0625 0
vt 0.125 0
vt 0.1875 0
vt 0.25 0
vt 0.3125 0
vt 0.375 0
vt 0.4375 0
vt 0.5 0
vt 0.5625 0
vt 0.625 0
vt 0.6875 0
vt 0.75 0
vt 0.8125 0
vt 0.875 0
vt 0.9375 0
vt 1 0
vt 0.5 0.5
vt 0.5 0.5
vt 0.5 0.5
vt 0.5 0.5
vt 0.5 0.5
vt 0.5 0.5
vt 0.5 0.5
vt 0.5 0.5
vt 0.5 0.5
vt 0.5 0.5
vt 0.5 0.5
vt 0.5 0.5
vt 0.5 0.5
vt 0.5 0.5
vt 0.5 0.5
vt 0.5 0.5
vt 0 0.5
vt 0.009607359766960144 0.40245485305786133
vt 0.03806023299694061 0.30865827202796936
vt 0.08426519483327866 0.22221487760543823
vt 0.1464466154575348 0.1464466154575348
vt 0.22221487760543823 0.08426519483327866
vt 0.30865827202796936 0.03806023299694061
vt 0.40245485305786133 0.009607359766960144
vt 0.5 0
vt 0.5975451469421387 0.009607359766960144
vt 0.6913416981697083 0.03806023299694061
vt 0.7777851223945618 0.08426519483327866
vt 0.8535534143447876 0.1464466154575348
vt 0.9157348275184631 0.22221487760543823
vt 0.9619397521018982 0.30865827202796936
vt 0.9903926253318787 0.40245485305786133
vt 1 0.5
vt 0.5 0.5
vt 0.5 0.5
vt 0.5 0.5
vt 0.5 0.5
vt 0.5 0.5
vt 0.5 0.5
vt 0.5 0.5
vt 0.5 0.5
vt 0.5 0.5
vt 0.5 0.5
vt 0.5 0.5
vt 0.5 0.5
vt 0.5 0.5
vt 0.5 0.5
vt 0.5 0.5
vt 0.5 0.5
vt 0 0.5
vt 0.009607359766960144 0.5975451469421387
vt 0.03806023299694061 0.6913416981697083
vt 0.08426519483327866 0.7777851223945618
vt 0.1464466154575348 0.8535534143447876
vt 0.22221487760543823 0.9157348275184631
vt 0.30865827202796936 0.9619397521018982
vt 0.40245485305786133 0.9903926253318787
vt 0.5 1
vt 0.5975451469421387 0.9903926253318787
vt 0.6913416981697083 0.9619397521018982
vt 0.7777851223945618 0.9157348275184631
vt 0.8535534143447876 0.8535534143447876
vt 0.9157348275184631 0.7777851223945618
vt 0.9619397521018982 0.6913416981697083
vt 0.9903926253318787 0.5975451469421387
vt 1 0.5
vn 1.2246468525851679e-16 1 -2.220446049250313e-16
vn -0.19509032931342324 0.9807852789517083 -2.177780797811187e-16
vn -0.3826834370613369 0.9238795305660377 -2.0514246536285922e-16
vn -0.555570248949409 0.8314696016585884 -1.8462333920745442e-16
vn -0.7071067811865476 0.7071067811865476 -1.5700924586837752e-16
vn -0.8314696016585884 0.555570248949409 -1.233613764360728e-16
vn -0.9238795305660377 0.3826834370613369 -8.497279259363763e-17
vn -0.9807852789517083 0.19509032931342324 -4.331875509709332e-17
vn -1 1.8369701465288538e-16 -4.078893104450762e-32
vn -0.9807852789517083 -0.19509032931342324 4.331875509709332e-17
vn -0.9238795305660377 -0.3826834370613369 8.497279259363763e-17
vn -0.8314696016585884 -0.555570248949409 1.233613764360728e-16
vn -0.7071067811865476 -0.7071067811865476 1.5700924586837752e-16
vn -0.555570248949409 -0.8314696016585884 1.8462333920745442e-16
vn -0.3826834370613369 -0.9238795305660377 2.0514246536285922e-16
vn -0.19509032931342324 -0.9807852789517083 2.177780797811187e-16
vn -2.4492937051703357e-16 -1 2.220446049250313e-16
vn 1.2246468525851679e-16 1 -2.220446049250313e-16
vn -0.19509032931342324 0.9807852789517083 -2.177780797811187e-16
vn -0.3826834370613369 0.9238795305660377 -2.0514246536285922e-16
vn -0.555570248949409 0.8314696016585884 -1.8462333920745442e-16
vn -0.7071067811865476 0.7071067811865476 -1.5700924586837752e-16
vn -0.8314696016585884 0.555570248949409 -1.233613764360728e-16
vn -0.9238795305660377 0.3826834370613369 -8.497279259363763e-17
vn -0.9807852789517083 0.19509032931342324 -4.331875509709332e-17
vn -1 1.8369701465288538e-16 -4.078893104450762e-32
vn -0.9807852789517083 -0.19509032931342324 4.331875509709332e-17
vn -0.9238795305660377 -0.3826834370613369 8.497279259363763e-17
vn -0.8314696016585884 -0.555570248949409 1.233613764360728e-16
vn -0.7071067811865476 -0.7071067811865476 1.5700924586837752e-16
vn -0.555570248949409 -0.8314696016585884 1.8462333920745442e-16
vn -0.3826834370613369 -0.9238795305660377 2.0514246536285922e-16
vn -0.19509032931342324 -0.9807852789517083 2.177780797811187e-16
vn -2.4492937051703357e-16 -1 2.220446049250313e-16
vn 0 2.220446049250313e-16 1
vn 0 2.220446049250313e-16 1
vn 0 2.220446049250313e-16 1
vn 0 2.220446049250313e-16 1
vn 0 2.220446049250313e-16 1
vn 0 2.220446049250313e-16 1
vn 0 2.220446049250313e-16 1
vn 0 2.220446049250313e-16 1
vn 0 2.220446049250313e-16 1
vn 0 2.220446049250313e-16 1
vn 0 2.220446049250313e-16 1
vn 0 2.220446049250313e-16 1
vn 0 2.220446049250313e-16 1
vn 0 2.220446049250313e-16 1
vn 0 2.220446049250313e-16 1
vn 0 2.220446049250313e-16 1
vn 0 2.220446049250313e-16 1
vn 0 2.220446049250313e-16 1
vn 0 2.220446049250313e-16 1
vn 0 2.220446049250313e-16 1
vn 0 2.220446049250313e-16 1
vn 0 2.220446049250313e-16 1
vn 0 2.220446049250313e-16 1
vn 0 2.220446049250313e-16 1
vn 0 2.220446049250313e-16 1
vn 0 2.220446049250313e-16 1
vn 0 2.220446049250313e-16 1
vn 0 2.220446049250313e-16 1
vn 0 2.220446049250313e-16 1
vn 0 2.220446049250313e-16 1
vn 0 2.220446049250313e-16 1
vn 0 2.220446049250313e-16 1
vn 0 2.220446049250313e-16 1
vn 0 -2.220446049250313e-16 -1
vn 0 -2.220446049250313e-16 -1
vn 0 -2.220446049250313e-16 -1
vn 0 -2.220446049250313e-16 -1
vn 0 -2.220446049250313e-16 -1
vn 0 -2.220446049250313e-16 -1
vn 0 -2.220446049250313e-16 -1
vn 0 -2.220446049250313e-16 -1
vn 0 -2.220446049250313e-16 -1
vn 0 -2.220446049250313e-16 -1
vn 0 -2.220446049250313e-16 -1
vn 0 -2.220446049250313e-16 -1
vn 0 -2.220446049250313e-16 -1
vn 0 -2.220446049250313e-16 -1
vn 0 -2.220446049250313e-16 -1
vn 0 -2.220446049250313e-16 -1
vn 0 -2.220446049250313e-16 -1
vn 0 -2.220446049250313e-16 -1
vn 0 -2.220446049250313e-16 -1
vn 0 -2.220446049250313e-16 -1
vn 0 -2.220446049250313e-16 -1
vn 0 -2.220446049250313e-16 -1
vn 0 -2.220446049250313e-16 -1
vn 0 -2.220446049250313e-16 -1
vn 0 -2.220446049250313e-16 -1
vn 0 -2.220446049250313e-16 -1
vn 0 -2.220446049250313e-16 -1
vn 0 -2.220446049250313e-16 -1
vn 0 -2.220446049250313e-16 -1
vn 0 -2.220446049250313e-16 -1
vn 0 -2.220446049250313e-16 -1
vn 0 -2.220446049250313e-16 -1
vn 0 -2.220446049250313e-16 -1
f 577/577/577 594/594/594 578/578/578
f 594/594/594 595/595/595 578/578/578
f 578/578/578 595/595/595 579/579/579
f 595/595/595 596/596/596 579/579/579
f 579/579/579 596/596/596 580/580/580
f 596/596/596 597/597/597 580/580/580
f 580/580/580 597/597/597 581/581/581
f 597/597/597 598/598/598 581/581/581
f 581/581/581 598/598/598 582/582/582
f 598/598/598 599/599/599 582/582/582
f 582/582/582 599/599/599 583/583/583
f 599/599/599 600/600/600 583/583/583
f 583/583/583 600/600/600 584/584/584
f 600/600/600 601/601/601 584/584/584
f 584/584/584 601/601/601 585/585/585
f 601/601/601 602/602/602 585/585/585
f 585/585/585 602/602/602 586/586/586
f 602/602/602 603/603/603 586/586/586
f 586/586/586 603/603/603 587/587/587
f 603/603/603 604/604/604 587/587/587
f 587/587/587 604/604/604 588/588/588
f 604/604/604 605/605/605 588/588/588
f 588/588/588 605/605/605 589/589/589
f 605/605/605 606/606/606 589/589/589
f 589/589/589 606/606/606 590/590/590
f 606/606/606 607/607/607 590/590/590
f 590/590/590 607/607/607 591/591/591
f 607/607/607 608/608/608 591/591/591
f 591/591/591 608/608/608 592/592/592
f 608/608/608 609/609/609 592/592/592
f 592/592/592 609/609/609 593/593/593
f 609/609/609 610/610/610 593/593/593
f 627/627/627 628/628/628 611/611/611
f 628/628/628 629/629/629 612/612/612
f 629/629/629 630/630/630 613/613/613
f 630/630/630 631/631/631 614/614/614
f 631/631/631 632/632/632 615/615/615
f 632/632/632 633/633/633 616/616/616
f 633/633/633 634/634/634 617/617/617
f 634/634/634 635/635/635 618/618/618
f 635/635/635 636/636/636 619/619/619
f 636/636/636 637/637/637 620/620/620
f 637/637/637 638/638/638 621/621/621
f 638/638/638 639/639/639 622/622/622
f 639/639/639 640/640/640 623/623/623
f 640/640/640 641/641/641 624/624/624
f 641/641/641 642/642/642 625/625/625
f 642/642/642 643/643/643 626/626/626
f 661/661/661 660/660/660 644/644/644
f 662/662/662 661/661/661 645/645/645
f 663/663/663 662/662/662 646/646/646
f 664/664/664 663/663/663 647/647/647
f 665/665/665 664/664/664 648/648/648
f 666/666/666 665/665/665 649/649/649
f 667/667/667 666/666/666 650/650/650
f 668/668/668 667/667/667 651/651/651
f 669/669/669 668/668/668 652/652/652
f 670/670/670 669/669/669 653/653/653
f 671/671/671 670/670/670 654/654/654
f 672/672/672 671/671/671 655/655/655
f 673/673/673 672/672/672 656/656/656
f 674/674/674 673/673/673 657/657/657
f 675/675/675 674/674/674 658/658/658
f 676/676/676 675/675/675 659/659/659
o gate_door_panel
usemtl timber_door
v 0.5059999823570251 1.2900000286102293 2.5749999991059305
v 0.5059999823570251 1.2900000286102293 2.49500000089407
v 0.5059999823570251 -0.15000002861022954 2.5749999991059305
v 0.5059999823570251 -0.15000002861022954 2.49500000089407
v -0.5059999823570251 1.2900000286102293 2.49500000089407
v -0.5059999823570251 1.2900000286102293 2.5749999991059305
v -0.5059999823570251 -0.15000002861022954 2.49500000089407
v -0.5059999823570251 -0.15000002861022954 2.5749999991059305
v -0.5059999823570251 1.2900000286102293 2.49500000089407
v 0.5059999823570251 1.2900000286102293 2.49500000089407
v -0.5059999823570251 1.2900000286102293 2.5749999991059305
v 0.5059999823570251 1.2900000286102293 2.5749999991059305
v -0.5059999823570251 -0.15000002861022954 2.5749999991059305
v 0.5059999823570251 -0.15000002861022954 2.5749999991059305
v -0.5059999823570251 -0.15000002861022954 2.49500000089407
v 0.5059999823570251 -0.15000002861022954 2.49500000089407
v -0.5059999823570251 1.2900000286102293 2.5749999991059305
v 0.5059999823570251 1.2900000286102293 2.5749999991059305
v -0.5059999823570251 -0.15000002861022954 2.5749999991059305
v 0.5059999823570251 -0.15000002861022954 2.5749999991059305
v 0.5059999823570251 1.2900000286102293 2.49500000089407
v -0.5059999823570251 1.2900000286102293 2.49500000089407
v 0.5059999823570251 -0.15000002861022954 2.49500000089407
v -0.5059999823570251 -0.15000002861022954 2.49500000089407
vt 0 1
vt 1 1
vt 0 0
vt 1 0
vt 0 1
vt 1 1
vt 0 0
vt 1 0
vt 0 1
vt 1 1
vt 0 0
vt 1 0
vt 0 1
vt 1 1
vt 0 0
vt 1 0
vt 0 1
vt 1 1
vt 0 0
vt 1 0
vt 0 1
vt 1 1
vt 0 0
vt 1 0
vn 1 0 0
vn 1 0 0
vn 1 0 0
vn 1 0 0
vn -1 0 0
vn -1 0 0
vn -1 0 0
vn -1 0 0
vn 0 1 0
vn 0 1 0
vn 0 1 0
vn 0 1 0
vn 0 -1 0
vn 0 -1 0
vn 0 -1 0
vn 0 -1 0
vn 0 0 1
vn 0 0 1
vn 0 0 1
vn 0 0 1
vn 0 0 -1
vn 0 0 -1
vn 0 0 -1
vn 0 0 -1
f 677/677/677 679/679/679 678/678/678
f 679/679/679 680/680/680 678/678/678
f 681/681/681 683/683/683 682/682/682
f 683/683/683 684/684/684 682/682/682
f 685/685/685 687/687/687 686/686/686
f 687/687/687 688/688/688 686/686/686
f 689/689/689 691/691/691 690/690/690
f 691/691/691 692/692/692 690/690/690
f 693/693/693 695/695/695 694/694/694
f 695/695/695 696/696/696 694/694/694
f 697/697/697 699/699/699 698/698/698
f 699/699/699 700/700/700 698/698/698
o guardian_pilaster_left_shaft
usemtl sandstone_trim
v -0.8299999982118607 2.80199995136261 2.8200000017881397
v -0.8299999982118607 2.80199995136261 2.479999998211861
v -0.8299999982118607 -0.1499999513626098 2.8200000017881397
v -0.8299999982118607 -0.1499999513626098 2.479999998211861
v -1.1700000017881393 2.80199995136261 2.479999998211861
v -1.1700000017881393 2.80199995136261 2.8200000017881397
v -1.1700000017881393 -0.1499999513626098 2.479999998211861
v -1.1700000017881393 -0.1499999513626098 2.8200000017881397
v -1.1700000017881393 2.80199995136261 2.479999998211861
v -0.8299999982118607 2.80199995136261 2.479999998211861
v -1.1700000017881393 2.80199995136261 2.8200000017881397
v -0.8299999982118607 2.80199995136261 2.8200000017881397
v -1.1700000017881393 -0.1499999513626098 2.8200000017881397
v -0.8299999982118607 -0.1499999513626098 2.8200000017881397
v -1.1700000017881393 -0.1499999513626098 2.479999998211861
v -0.8299999982118607 -0.1499999513626098 2.479999998211861
v -1.1700000017881393 2.80199995136261 2.8200000017881397
v -0.8299999982118607 2.80199995136261 2.8200000017881397
v -1.1700000017881393 -0.1499999513626098 2.8200000017881397
v -0.8299999982118607 -0.1499999513626098 2.8200000017881397
v -0.8299999982118607 2.80199995136261 2.479999998211861
v -1.1700000017881393 2.80199995136261 2.479999998211861
v -0.8299999982118607 -0.1499999513626098 2.479999998211861
v -1.1700000017881393 -0.1499999513626098 2.479999998211861
vt 0 1
vt 1 1
vt 0 0
vt 1 0
vt 0 1
vt 1 1
vt 0 0
vt 1 0
vt 0 1
vt 1 1
vt 0 0
vt 1 0
vt 0 1
vt 1 1
vt 0 0
vt 1 0
vt 0 1
vt 1 1
vt 0 0
vt 1 0
vt 0 1
vt 1 1
vt 0 0
vt 1 0
vn 1 0 0
vn 1 0 0
vn 1 0 0
vn 1 0 0
vn -1 0 0
vn -1 0 0
vn -1 0 0
vn -1 0 0
vn 0 1 0
vn 0 1 0
vn 0 1 0
vn 0 1 0
vn 0 -1 0
vn 0 -1 0
vn 0 -1 0
vn 0 -1 0
vn 0 0 1
vn 0 0 1
vn 0 0 1
vn 0 0 1
vn 0 0 -1
vn 0 0 -1
vn 0 0 -1
vn 0 0 -1
f 701/701/701 703/703/703 702/702/702
f 703/703/703 704/704/704 702/702/702
f 705/705/705 707/707/707 706/706/706
f 707/707/707 708/708/708 706/706/706
f 709/709/709 711/711/711 710/710/710
f 711/711/711 712/712/712 710/710/710
f 713/713/713 715/715/715 714/714/714
f 715/715/715 716/716/716 714/714/714
f 717/717/717 719/719/719 718/718/718
f 719/719/719 720/720/720 718/718/718
f 721/721/721 723/723/723 722/722/722
f 723/723/723 724/724/724 722/722/722
o guardian_pilaster_left_cap
usemtl dark_granite_trim
v -0.75 3.0219999994039535 2.9000000000000004
v -0.75 3.0219999994039535 2.4000000000000004
v -0.75 2.8020000005960464 2.9000000000000004
v -0.75 2.8020000005960464 2.4000000000000004
v -1.25 3.0219999994039535 2.4000000000000004
v -1.25 3.0219999994039535 2.9000000000000004
v -1.25 2.8020000005960464 2.4000000000000004
v -1.25 2.8020000005960464 2.9000000000000004
v -1.25 3.0219999994039535 2.4000000000000004
v -0.75 3.0219999994039535 2.4000000000000004
v -1.25 3.0219999994039535 2.9000000000000004
v -0.75 3.0219999994039535 2.9000000000000004
v -1.25 2.8020000005960464 2.9000000000000004
v -0.75 2.8020000005960464 2.9000000000000004
v -1.25 2.8020000005960464 2.4000000000000004
v -0.75 2.8020000005960464 2.4000000000000004
v -1.25 3.0219999994039535 2.9000000000000004
v -0.75 3.0219999994039535 2.9000000000000004
v -1.25 2.8020000005960464 2.9000000000000004
v -0.75 2.8020000005960464 2.9000000000000004
v -0.75 3.0219999994039535 2.4000000000000004
v -1.25 3.0219999994039535 2.4000000000000004
v -0.75 2.8020000005960464 2.4000000000000004
v -1.25 2.8020000005960464 2.4000000000000004
vt 0 1
vt 1 1
vt 0 0
vt 1 0
vt 0 1
vt 1 1
vt 0 0
vt 1 0
vt 0 1
vt 1 1
vt 0 0
vt 1 0
vt 0 1
vt 1 1
vt 0 0
vt 1 0
vt 0 1
vt 1 1
vt 0 0
vt 1 0
vt 0 1
vt 1 1
vt 0 0
vt 1 0
vn 1 0 0
vn 1 0 0
vn 1 0 0
vn 1 0 0
vn -1 0 0
vn -1 0 0
vn -1 0 0
vn -1 0 0
vn 0 1 0
vn 0 1 0
vn 0 1 0
vn 0 1 0
vn 0 -1 0
vn 0 -1 0
vn 0 -1 0
vn 0 -1 0
vn 0 0 1
vn 0 0 1
vn 0 0 1
vn 0 0 1
vn 0 0 -1
vn 0 0 -1
vn 0 0 -1
vn 0 0 -1
f 725/725/725 727/727/727 726/726/726
f 727/727/727 728/728/728 726/726/726
f 729/729/729 731/731/731 730/730/730
f 731/731/731 732/732/732 730/730/730
f 733/733/733 735/735/735 734/734/734
f 735/735/735 736/736/736 734/734/734
f 737/737/737 739/739/739 738/738/738
f 739/739/739 740/740/740 738/738/738
f 741/741/741 743/743/743 742/742/742
f 743/743/743 744/744/744 742/742/742
f 745/745/745 747/747/747 746/746/746
f 747/747/747 748/748/748 746/746/746
o guardian_pilaster_left_base
usemtl dark_granite_trim
v -0.7699999958276749 0.05000000149011613 2.8800000041723255
v -0.7699999958276749 0.05000000149011613 2.419999995827675
v -0.7699999958276749 -0.1500000014901161 2.8800000041723255
v -0.7699999958276749 -0.1500000014901161 2.419999995827675
v -1.2300000041723251 0.05000000149011613 2.419999995827675
v -1.2300000041723251 0.05000000149011613 2.8800000041723255
v -1.2300000041723251 -0.1500000014901161 2.419999995827675
v -1.2300000041723251 -0.1500000014901161 2.8800000041723255
v -1.2300000041723251 0.05000000149011613 2.419999995827675
v -0.7699999958276749 0.05000000149011613 2.419999995827675
v -1.2300000041723251 0.05000000149011613 2.8800000041723255
v -0.7699999958276749 0.05000000149011613 2.8800000041723255
v -1.2300000041723251 -0.1500000014901161 2.8800000041723255
v -0.7699999958276749 -0.1500000014901161 2.8800000041723255
v -1.2300000041723251 -0.1500000014901161 2.419999995827675
v -0.7699999958276749 -0.1500000014901161 2.419999995827675
v -1.2300000041723251 0.05000000149011613 2.8800000041723255
v -0.7699999958276749 0.05000000149011613 2.8800000041723255
v -1.2300000041723251 -0.1500000014901161 2.8800000041723255
v -0.7699999958276749 -0.1500000014901161 2.8800000041723255
v -0.7699999958276749 0.05000000149011613 2.419999995827675
v -1.2300000041723251 0.05000000149011613 2.419999995827675
v -0.7699999958276749 -0.1500000014901161 2.419999995827675
v -1.2300000041723251 -0.1500000014901161 2.419999995827675
vt 0 1
vt 1 1
vt 0 0
vt 1 0
vt 0 1
vt 1 1
vt 0 0
vt 1 0
vt 0 1
vt 1 1
vt 0 0
vt 1 0
vt 0 1
vt 1 1
vt 0 0
vt 1 0
vt 0 1
vt 1 1
vt 0 0
vt 1 0
vt 0 1
vt 1 1
vt 0 0
vt 1 0
vn 1 0 0
vn 1 0 0
vn 1 0 0
vn 1 0 0
vn -1 0 0
vn -1 0 0
vn -1 0 0
vn -1 0 0
vn 0 1 0
vn 0 1 0
vn 0 1 0
vn 0 1 0
vn 0 -1 0
vn 0 -1 0
vn 0 -1 0
vn 0 -1 0
vn 0 0 1
vn 0 0 1
vn 0 0 1
vn 0 0 1
vn 0 0 -1
vn 0 0 -1
vn 0 0 -1
vn 0 0 -1
f 749/749/749 751/751/751 750/750/750
f 751/751/751 752/752/752 750/750/750
f 753/753/753 755/755/755 754/754/754
f 755/755/755 756/756/756 754/754/754
f 757/757/757 759/759/759 758/758/758
f 759/759/759 760/760/760 758/758/758
f 761/761/761 763/763/763 762/762/762
f 763/763/763 764/764/764 762/762/762
f 765/765/765 767/767/767 766/766/766
f 767/767/767 768/768/768 766/766/766
f 769/769/769 771/771/771 770/770/770
f 771/771/771 772/772/772 770/770/770
o guardian_pilaster_right_shaft
usemtl sandstone_trim
v 1.1700000017881393 2.80199995136261 2.8200000017881397
v 1.1700000017881393 2.80199995136261 2.479999998211861
v 1.1700000017881393 -0.1499999513626098 2.8200000017881397
v 1.1700000017881393 -0.1499999513626098 2.479999998211861
v 0.8299999982118607 2.80199995136261 2.479999998211861
v 0.8299999982118607 2.80199995136261 2.8200000017881397
v 0.8299999982118607 -0.1499999513626098 2.479999998211861
v 0.8299999982118607 -0.1499999513626098 2.8200000017881397
v 0.8299999982118607 2.80199995136261 2.479999998211861
v 1.1700000017881393 2.80199995136261 2.479999998211861
v 0.8299999982118607 2.80199995136261 2.8200000017881397
v 1.1700000017881393 2.80199995136261 2.8200000017881397
v 0.8299999982118607 -0.1499999513626098 2.8200000017881397
v 1.1700000017881393 -0.1499999513626098 2.8200000017881397
v 0.8299999982118607 -0.1499999513626098 2.479999998211861
v 1.1700000017881393 -0.1499999513626098 2.479999998211861
v 0.8299999982118607 2.80199995136261 2.8200000017881397
v 1.1700000017881393 2.80199995136261 2.8200000017881397
v 0.8299999982118607 -0.1499999513626098 2.8200000017881397
v 1.1700000017881393 -0.1499999513626098 2.8200000017881397
v 1.1700000017881393 2.80199995136261 2.479999998211861
v 0.8299999982118607 2.80199995136261 2.479999998211861
v 1.1700000017881393 -0.1499999513626098 2.479999998211861
v 0.8299999982118607 -0.1499999513626098 2.479999998211861
vt 0 1
vt 1 1
vt 0 0
vt 1 0
vt 0 1
vt 1 1
vt 0 0
vt 1 0
vt 0 1
vt 1 1
vt 0 0
vt 1 0
vt 0 1
vt 1 1
vt 0 0
vt 1 0
vt 0 1
vt 1 1
vt 0 0
vt 1 0
vt 0 1
vt 1 1
vt 0 0
vt 1 0
vn 1 0 0
vn 1 0 0
vn 1 0 0
vn 1 0 0
vn -1 0 0
vn -1 0 0
vn -1 0 0
vn -1 0 0
vn 0 1 0
vn 0 1 0
vn 0 1 0
vn 0 1 0
vn 0 -1 0
vn 0 -1 0
vn 0 -1 0
vn 0 -1 0
vn 0 0 1
vn 0 0 1
vn 0 0 1
vn 0 0 1
vn 0 0 -1
vn 0 0 -1
vn 0 0 -1
vn 0 0 -1
f 773/773/773 775/775/775 774/774/774
f 775/775/775 776/776/776 774/774/774
f 777/777/777 779/779/779 778/778/778
f 779/779/779 780/780/780 778/778/778
f 781/781/781 783/783/783 782/782/782
f 783/783/783 784/784/784 782/782/782
f 785/785/785 787/787/787 786/786/786
f 787/787/787 788/788/788 786/786/786
f 789/789/789 791/791/791 790/790/790
f 791/791/791 792/792/792 790/790/790
f 793/793/793 795/795/795 794/794/794
f 795/795/795 796/796/796 794/794/794
o guardian_pilaster_right_cap
usemtl dark_granite_trim
v 1.25 3.0219999994039535 2.9000000000000004
v 1.25 3.0219999994039535 2.4000000000000004
v 1.25 2.8020000005960464 2.9000000000000004
v 1.25 2.8020000005960464 2.4000000000000004
v 0.75 3.0219999994039535 2.4000000000000004
v 0.75 3.0219999994039535 2.9000000000000004
v 0.75 2.8020000005960464 2.4000000000000004
v 0.75 2.8020000005960464 2.9000000000000004
v 0.75 3.0219999994039535 2.4000000000000004
v 1.25 3.0219999994039535 2.4000000000000004
v 0.75 3.0219999994039535 2.9000000000000004
v 1.25 3.0219999994039535 2.9000000000000004
v 0.75 2.8020000005960464 2.9000000000000004
v 1.25 2.8020000005960464 2.9000000000000004
v 0.75 2.8020000005960464 2.4000000000000004
v 1.25 2.8020000005960464 2.4000000000000004
v 0.75 3.0219999994039535 2.9000000000000004
v 1.25 3.0219999994039535 2.9000000000000004
v 0.75 2.8020000005960464 2.9000000000000004
v 1.25 2.8020000005960464 2.9000000000000004
v 1.25 3.0219999994039535 2.4000000000000004
v 0.75 3.0219999994039535 2.4000000000000004
v 1.25 2.8020000005960464 2.4000000000000004
v 0.75 2.8020000005960464 2.4000000000000004
vt 0 1
vt 1 1
vt 0 0
vt 1 0
vt 0 1
vt 1 1
vt 0 0
vt 1 0
vt 0 1
vt 1 1
vt 0 0
vt 1 0
vt 0 1
vt 1 1
vt 0 0
vt 1 0
vt 0 1
vt 1 1
vt 0 0
vt 1 0
vt 0 1
vt 1 1
vt 0 0
vt 1 0
vn 1 0 0
vn 1 0 0
vn 1 0 0
vn 1 0 0
vn -1 0 0
vn -1 0 0
vn -1 0 0
vn -1 0 0
vn 0 1 0
vn 0 1 0
vn 0 1 0
vn 0 1 0
vn 0 -1 0
vn 0 -1 0
vn 0 -1 0
vn 0 -1 0
vn 0 0 1
vn 0 0 1
vn 0 0 1
vn 0 0 1
vn 0 0 -1
vn 0 0 -1
vn 0 0 -1
vn 0 0 -1
f 797/797/797 799/799/799 798/798/798
f 799/799/799 800/800/800 798/798/798
f 801/801/801 803/803/803 802/802/802
f 803/803/803 804/804/804 802/802/802
f 805/805/805 807/807/807 806/806/806
f 807/807/807 808/808/808 806/806/806
f 809/809/809 811/811/811 810/810/810
f 811/811/811 812/812/812 810/810/810
f 813/813/813 815/815/815 814/814/814
f 815/815/815 816/816/816 814/814/814
f 817/817/817 819/819/819 818/818/818
f 819/819/819 820/820/820 818/818/818
o guardian_pilaster_right_base
usemtl dark_granite_trim
v 1.2300000041723251 0.05000000149011613 2.8800000041723255
v 1.2300000041723251 0.05000000149011613 2.419999995827675
v 1.2300000041723251 -0.1500000014901161 2.8800000041723255
v 1.2300000041723251 -0.1500000014901161 2.419999995827675
v 0.7699999958276749 0.05000000149011613 2.419999995827675
v 0.7699999958276749 0.05000000149011613 2.8800000041723255
v 0.7699999958276749 -0.1500000014901161 2.419999995827675
v 0.7699999958276749 -0.1500000014901161 2.8800000041723255
v 0.7699999958276749 0.05000000149011613 2.419999995827675
v 1.2300000041723251 0.05000000149011613 2.419999995827675
v 0.7699999958276749 0.05000000149011613 2.8800000041723255
v 1.2300000041723251 0.05000000149011613 2.8800000041723255
v 0.7699999958276749 -0.1500000014901161 2.8800000041723255
v 1.2300000041723251 -0.1500000014901161 2.8800000041723255
v 0.7699999958276749 -0.1500000014901161 2.419999995827675
v 1.2300000041723251 -0.1500000014901161 2.419999995827675
v 0.7699999958276749 0.05000000149011613 2.8800000041723255
v 1.2300000041723251 0.05000000149011613 2.8800000041723255
v 0.7699999958276749 -0.1500000014901161 2.8800000041723255
v 1.2300000041723251 -0.1500000014901161 2.8800000041723255
v 1.2300000041723251 0.05000000149011613 2.419999995827675
v 0.7699999958276749 0.05000000149011613 2.419999995827675
v 1.2300000041723251 -0.1500000014901161 2.419999995827675
v 0.7699999958276749 -0.1500000014901161 2.419999995827675
vt 0 1
vt 1 1
vt 0 0
vt 1 0
vt 0 1
vt 1 1
vt 0 0
vt 1 0
vt 0 1
vt 1 1
vt 0 0
vt 1 0
vt 0 1
vt 1 1
vt 0 0
vt 1 0
vt 0 1
vt 1 1
vt 0 0
vt 1 0
vt 0 1
vt 1 1
vt 0 0
vt 1 0
vn 1 0 0
vn 1 0 0
vn 1 0 0
vn 1 0 0
vn -1 0 0
vn -1 0 0
vn -1 0 0
vn -1 0 0
vn 0 1 0
vn 0 1 0
vn 0 1 0
vn 0 1 0
vn 0 -1 0
vn 0 -1 0
vn 0 -1 0
vn 0 -1 0
vn 0 0 1
vn 0 0 1
vn 0 0 1
vn 0 0 1
vn 0 0 -1
vn 0 0 -1
vn 0 0 -1
vn 0 0 -1
f 821/821/821 823/823/823 822/822/822
f 823/823/823 824/824/824 822/822/822
f 825/825/825 827/827/827 826/826/826
f 827/827/827 828/828/828 826/826/826
f 829/829/829 831/831/831 830/830/830
f 831/831/831 832/832/832 830/830/830
f 833/833/833 835/835/835 834/834/834
f 835/835/835 836/836/836 834/834/834
f 837/837/837 839/839/839 838/838/838
f 839/839/839 840/840/840 838/838/838
f 841/841/841 843/843/843 842/842/842
f 843/843/843 844/844/844 842/842/842
o parapet_wall
usemtl dark_granite_trim
v 3.0269999504089355 3.869999993443489 2.2890000343322754
v 3.0269999504089355 3.869999993443489 -2.2890000343322754
v 3.0269999504089355 3.450000006556511 2.2890000343322754
v 3.0269999504089355 3.450000006556511 -2.2890000343322754
v -3.0269999504089355 3.869999993443489 -2.2890000343322754
v -3.0269999504089355 3.869999993443489 2.2890000343322754
v -3.0269999504089355 3.450000006556511 -2.2890000343322754
v -3.0269999504089355 3.450000006556511 2.2890000343322754
v -3.0269999504089355 3.869999993443489 -2.2890000343322754
v 3.0269999504089355 3.869999993443489 -2.2890000343322754
v -3.0269999504089355 3.869999993443489 2.2890000343322754
v 3.0269999504089355 3.869999993443489 2.2890000343322754
v -3.0269999504089355 3.450000006556511 2.2890000343322754
v 3.0269999504089355 3.450000006556511 2.2890000343322754
v -3.0269999504089355 3.450000006556511 -2.2890000343322754
v 3.0269999504089355 3.450000006556511 -2.2890000343322754
v -3.0269999504089355 3.869999993443489 2.2890000343322754
v 3.0269999504089355 3.869999993443489 2.2890000343322754
v -3.0269999504089355 3.450000006556511 2.2890000343322754
v 3.0269999504089355 3.450000006556511 2.2890000343322754
v 3.0269999504089355 3.869999993443489 -2.2890000343322754
v -3.0269999504089355 3.869999993443489 -2.2890000343322754
v 3.0269999504089355 3.450000006556511 -2.2890000343322754
v -3.0269999504089355 3.450000006556511 -2.2890000343322754
vt 0 1
vt 1 1
vt 0 0
vt 1 0
vt 0 1
vt 1 1
vt 0 0
vt 1 0
vt 0 1
vt 1 1
vt 0 0
vt 1 0
vt 0 1
vt 1 1
vt 0 0
vt 1 0
vt 0 1
vt 1 1
vt 0 0
vt 1 0
vt 0 1
vt 1 1
vt 0 0
vt 1 0
vn 1 0 0
vn 1 0 0
vn 1 0 0
vn 1 0 0
vn -1 0 0
vn -1 0 0
vn -1 0 0
vn -1 0 0
vn 0 1 0
vn 0 1 0
vn 0 1 0
vn 0 1 0
vn 0 -1 0
vn 0 -1 0
vn 0 -1 0
vn 0 -1 0
vn 0 0 1
vn 0 0 1
vn 0 0 1
vn 0 0 1
vn 0 0 -1
vn 0 0 -1
vn 0 0 -1
vn 0 0 -1
f 845/845/845 847/847/847 846/846/846
f 847/847/847 848/848/848 846/846/846
f 849/849/849 851/851/851 850/850/850
f 851/851/851 852/852/852 850/850/850
f 853/853/853 855/855/855 854/854/854
f 855/855/855 856/856/856 854/854/854
f 857/857/857 859/859/859 858/858/858
f 859/859/859 860/860/860 858/858/858
f 861/861/861 863/863/863 862/862/862
f 863/863/863 864/864/864 862/862/862
f 865/865/865 867/867/867 866/866/866
f 867/867/867 868/868/868 866/866/866
o merlon_x_0_front
usemtl weathered_granite
v -2.372000006556511 4.210000001788139 2.4739999934434893
v -2.372000006556511 4.210000001788139 2.054000006556511
v -2.372000006556511 3.8699999982118607 2.4739999934434893
v -2.372000006556511 3.8699999982118607 2.054000006556511
v -2.7919999934434894 4.210000001788139 2.054000006556511
v -2.7919999934434894 4.210000001788139 2.4739999934434893
v -2.7919999934434894 3.8699999982118607 2.054000006556511
v -2.7919999934434894 3.8699999982118607 2.4739999934434893
v -2.7919999934434894 4.210000001788139 2.054000006556511
v -2.372000006556511 4.210000001788139 2.054000006556511
v -2.7919999934434894 4.210000001788139 2.4739999934434893
v -2.372000006556511 4.210000001788139 2.4739999934434893
v -2.7919999934434894 3.8699999982118607 2.4739999934434893
v -2.372000006556511 3.8699999982118607 2.4739999934434893
v -2.7919999934434894 3.8699999982118607 2.054000006556511
v -2.372000006556511 3.8699999982118607 2.054000006556511
v -2.7919999934434894 4.210000001788139 2.4739999934434893
v -2.372000006556511 4.210000001788139 2.4739999934434893
v -2.7919999934434894 3.8699999982118607 2.4739999934434893
v -2.372000006556511 3.8699999982118607 2.4739999934434893
v -2.372000006556511 4.210000001788139 2.054000006556511
v -2.7919999934434894 4.210000001788139 2.054000006556511
v -2.372000006556511 3.8699999982118607 2.054000006556511
v -2.7919999934434894 3.8699999982118607 2.054000006556511
vt 0 1
vt 1 1
vt 0 0
vt 1 0
vt 0 1
vt 1 1
vt 0 0
vt 1 0
vt 0 1
vt 1 1
vt 0 0
vt 1 0
vt 0 1
vt 1 1
vt 0 0
vt 1 0
vt 0 1
vt 1 1
vt 0 0
vt 1 0
vt 0 1
vt 1 1
vt 0 0
vt 1 0
vn 1 0 0
vn 1 0 0
vn 1 0 0
vn 1 0 0
vn -1 0 0
vn -1 0 0
vn -1 0 0
vn -1 0 0
vn 0 1 0
vn 0 1 0
vn 0 1 0
vn 0 1 0
vn 0 -1 0
vn 0 -1 0
vn 0 -1 0
vn 0 -1 0
vn 0 0 1
vn 0 0 1
vn 0 0 1
vn 0 0 1
vn 0 0 -1
vn 0 0 -1
vn 0 0 -1
vn 0 0 -1
f 869/869/869 871/871/871 870/870/870
f 871/871/871 872/872/872 870/870/870
f 873/873/873 875/875/875 874/874/874
f 875/875/875 876/876/876 874/874/874
f 877/877/877 879/879/879 878/878/878
f 879/879/879 880/880/880 878/878/878
f 881/881/881 883/883/883 882/882/882
f 883/883/883 884/884/884 882/882/882
f 885/885/885 887/887/887 886/886/886
f 887/887/887 888/888/888 886/886/886
f 889/889/889 891/891/891 890/890/890
f 891/891/891 892/892/892 890/890/890
o merlon_x_0_back
usemtl weathered_granite
v -2.372000006556511 4.210000001788139 -2.054000006556511
v -2.372000006556511 4.210000001788139 -2.4739999934434893
v -2.372000006556511 3.8699999982118607 -2.054000006556511
v -2.372000006556511 3.8699999982118607 -2.4739999934434893
v -2.7919999934434894 4.210000001788139 -2.4739999934434893
v -2.7919999934434894 4.210000001788139 -2.054000006556511
v -2.7919999934434894 3.8699999982118607 -2.4739999934434893
v -2.7919999934434894 3.8699999982118607 -2.054000006556511
v -2.7919999934434894 4.210000001788139 -2.4739999934434893
v -2.372000006556511 4.210000001788139 -2.4739999934434893
v -2.7919999934434894 4.210000001788139 -2.054000006556511
v -2.372000006556511 4.210000001788139 -2.054000006556511
v -2.7919999934434894 3.8699999982118607 -2.054000006556511
v -2.372000006556511 3.8699999982118607 -2.054000006556511
v -2.7919999934434894 3.8699999982118607 -2.4739999934434893
v -2.372000006556511 3.8699999982118607 -2.4739999934434893
v -2.7919999934434894 4.210000001788139 -2.054000006556511
v -2.372000006556511 4.210000001788139 -2.054000006556511
v -2.7919999934434894 3.8699999982118607 -2.054000006556511
v -2.372000006556511 3.8699999982118607 -2.054000006556511
v -2.372000006556511 4.210000001788139 -2.4739999934434893
v -2.7919999934434894 4.210000001788139 -2.4739999934434893
v -2.372000006556511 3.8699999982118607 -2.4739999934434893
v -2.7919999934434894 3.8699999982118607 -2.4739999934434893
vt 0 1
vt 1 1
vt 0 0
vt 1 0
vt 0 1
vt 1 1
vt 0 0
vt 1 0
vt 0 1
vt 1 1
vt 0 0
vt 1 0
vt 0 1
vt 1 1
vt 0 0
vt 1 0
vt 0 1
vt 1 1
vt 0 0
vt 1 0
vt 0 1
vt 1 1
vt 0 0
vt 1 0
vn 1 0 0
vn 1 0 0
vn 1 0 0
vn 1 0 0
vn -1 0 0
vn -1 0 0
vn -1 0 0
vn -1 0 0
vn 0 1 0
vn 0 1 0
vn 0 1 0
vn 0 1 0
vn 0 -1 0
vn 0 -1 0
vn 0 -1 0
vn 0 -1 0
vn 0 0 1
vn 0 0 1
vn 0 0 1
vn 0 0 1
vn 0 0 -1
vn 0 0 -1
vn 0 0 -1
vn 0 0 -1
f 893/893/893 895/895/895 894/894/894
f 895/895/895 896/896/896 894/894/894
f 897/897/897 899/899/899 898/898/898
f 899/899/899 900/900/900 898/898/898
f 901/901/901 903/903/903 902/902/902
f 903/903/903 904/904/904 902/902/902
f 905/905/905 907/907/907 906/906/906
f 907/907/907 908/908/908 906/906/906
f 909/909/909 911/911/911 910/910/910
f 911/911/911 912/912/912 910/910/910
f 913/913/913 915/915/915 914/914/914
f 915/915/915 916/916/916 914/914/914
o merlon_x_1_front
usemtl weathered_granite
v -1.5920000065565112 4.210000001788139 2.4739999934434893
v -1.5920000065565112 4.210000001788139 2.054000006556511
v -1.5920000065565112 3.8699999982118607 2.4739999934434893
v -1.5920000065565112 3.8699999982118607 2.054000006556511
v -2.0119999934434896 4.210000001788139 2.054000006556511
v -2.0119999934434896 4.210000001788139 2.4739999934434893
v -2.0119999934434896 3.8699999982118607 2.054000006556511
v -2.0119999934434896 3.8699999982118607 2.4739999934434893
v -2.0119999934434896 4.210000001788139 2.054000006556511
v -1.5920000065565112 4.210000001788139 2.054000006556511
v -2.0119999934434896 4.210000001788139 2.4739999934434893
v -1.5920000065565112 4.210000001788139 2.4739999934434893
v -2.0119999934434896 3.8699999982118607 2.4739999934434893
v -1.5920000065565112 3.8699999982118607 2.4739999934434893
v -2.0119999934434896 3.8699999982118607 2.054000006556511
v -1.5920000065565112 3.8699999982118607 2.054000006556511
v -2.0119999934434896 4.210000001788139 2.4739999934434893
v -1.5920000065565112 4.210000001788139 2.4739999934434893
v -2.0119999934434896 3.8699999982118607 2.4739999934434893
v -1.5920000065565112 3.8699999982118607 2.4739999934434893
v -1.5920000065565112 4.210000001788139 2.054000006556511
v -2.0119999934434896 4.210000001788139 2.054000006556511
v -1.5920000065565112 3.8699999982118607 2.054000006556511
v -2.0119999934434896 3.8699999982118607 2.054000006556511
vt 0 1
vt 1 1
vt 0 0
vt 1 0
vt 0 1
vt 1 1
vt 0 0
vt 1 0
vt 0 1
vt 1 1
vt 0 0
vt 1 0
vt 0 1
vt 1 1
vt 0 0
vt 1 0
vt 0 1
vt 1 1
vt 0 0
vt 1 0
vt 0 1
vt 1 1
vt 0 0
vt 1 0
vn 1 0 0
vn 1 0 0
vn 1 0 0
vn 1 0 0
vn -1 0 0
vn -1 0 0
vn -1 0 0
vn -1 0 0
vn 0 1 0
vn 0 1 0
vn 0 1 0
vn 0 1 0
vn 0 -1 0
vn 0 -1 0
vn 0 -1 0
vn 0 -1 0
vn 0 0 1
vn 0 0 1
vn 0 0 1
vn 0 0 1
vn 0 0 -1
vn 0 0 -1
vn 0 0 -1
vn 0 0 -1
f 917/917/917 919/919/919 918/918/918
f 919/919/919 920/920/920 918/918/918
f 921/921/921 923/923/923 922/922/922
f 923/923/923 924/924/924 922/922/922
f 925/925/925 927/927/927 926/926/926
f 927/927/927 928/928/928 926/926/926
f 929/929/929 931/931/931 930/930/930
f 931/931/931 932/932/932 930/930/930
f 933/933/933 935/935/935 934/934/934
f 935/935/935 936/936/936 934/934/934
f 937/937/937 939/939/939 938/938/938
f 939/939/939 940/940/940 938/938/938
o merlon_x_1_back
usemtl weathered_granite
v -1.5920000065565112 4.210000001788139 -2.054000006556511
v -1.5920000065565112 4.210000001788139 -2.4739999934434893
v -1.5920000065565112 3.8699999982118607 -2.054000006556511
v -1.5920000065565112 3.8699999982118607 -2.4739999934434893
v -2.0119999934434896 4.210000001788139 -2.4739999934434893
v -2.0119999934434896 4.210000001788139 -2.054000006556511
v -2.0119999934434896 3.8699999982118607 -2.4739999934434893
v -2.0119999934434896 3.8699999982118607 -2.054000006556511
v -2.0119999934434896 4.210000001788139 -2.4739999934434893
v -1.5920000065565112 4.210000001788139 -2.4739999934434893
v -2.0119999934434896 4.210000001788139 -2.054000006556511
v -1.5920000065565112 4.210000001788139 -2.054000006556511
v -2.0119999934434896 3.8699999982118607 -2.054000006556511
v -1.5920000065565112 3.8699999982118607 -2.054000006556511
v -2.0119999934434896 3.8699999982118607 -2.4739999934434893
v -1.5920000065565112 3.8699999982118607 -2.4739999934434893
v -2.0119999934434896 4.210000001788139 -2.054000006556511
v -1.5920000065565112 4.210000001788139 -2.054000006556511
v -2.0119999934434896 3.8699999982118607 -2.054000006556511
v -1.5920000065565112 3.8699999982118607 -2.054000006556511
v -1.5920000065565112 4.210000001788139 -2.4739999934434893
v -2.0119999934434896 4.210000001788139 -2.4739999934434893
v -1.5920000065565112 3.8699999982118607 -2.4739999934434893
v -2.0119999934434896 3.8699999982118607 -2.4739999934434893
vt 0 1
vt 1 1
vt 0 0
vt 1 0
vt 0 1
vt 1 1
vt 0 0
vt 1 0
vt 0 1
vt 1 1
vt 0 0
vt 1 0
vt 0 1
vt 1 1
vt 0 0
vt 1 0
vt 0 1
vt 1 1
vt 0 0
vt 1 0
vt 0 1
vt 1 1
vt 0 0
vt 1 0
vn 1 0 0
vn 1 0 0
vn 1 0 0
vn 1 0 0
vn -1 0 0
vn -1 0 0
vn -1 0 0
vn -1 0 0
vn 0 1 0
vn 0 1 0
vn 0 1 0
vn 0 1 0
vn 0 -1 0
vn 0 -1 0
vn 0 -1 0
vn 0 -1 0
vn 0 0 1
vn 0 0 1
vn 0 0 1
vn 0 0 1
vn 0 0 -1
vn 0 0 -1
vn 0 0 -1
vn 0 0 -1
f 941/941/941 943/943/943 942/942/942
f 943/943/943 944/944/944 942/942/942
f 945/945/945 947/947/947 946/946/946
f 947/947/947 948/948/948 946/946/946
f 949/949/949 951/951/951 950/950/950
f 951/951/951 952/952/952 950/950/950
f 953/953/953 955/955/955 954/954/954
f 955/955/955 956/956/956 954/954/954
f 957/957/957 959/959/959 958/958/958
f 959/959/959 960/960/960 958/958/958
f 961/961/961 963/963/963 962/962/962
f 963/963/963 964/964/964 962/962/962
o merlon_x_2_front
usemtl weathered_granite
v -0.8120000065565112 4.210000001788139 2.4739999934434893
v -0.8120000065565112 4.210000001788139 2.054000006556511
v -0.8120000065565112 3.8699999982118607 2.4739999934434893
v -0.8120000065565112 3.8699999982118607 2.054000006556511
v -1.2319999934434893 4.210000001788139 2.054000006556511
v -1.2319999934434893 4.210000001788139 2.4739999934434893
v -1.2319999934434893 3.8699999982118607 2.054000006556511
v -1.2319999934434893 3.8699999982118607 2.4739999934434893
v -1.2319999934434893 4.210000001788139 2.054000006556511
v -0.8120000065565112 4.210000001788139 2.054000006556511
v -1.2319999934434893 4.210000001788139 2.4739999934434893
v -0.8120000065565112 4.210000001788139 2.4739999934434893
v -1.2319999934434893 3.8699999982118607 2.4739999934434893
v -0.8120000065565112 3.8699999982118607 2.4739999934434893
v -1.2319999934434893 3.8699999982118607 2.054000006556511
v -0.8120000065565112 3.8699999982118607 2.054000006556511
v -1.2319999934434893 4.210000001788139 2.4739999934434893
v -0.8120000065565112 4.210000001788139 2.4739999934434893
v -1.2319999934434893 3.8699999982118607 2.4739999934434893
v -0.8120000065565112 3.8699999982118607 2.4739999934434893
v -0.8120000065565112 4.210000001788139 2.054000006556511
v -1.2319999934434893 4.210000001788139 2.054000006556511
v -0.8120000065565112 3.8699999982118607 2.054000006556511
v -1.2319999934434893 3.8699999982118607 2.054000006556511
vt 0 1
vt 1 1
vt 0 0
vt 1 0
vt 0 1
vt 1 1
vt 0 0
vt 1 0
vt 0 1
vt 1 1
vt 0 0
vt 1 0
vt 0 1
vt 1 1
vt 0 0
vt 1 0
vt 0 1
vt 1 1
vt 0 0
vt 1 0
vt 0 1
vt 1 1
vt 0 0
vt 1 0
vn 1 0 0
vn 1 0 0
vn 1 0 0
vn 1 0 0
vn -1 0 0
vn -1 0 0
vn -1 0 0
vn -1 0 0
vn 0 1 0
vn 0 1 0
vn 0 1 0
vn 0 1 0
vn 0 -1 0
vn 0 -1 0
vn 0 -1 0
vn 0 -1 0
vn 0 0 1
vn 0 0 1
vn 0 0 1
vn 0 0 1
vn 0 0 -1
vn 0 0 -1
vn 0 0 -1
vn 0 0 -1
f 965/965/965 967/967/967 966/966/966
f 967/967/967 968/968/968 966/966/966
f 969/969/969 971/971/971 970/970/970
f 971/971/971 972/972/972 970/970/970
f 973/973/973 975/975/975 974/974/974
f 975/975/975 976/976/976 974/974/974
f 977/977/977 979/979/979 978/978/978
f 979/979/979 980/980/980 978/978/978
f 981/981/981 983/983/983 982/982/982
f 983/983/983 984/984/984 982/982/982
f 985/985/985 987/987/987 986/986/986
f 987/987/987 988/988/988 986/986/986
o merlon_x_2_back
usemtl weathered_granite
v -0.8120000065565112 4.210000001788139 -2.054000006556511
v -0.8120000065565112 4.210000001788139 -2.4739999934434893
v -0.8120000065565112 3.8699999982118607 -2.054000006556511
v -0.8120000065565112 3.8699999982118607 -2.4739999934434893
v -1.2319999934434893 4.210000001788139 -2.4739999934434893
v -1.2319999934434893 4.210000001788139 -2.054000006556511
v -1.2319999934434893 3.8699999982118607 -2.4739999934434893
v -1.2319999934434893 3.8699999982118607 -2.054000006556511
v -1.2319999934434893 4.210000001788139 -2.4739999934434893
v -0.8120000065565112 4.210000001788139 -2.4739999934434893
v -1.2319999934434893 4.210000001788139 -2.054000006556511
v -0.8120000065565112 4.210000001788139 -2.054000006556511
v -1.2319999934434893 3.8699999982118607 -2.054000006556511
v -0.8120000065565112 3.8699999982118607 -2.054000006556511
v -1.2319999934434893 3.8699999982118607 -2.4739999934434893
v -0.8120000065565112 3.8699999982118607 -2.4739999934434893
v -1.2319999934434893 4.210000001788139 -2.054000006556511
v -0.8120000065565112 4.210000001788139 -2.054000006556511
v -1.2319999934434893 3.8699999982118607 -2.054000006556511
v -0.8120000065565112 3.8699999982118607 -2.054000006556511
v -0.8120000065565112 4.210000001788139 -2.4739999934434893
v -1.2319999934434893 4.210000001788139 -2.4739999934434893
v -0.8120000065565112 3.8699999982118607 -2.4739999934434893
v -1.2319999934434893 3.8699999982118607 -2.4739999934434893
vt 0 1
vt 1 1
vt 0 0
vt 1 0
vt 0 1
vt 1 1
vt 0 0
vt 1 0
vt 0 1
vt 1 1
vt 0 0
vt 1 0
vt 0 1
vt 1 1
vt 0 0
vt 1 0
vt 0 1
vt 1 1
vt 0 0
vt 1 0
vt 0 1
vt 1 1
vt 0 0
vt 1 0
vn 1 0 0
vn 1 0 0
vn 1 0 0
vn 1 0 0
vn -1 0 0
vn -1 0 0
vn -1 0 0
vn -1 0 0
vn 0 1 0
vn 0 1 0
vn 0 1 0
vn 0 1 0
vn 0 -1 0
vn 0 -1 0
vn 0 -1 0
vn 0 -1 0
vn 0 0 1
vn 0 0 1
vn 0 0 1
vn 0 0 1
vn 0 0 -1
vn 0 0 -1
vn 0 0 -1
vn 0 0 -1
f 989/989/989 991/991/991 990/990/990
f 991/991/991 992/992/992 990/990/990
f 993/993/993 995/995/995 994/994/994
f 995/995/995 996/996/996 994/994/994
f 997/997/997 999/999/999 998/998/998
f 999/999/999 1000/1000/1000 998/998/998
f 1001/1001/1001 1003/1003/1003 1002/1002/1002
f 1003/1003/1003 1004/1004/1004 1002/1002/1002
f 1005/1005/1005 1007/1007/1007 1006/1006/1006
f 1007/1007/1007 1008/1008/1008 1006/1006/1006
f 1009/1009/1009 1011/1011/1011 1010/1010/1010
f 1011/1011/1011 1012/1012/1012 1010/1010/1010
o merlon_x_3_front
usemtl weathered_granite
v -0.03200000655651136 4.210000001788139 2.4739999934434893
v -0.03200000655651136 4.210000001788139 2.054000006556511
v -0.03200000655651136 3.8699999982118607 2.4739999934434893
v -0.03200000655651136 3.8699999982118607 2.054000006556511
v -0.4519999934434895 4.210000001788139 2.054000006556511
v -0.4519999934434895 4.210000001788139 2.4739999934434893
v -0.4519999934434895 3.8699999982118607 2.054000006556511
v -0.4519999934434895 3.8699999982118607 2.4739999934434893
v -0.4519999934434895 4.210000001788139 2.054000006556511
v -0.03200000655651136 4.210000001788139 2.054000006556511
v -0.4519999934434895 4.210000001788139 2.4739999934434893
v -0.03200000655651136 4.210000001788139 2.4739999934434893
v -0.4519999934434895 3.8699999982118607 2.4739999934434893
v -0.03200000655651136 3.8699999982118607 2.4739999934434893
v -0.4519999934434895 3.8699999982118607 2.054000006556511
v -0.03200000655651136 3.8699999982118607 2.054000006556511
v -0.4519999934434895 4.210000001788139 2.4739999934434893
v -0.03200000655651136 4.210000001788139 2.4739999934434893
v -0.4519999934434895 3.8699999982118607 2.4739999934434893
v -0.03200000655651136 3.8699999982118607 2.4739999934434893
v -0.03200000655651136 4.210000001788139 2.054000006556511
v -0.4519999934434895 4.210000001788139 2.054000006556511
v -0.03200000655651136 3.8699999982118607 2.054000006556511
v -0.4519999934434895 3.8699999982118607 2.054000006556511
vt 0 1
vt 1 1
vt 0 0
vt 1 0
vt 0 1
vt 1 1
vt 0 0
vt 1 0
vt 0 1
vt 1 1
vt 0 0
vt 1 0
vt 0 1
vt 1 1
vt 0 0
vt 1 0
vt 0 1
vt 1 1
vt 0 0
vt 1 0
vt 0 1
vt 1 1
vt 0 0
vt 1 0
vn 1 0 0
vn 1 0 0
vn 1 0 0
vn 1 0 0
vn -1 0 0
vn -1 0 0
vn -1 0 0
vn -1 0 0
vn 0 1 0
vn 0 1 0
vn 0 1 0
vn 0 1 0
vn 0 -1 0
vn 0 -1 0
vn 0 -1 0
vn 0 -1 0
vn 0 0 1
vn 0 0 1
vn 0 0 1
vn 0 0 1
vn 0 0 -1
vn 0 0 -1
vn 0 0 -1
vn 0 0 -1
f 1013/1013/1013 1015/1015/1015 1014/1014/1014
f 1015/1015/1015 1016/1016/1016 1014/1014/1014
f 1017/1017/1017 1019/1019/1019 1018/1018/1018
f 1019/1019/1019 1020/1020/1020 1018/1018/1018
f 1021/1021/1021 1023/1023/1023 1022/1022/1022
f 1023/1023/1023 1024/1024/1024 1022/1022/1022
f 1025/1025/1025 1027/1027/1027 1026/1026/1026
f 1027/1027/1027 1028/1028/1028 1026/1026/1026
f 1029/1029/1029 1031/1031/1031 1030/1030/1030
f 1031/1031/1031 1032/1032/1032 1030/1030/1030
f 1033/1033/1033 1035/1035/1035 1034/1034/1034
f 1035/1035/1035 1036/1036/1036 1034/1034/1034
o merlon_x_3_back
usemtl weathered_granite
v -0.03200000655651136 4.210000001788139 -2.054000006556511
v -0.03200000655651136 4.210000001788139 -2.4739999934434893
v -0.03200000655651136 3.8699999982118607 -2.054000006556511
v -0.03200000655651136 3.8699999982118607 -2.4739999934434893
v -0.4519999934434895 4.210000001788139 -2.4739999934434893
v -0.4519999934434895 4.210000001788139 -2.054000006556511
v -0.4519999934434895 3.8699999982118607 -2.4739999934434893
v -0.4519999934434895 3.8699999982118607 -2.054000006556511
v -0.4519999934434895 4.210000001788139 -2.4739999934434893
v -0.03200000655651136 4.210000001788139 -2.4739999934434893
v -0.4519999934434895 4.210000001788139 -2.054000006556511
v -0.03200000655651136 4.210000001788139 -2.054000006556511
v -0.4519999934434895 3.8699999982118607 -2.054000006556511
v -0.03200000655651136 3.8699999982118607 -2.054000006556511
v -0.4519999934434895 3.8699999982118607 -2.4739999934434893
v -0.03200000655651136 3.8699999982118607 -2.4739999934434893
v -0.4519999934434895 4.210000001788139 -2.054000006556511
v -0.03200000655651136 4.210000001788139 -2.054000006556511
v -0.4519999934434895 3.8699999982118607 -2.054000006556511
v -0.03200000655651136 3.8699999982118607 -2.054000006556511
v -0.03200000655651136 4.210000001788139 -2.4739999934434893
v -0.4519999934434895 4.210000001788139 -2.4739999934434893
v -0.03200000655651136 3.8699999982118607 -2.4739999934434893
v -0.4519999934434895 3.8699999982118607 -2.4739999934434893
vt 0 1
vt 1 1
vt 0 0
vt 1 0
vt 0 1
vt 1 1
vt 0 0
vt 1 0
vt 0 1
vt 1 1
vt 0 0
vt 1 0
vt 0 1
vt 1 1
vt 0 0
vt 1 0
vt 0 1
vt 1 1
vt 0 0
vt 1 0
vt 0 1
vt 1 1
vt 0 0
vt 1 0
vn 1 0 0
vn 1 0 0
vn 1 0 0
vn 1 0 0
vn -1 0 0
vn -1 0 0
vn -1 0 0
vn -1 0 0
vn 0 1 0
vn 0 1 0
vn 0 1 0
vn 0 1 0
vn 0 -1 0
vn 0 -1 0
vn 0 -1 0
vn 0 -1 0
vn 0 0 1
vn 0 0 1
vn 0 0 1
vn 0 0 1
vn 0 0 -1
vn 0 0 -1
vn 0 0 -1
vn 0 0 -1
f 1037/1037/1037 1039/1039/1039 1038/1038/1038
f 1039/1039/1039 1040/1040/1040 1038/1038/1038
f 1041/1041/1041 1043/1043/1043 1042/1042/1042
f 1043/1043/1043 1044/1044/1044 1042/1042/1042
f 1045/1045/1045 1047/1047/1047 1046/1046/1046
f 1047/1047/1047 1048/1048/1048 1046/1046/1046
f 1049/1049/1049 1051/1051/1051 1050/1050/1050
f 1051/1051/1051 1052/1052/1052 1050/1050/1050
f 1053/1053/1053 1055/1055/1055 1054/1054/1054
f 1055/1055/1055 1056/1056/1056 1054/1054/1054
f 1057/1057/1057 1059/1059/1059 1058/1058/1058
f 1059/1059/1059 1060/1060/1060 1058/1058/1058
o merlon_x_4_front
usemtl weathered_granite
v 0.7479999934434889 4.210000001788139 2.4739999934434893
v 0.7479999934434889 4.210000001788139 2.054000006556511
v 0.7479999934434889 3.8699999982118607 2.4739999934434893
v 0.7479999934434889 3.8699999982118607 2.054000006556511
v 0.32800000655651074 4.210000001788139 2.054000006556511
v 0.32800000655651074 4.210000001788139 2.4739999934434893
v 0.32800000655651074 3.8699999982118607 2.054000006556511
v 0.32800000655651074 3.8699999982118607 2.4739999934434893
v 0.32800000655651074 4.210000001788139 2.054000006556511
v 0.7479999934434889 4.210000001788139 2.054000006556511
v 0.32800000655651074 4.210000001788139 2.4739999934434893
v 0.7479999934434889 4.210000001788139 2.4739999934434893
v 0.32800000655651074 3.8699999982118607 2.4739999934434893
v 0.7479999934434889 3.8699999982118607 2.4739999934434893
v 0.32800000655651074 3.8699999982118607 2.054000006556511
v 0.7479999934434889 3.8699999982118607 2.054000006556511
v 0.32800000655651074 4.210000001788139 2.4739999934434893
v 0.7479999934434889 4.210000001788139 2.4739999934434893
v 0.32800000655651074 3.8699999982118607 2.4739999934434893
v 0.7479999934434889 3.8699999982118607 2.4739999934434893
v 0.7479999934434889 4.210000001788139 2.054000006556511
v 0.32800000655651074 4.210000001788139 2.054000006556511
v 0.7479999934434889 3.8699999982118607 2.054000006556511
v 0.32800000655651074 3.8699999982118607 2.054000006556511
vt 0 1
vt 1 1
vt 0 0
vt 1 0
vt 0 1
vt 1 1
vt 0 0
vt 1 0
vt 0 1
vt 1 1
vt 0 0
vt 1 0
vt 0 1
vt 1 1
vt 0 0
vt 1 0
vt 0 1
vt 1 1
vt 0 0
vt 1 0
vt 0 1
vt 1 1
vt 0 0
vt 1 0
vn 1 0 0
vn 1 0 0
vn 1 0 0
vn 1 0 0
vn -1 0 0
vn -1 0 0
vn -1 0 0
vn -1 0 0
vn 0 1 0
vn 0 1 0
vn 0 1 0
vn 0 1 0
vn 0 -1 0
vn 0 -1 0
vn 0 -1 0
vn 0 -1 0
vn 0 0 1
vn 0 0 1
vn 0 0 1
vn 0 0 1
vn 0 0 -1
vn 0 0 -1
vn 0 0 -1
vn 0 0 -1
f 1061/1061/1061 1063/1063/1063 1062/1062/1062
f 1063/1063/1063 1064/1064/1064 1062/1062/1062
f 1065/1065/1065 1067/1067/1067 1066/1066/1066
f 1067/1067/1067 1068/1068/1068 1066/1066/1066
f 1069/1069/1069 1071/1071/1071 1070/1070/1070
f 1071/1071/1071 1072/1072/1072 1070/1070/1070
f 1073/1073/1073 1075/1075/1075 1074/1074/1074
f 1075/1075/1075 1076/1076/1076 1074/1074/1074
f 1077/1077/1077 1079/1079/1079 1078/1078/1078
f 1079/1079/1079 1080/1080/1080 1078/1078/1078
f 1081/1081/1081 1083/1083/1083 1082/1082/1082
f 1083/1083/1083 1084/1084/1084 1082/1082/1082
o merlon_x_4_back
usemtl weathered_granite
v 0.7479999934434889 4.210000001788139 -2.054000006556511
v 0.7479999934434889 4.210000001788139 -2.4739999934434893
v 0.7479999934434889 3.8699999982118607 -2.054000006556511
v 0.7479999934434889 3.8699999982118607 -2.4739999934434893
v 0.32800000655651074 4.210000001788139 -2.4739999934434893
v 0.32800000655651074 4.210000001788139 -2.054000006556511
v 0.32800000655651074 3.8699999982118607 -2.4739999934434893
v 0.32800000655651074 3.8699999982118607 -2.054000006556511
v 0.32800000655651074 4.210000001788139 -2.4739999934434893
v 0.7479999934434889 4.210000001788139 -2.4739999934434893
v 0.32800000655651074 4.210000001788139 -2.054000006556511
v 0.7479999934434889 4.210000001788139 -2.054000006556511
v 0.32800000655651074 3.8699999982118607 -2.054000006556511
v 0.7479999934434889 3.8699999982118607 -2.054000006556511
v 0.32800000655651074 3.8699999982118607 -2.4739999934434893
v 0.7479999934434889 3.8699999982118607 -2.4739999934434893
v 0.32800000655651074 4.210000001788139 -2.054000006556511
v 0.7479999934434889 4.210000001788139 -2.054000006556511
v 0.32800000655651074 3.8699999982118607 -2.054000006556511
v 0.7479999934434889 3.8699999982118607 -2.054000006556511
v 0.7479999934434889 4.210000001788139 -2.4739999934434893
v 0.32800000655651074 4.210000001788139 -2.4739999934434893
v 0.7479999934434889 3.8699999982118607 -2.4739999934434893
v 0.32800000655651074 3.8699999982118607 -2.4739999934434893
vt 0 1
vt 1 1
vt 0 0
vt 1 0
vt 0 1
vt 1 1
vt 0 0
vt 1 0
vt 0 1
vt 1 1
vt 0 0
vt 1 0
vt 0 1
vt 1 1
vt 0 0
vt 1 0
vt 0 1
vt 1 1
vt 0 0
vt 1 0
vt 0 1
vt 1 1
vt 0 0
vt 1 0
vn 1 0 0
vn 1 0 0
vn 1 0 0
vn 1 0 0
vn -1 0 0
vn -1 0 0
vn -1 0 0
vn -1 0 0
vn 0 1 0
vn 0 1 0
vn 0 1 0
vn 0 1 0
vn 0 -1 0
vn 0 -1 0
vn 0 -1 0
vn 0 -1 0
vn 0 0 1
vn 0 0 1
vn 0 0 1
vn 0 0 1
vn 0 0 -1
vn 0 0 -1
vn 0 0 -1
vn 0 0 -1
f 1085/1085/1085 1087/1087/1087 1086/1086/1086
f 1087/1087/1087 1088/1088/1088 1086/1086/1086
f 1089/1089/1089 1091/1091/1091 1090/1090/1090
f 1091/1091/1091 1092/1092/1092 1090/1090/1090
f 1093/1093/1093 1095/1095/1095 1094/1094/1094
f 1095/1095/1095 1096/1096/1096 1094/1094/1094
f 1097/1097/1097 1099/1099/1099 1098/1098/1098
f 1099/1099/1099 1100/1100/1100 1098/1098/1098
f 1101/1101/1101 1103/1103/1103 1102/1102/1102
f 1103/1103/1103 1104/1104/1104 1102/1102/1102
f 1105/1105/1105 1107/1107/1107 1106/1106/1106
f 1107/1107/1107 1108/1108/1108 1106/1106/1106
o merlon_x_5_front
usemtl weathered_granite
v 1.5279999934434891 4.210000001788139 2.4739999934434893
v 1.5279999934434891 4.210000001788139 2.054000006556511
v 1.5279999934434891 3.8699999982118607 2.4739999934434893
v 1.5279999934434891 3.8699999982118607 2.054000006556511
v 1.108000006556511 4.210000001788139 2.054000006556511
v 1.108000006556511 4.210000001788139 2.4739999934434893
v 1.108000006556511 3.8699999982118607 2.054000006556511
v 1.108000006556511 3.8699999982118607 2.4739999934434893
v 1.108000006556511 4.210000001788139 2.054000006556511
v 1.5279999934434891 4.210000001788139 2.054000006556511
v 1.108000006556511 4.210000001788139 2.4739999934434893
v 1.5279999934434891 4.210000001788139 2.4739999934434893
v 1.108000006556511 3.8699999982118607 2.4739999934434893
v 1.5279999934434891 3.8699999982118607 2.4739999934434893
v 1.108000006556511 3.8699999982118607 2.054000006556511
v 1.5279999934434891 3.8699999982118607 2.054000006556511
v 1.108000006556511 4.210000001788139 2.4739999934434893
v 1.5279999934434891 4.210000001788139 2.4739999934434893
v 1.108000006556511 3.8699999982118607 2.4739999934434893
v 1.5279999934434891 3.8699999982118607 2.4739999934434893
v 1.5279999934434891 4.210000001788139 2.054000006556511
v 1.108000006556511 4.210000001788139 2.054000006556511
v 1.5279999934434891 3.8699999982118607 2.054000006556511
v 1.108000006556511 3.8699999982118607 2.054000006556511
vt 0 1
vt 1 1
vt 0 0
vt 1 0
vt 0 1
vt 1 1
vt 0 0
vt 1 0
vt 0 1
vt 1 1
vt 0 0
vt 1 0
vt 0 1
vt 1 1
vt 0 0
vt 1 0
vt 0 1
vt 1 1
vt 0 0
vt 1 0
vt 0 1
vt 1 1
vt 0 0
vt 1 0
vn 1 0 0
vn 1 0 0
vn 1 0 0
vn 1 0 0
vn -1 0 0
vn -1 0 0
vn -1 0 0
vn -1 0 0
vn 0 1 0
vn 0 1 0
vn 0 1 0
vn 0 1 0
vn 0 -1 0
vn 0 -1 0
vn 0 -1 0
vn 0 -1 0
vn 0 0 1
vn 0 0 1
vn 0 0 1
vn 0 0 1
vn 0 0 -1
vn 0 0 -1
vn 0 0 -1
vn 0 0 -1
f 1109/1109/1109 1111/1111/1111 1110/1110/1110
f 1111/1111/1111 1112/1112/1112 1110/1110/1110
f 1113/1113/1113 1115/1115/1115 1114/1114/1114
f 1115/1115/1115 1116/1116/1116 1114/1114/1114
f 1117/1117/1117 1119/1119/1119 1118/1118/1118
f 1119/1119/1119 1120/1120/1120 1118/1118/1118
f 1121/1121/1121 1123/1123/1123 1122/1122/1122
f 1123/1123/1123 1124/1124/1124 1122/1122/1122
f 1125/1125/1125 1127/1127/1127 1126/1126/1126
f 1127/1127/1127 1128/1128/1128 1126/1126/1126
f 1129/1129/1129 1131/1131/1131 1130/1130/1130
f 1131/1131/1131 1132/1132/1132 1130/1130/1130
o merlon_x_5_back
usemtl weathered_granite
v 1.5279999934434891 4.210000001788139 -2.054000006556511
v 1.5279999934434891 4.210000001788139 -2.4739999934434893
v 1.5279999934434891 3.8699999982118607 -2.054000006556511
v 1.5279999934434891 3.8699999982118607 -2.4739999934434893
v 1.108000006556511 4.210000001788139 -2.4739999934434893
v 1.108000006556511 4.210000001788139 -2.054000006556511
v 1.108000006556511 3.8699999982118607 -2.4739999934434893
v 1.108000006556511 3.8699999982118607 -2.054000006556511
v 1.108000006556511 4.210000001788139 -2.4739999934434893
v 1.5279999934434891 4.210000001788139 -2.4739999934434893
v 1.108000006556511 4.210000001788139 -2.054000006556511
v 1.5279999934434891 4.210000001788139 -2.054000006556511
v 1.108000006556511 3.8699999982118607 -2.054000006556511
v 1.5279999934434891 3.8699999982118607 -2.054000006556511
v 1.108000006556511 3.8699999982118607 -2.4739999934434893
v 1.5279999934434891 3.8699999982118607 -2.4739999934434893
v 1.108000006556511 4.210000001788139 -2.054000006556511
v 1.5279999934434891 4.210000001788139 -2.054000006556511
v 1.108000006556511 3.8699999982118607 -2.054000006556511
v 1.5279999934434891 3.8699999982118607 -2.054000006556511
v 1.5279999934434891 4.210000001788139 -2.4739999934434893
v 1.108000006556511 4.210000001788139 -2.4739999934434893
v 1.5279999934434891 3.8699999982118607 -2.4739999934434893
v 1.108000006556511 3.8699999982118607 -2.4739999934434893
vt 0 1
vt 1 1
vt 0 0
vt 1 0
vt 0 1
vt 1 1
vt 0 0
vt 1 0
vt 0 1
vt 1 1
vt 0 0
vt 1 0
vt 0 1
vt 1 1
vt 0 0
vt 1 0
vt 0 1
vt 1 1
vt 0 0
vt 1 0
vt 0 1
vt 1 1
vt 0 0
vt 1 0
vn 1 0 0
vn 1 0 0
vn 1 0 0
vn 1 0 0
vn -1 0 0
vn -1 0 0
vn -1 0 0
vn -1 0 0
vn 0 1 0
vn 0 1 0
vn 0 1 0
vn 0 1 0
vn 0 -1 0
vn 0 -1 0
vn 0 -1 0
vn 0 -1 0
vn 0 0 1
vn 0 0 1
vn 0 0 1
vn 0 0 1
vn 0 0 -1
vn 0 0 -1
vn 0 0 -1
vn 0 0 -1
f 1133/1133/1133 1135/1135/1135 1134/1134/1134
f 1135/1135/1135 1136/1136/1136 1134/1134/1134
f 1137/1137/1137 1139/1139/1139 1138/1138/1138
f 1139/1139/1139 1140/1140/1140 1138/1138/1138
f 1141/1141/1141 1143/1143/1143 1142/1142/1142
f 1143/1143/1143 1144/1144/1144 1142/1142/1142
f 1145/1145/1145 1147/1147/1147 1146/1146/1146
f 1147/1147/1147 1148/1148/1148 1146/1146/1146
f 1149/1149/1149 1151/1151/1151 1150/1150/1150
f 1151/1151/1151 1152/1152/1152 1150/1150/1150
f 1153/1153/1153 1155/1155/1155 1154/1154/1154
f 1155/1155/1155 1156/1156/1156 1154/1154/1154
o merlon_x_6_front
usemtl weathered_granite
v 2.3079999934434885 4.210000001788139 2.4739999934434893
v 2.3079999934434885 4.210000001788139 2.054000006556511
v 2.3079999934434885 3.8699999982118607 2.4739999934434893
v 2.3079999934434885 3.8699999982118607 2.054000006556511
v 1.8880000065565103 4.210000001788139 2.054000006556511
v 1.8880000065565103 4.210000001788139 2.4739999934434893
v 1.8880000065565103 3.8699999982118607 2.054000006556511
v 1.8880000065565103 3.8699999982118607 2.4739999934434893
v 1.8880000065565103 4.210000001788139 2.054000006556511
v 2.3079999934434885 4.210000001788139 2.054000006556511
v 1.8880000065565103 4.210000001788139 2.4739999934434893
v 2.3079999934434885 4.210000001788139 2.4739999934434893
v 1.8880000065565103 3.8699999982118607 2.4739999934434893
v 2.3079999934434885 3.8699999982118607 2.4739999934434893
v 1.8880000065565103 3.8699999982118607 2.054000006556511
v 2.3079999934434885 3.8699999982118607 2.054000006556511
v 1.8880000065565103 4.210000001788139 2.4739999934434893
v 2.3079999934434885 4.210000001788139 2.4739999934434893
v 1.8880000065565103 3.8699999982118607 2.4739999934434893
v 2.3079999934434885 3.8699999982118607 2.4739999934434893
v 2.3079999934434885 4.210000001788139 2.054000006556511
v 1.8880000065565103 4.210000001788139 2.054000006556511
v 2.3079999934434885 3.8699999982118607 2.054000006556511
v 1.8880000065565103 3.8699999982118607 2.054000006556511
vt 0 1
vt 1 1
vt 0 0
vt 1 0
vt 0 1
vt 1 1
vt 0 0
vt 1 0
vt 0 1
vt 1 1
vt 0 0
vt 1 0
vt 0 1
vt 1 1
vt 0 0
vt 1 0
vt 0 1
vt 1 1
vt 0 0
vt 1 0
vt 0 1
vt 1 1
vt 0 0
vt 1 0
vn 1 0 0
vn 1 0 0
vn 1 0 0
vn 1 0 0
vn -1 0 0
vn -1 0 0
vn -1 0 0
vn -1 0 0
vn 0 1 0
vn 0 1 0
vn 0 1 0
vn 0 1 0
vn 0 -1 0
vn 0 -1 0
vn 0 -1 0
vn 0 -1 0
vn 0 0 1
vn 0 0 1
vn 0 0 1
vn 0 0 1
vn 0 0 -1
vn 0 0 -1
vn 0 0 -1
vn 0 0 -1
f 1157/1157/1157 1159/1159/1159 1158/1158/1158
f 1159/1159/1159 1160/1160/1160 1158/1158/1158
f 1161/1161/1161 1163/1163/1163 1162/1162/1162
f 1163/1163/1163 1164/1164/1164 1162/1162/1162
f 1165/1165/1165 1167/1167/1167 1166/1166/1166
f 1167/1167/1167 1168/1168/1168 1166/1166/1166
f 1169/1169/1169 1171/1171/1171 1170/1170/1170
f 1171/1171/1171 1172/1172/1172 1170/1170/1170
f 1173/1173/1173 1175/1175/1175 1174/1174/1174
f 1175/1175/1175 1176/1176/1176 1174/1174/1174
f 1177/1177/1177 1179/1179/1179 1178/1178/1178
f 1179/1179/1179 1180/1180/1180 1178/1178/1178
o merlon_x_6_back
usemtl weathered_granite
v 2.3079999934434885 4.210000001788139 -2.054000006556511
v 2.3079999934434885 4.210000001788139 -2.4739999934434893
v 2.3079999934434885 3.8699999982118607 -2.054000006556511
v 2.3079999934434885 3.8699999982118607 -2.4739999934434893
v 1.8880000065565103 4.210000001788139 -2.4739999934434893
v 1.8880000065565103 4.210000001788139 -2.054000006556511
v 1.8880000065565103 3.8699999982118607 -2.4739999934434893
v 1.8880000065565103 3.8699999982118607 -2.054000006556511
v 1.8880000065565103 4.210000001788139 -2.4739999934434893
v 2.3079999934434885 4.210000001788139 -2.4739999934434893
v 1.8880000065565103 4.210000001788139 -2.054000006556511
v 2.3079999934434885 4.210000001788139 -2.054000006556511
v 1.8880000065565103 3.8699999982118607 -2.054000006556511
v 2.3079999934434885 3.8699999982118607 -2.054000006556511
v 1.8880000065565103 3.8699999982118607 -2.4739999934434893
v 2.3079999934434885 3.8699999982118607 -2.4739999934434893
v 1.8880000065565103 4.210000001788139 -2.054000006556511
v 2.3079999934434885 4.210000001788139 -2.054000006556511
v 1.8880000065565103 3.8699999982118607 -2.054000006556511
v 2.3079999934434885 3.8699999982118607 -2.054000006556511
v 2.3079999934434885 4.210000001788139 -2.4739999934434893
v 1.8880000065565103 4.210000001788139 -2.4739999934434893
v 2.3079999934434885 3.8699999982118607 -2.4739999934434893
v 1.8880000065565103 3.8699999982118607 -2.4739999934434893
vt 0 1
vt 1 1
vt 0 0
vt 1 0
vt 0 1
vt 1 1
vt 0 0
vt 1 0
vt 0 1
vt 1 1
vt 0 0
vt 1 0
vt 0 1
vt 1 1
vt 0 0
vt 1 0
vt 0 1
vt 1 1
vt 0 0
vt 1 0
vt 0 1
vt 1 1
vt 0 0
vt 1 0
vn 1 0 0
vn 1 0 0
vn 1 0 0
vn 1 0 0
vn -1 0 0
vn -1 0 0
vn -1 0 0
vn -1 0 0
vn 0 1 0
vn 0 1 0
vn 0 1 0
vn 0 1 0
vn 0 -1 0
vn 0 -1 0
vn 0 -1 0
vn 0 -1 0
vn 0 0 1
vn 0 0 1
vn 0 0 1
vn 0 0 1
vn 0 0 -1
vn 0 0 -1
vn 0 0 -1
vn 0 0 -1
f 1181/1181/1181 1183/1183/1183 1182/1182/1182
f 1183/1183/1183 1184/1184/1184 1182/1182/1182
f 1185/1185/1185 1187/1187/1187 1186/1186/1186
f 1187/1187/1187 1188/1188/1188 1186/1186/1186
f 1189/1189/1189 1191/1191/1191 1190/1190/1190
f 1191/1191/1191 1192/1192/1192 1190/1190/1190
f 1193/1193/1193 1195/1195/1195 1194/1194/1194
f 1195/1195/1195 1196/1196/1196 1194/1194/1194
f 1197/1197/1197 1199/1199/1199 1198/1198/1198
f 1199/1199/1199 1200/1200/1200 1198/1198/1198
f 1201/1201/1201 1203/1203/1203 1202/1202/1202
f 1203/1203/1203 1204/1204/1204 1202/1202/1202
o merlon_z_0_right
usemtl weathered_granite
v 3.2119999934434893 4.210000001788139 -1.6340000065565112
v 3.2119999934434893 4.210000001788139 -2.0539999934434894
v 3.2119999934434893 3.8699999982118607 -1.6340000065565112
v 3.2119999934434893 3.8699999982118607 -2.0539999934434894
v 2.792000006556511 4.210000001788139 -2.0539999934434894
v 2.792000006556511 4.210000001788139 -1.6340000065565112
v 2.792000006556511 3.8699999982118607 -2.0539999934434894
v 2.792000006556511 3.8699999982118607 -1.6340000065565112
v 2.792000006556511 4.210000001788139 -2.0539999934434894
v 3.2119999934434893 4.210000001788139 -2.0539999934434894
v 2.792000006556511 4.210000001788139 -1.6340000065565112
v 3.2119999934434893 4.210000001788139 -1.6340000065565112
v 2.792000006556511 3.8699999982118607 -1.6340000065565112
v 3.2119999934434893 3.8699999982118607 -1.6340000065565112
v 2.792000006556511 3.8699999982118607 -2.0539999934434894
v 3.2119999934434893 3.8699999982118607 -2.0539999934434894
v 2.792000006556511 4.210000001788139 -1.6340000065565112
v 3.2119999934434893 4.210000001788139 -1.6340000065565112
v 2.792000006556511 3.8699999982118607 -1.6340000065565112
v 3.2119999934434893 3.8699999982118607 -1.6340000065565112
v 3.2119999934434893 4.210000001788139 -2.0539999934434894
v 2.792000006556511 4.210000001788139 -2.0539999934434894
v 3.2119999934434893 3.8699999982118607 -2.0539999934434894
v 2.792000006556511 3.8699999982118607 -2.0539999934434894
vt 0 1
vt 1 1
vt 0 0
vt 1 0
vt 0 1
vt 1 1
vt 0 0
vt 1 0
vt 0 1
vt 1 1
vt 0 0
vt 1 0
vt 0 1
vt 1 1
vt 0 0
vt 1 0
vt 0 1
vt 1 1
vt 0 0
vt 1 0
vt 0 1
vt 1 1
vt 0 0
vt 1 0
vn 1 0 0
vn 1 0 0
vn 1 0 0
vn 1 0 0
vn -1 0 0
vn -1 0 0
vn -1 0 0
vn -1 0 0
vn 0 1 0
vn 0 1 0
vn 0 1 0
vn 0 1 0
vn 0 -1 0
vn 0 -1 0
vn 0 -1 0
vn 0 -1 0
vn 0 0 1
vn 0 0 1
vn 0 0 1
vn 0 0 1
vn 0 0 -1
vn 0 0 -1
vn 0 0 -1
vn 0 0 -1
f 1205/1205/1205 1207/1207/1207 1206/1206/1206
f 1207/1207/1207 1208/1208/1208 1206/1206/1206
f 1209/1209/1209 1211/1211/1211 1210/1210/1210
f 1211/1211/1211 1212/1212/1212 1210/1210/1210
f 1213/1213/1213 1215/1215/1215 1214/1214/1214
f 1215/1215/1215 1216/1216/1216 1214/1214/1214
f 1217/1217/1217 1219/1219/1219 1218/1218/1218
f 1219/1219/1219 1220/1220/1220 1218/1218/1218
f 1221/1221/1221 1223/1223/1223 1222/1222/1222
f 1223/1223/1223 1224/1224/1224 1222/1222/1222
f 1225/1225/1225 1227/1227/1227 1226/1226/1226
f 1227/1227/1227 1228/1228/1228 1226/1226/1226
o merlon_z_0_left
usemtl weathered_granite
v -2.792000006556511 4.210000001788139 -1.6340000065565112
v -2.792000006556511 4.210000001788139 -2.0539999934434894
v -2.792000006556511 3.8699999982118607 -1.6340000065565112
v -2.792000006556511 3.8699999982118607 -2.0539999934434894
v -3.2119999934434893 4.210000001788139 -2.0539999934434894
v -3.2119999934434893 4.210000001788139 -1.6340000065565112
v -3.2119999934434893 3.8699999982118607 -2.0539999934434894
v -3.2119999934434893 3.8699999982118607 -1.6340000065565112
v -3.2119999934434893 4.210000001788139 -2.0539999934434894
v -2.792000006556511 4.210000001788139 -2.0539999934434894
v -3.2119999934434893 4.210000001788139 -1.6340000065565112
v -2.792000006556511 4.210000001788139 -1.6340000065565112
v -3.2119999934434893 3.8699999982118607 -1.6340000065565112
v -2.792000006556511 3.8699999982118607 -1.6340000065565112
v -3.2119999934434893 3.8699999982118607 -2.0539999934434894
v -2.792000006556511 3.8699999982118607 -2.0539999934434894
v -3.2119999934434893 4.210000001788139 -1.6340000065565112
v -2.792000006556511 4.210000001788139 -1.6340000065565112
v -3.2119999934434893 3.8699999982118607 -1.6340000065565112
v -2.792000006556511 3.8699999982118607 -1.6340000065565112
v -2.792000006556511 4.210000001788139 -2.0539999934434894
v -3.2119999934434893 4.210000001788139 -2.0539999934434894
v -2.792000006556511 3.8699999982118607 -2.0539999934434894
v -3.2119999934434893 3.8699999982118607 -2.0539999934434894
vt 0 1
vt 1 1
vt 0 0
vt 1 0
vt 0 1
vt 1 1
vt 0 0
vt 1 0
vt 0 1
vt 1 1
vt 0 0
vt 1 0
vt 0 1
vt 1 1
vt 0 0
vt 1 0
vt 0 1
vt 1 1
vt 0 0
vt 1 0
vt 0 1
vt 1 1
vt 0 0
vt 1 0
vn 1 0 0
vn 1 0 0
vn 1 0 0
vn 1 0 0
vn -1 0 0
vn -1 0 0
vn -1 0 0
vn -1 0 0
vn 0 1 0
vn 0 1 0
vn 0 1 0
vn 0 1 0
vn 0 -1 0
vn 0 -1 0
vn 0 -1 0
vn 0 -1 0
vn 0 0 1
vn 0 0 1
vn 0 0 1
vn 0 0 1
vn 0 0 -1
vn 0 0 -1
vn 0 0 -1
vn 0 0 -1
f 1229/1229/1229 1231/1231/1231 1230/1230/1230
f 1231/1231/1231 1232/1232/1232 1230/1230/1230
f 1233/1233/1233 1235/1235/1235 1234/1234/1234
f 1235/1235/1235 1236/1236/1236 1234/1234/1234
f 1237/1237/1237 1239/1239/1239 1238/1238/1238
f 1239/1239/1239 1240/1240/1240 1238/1238/1238
f 1241/1241/1241 1243/1243/1243 1242/1242/1242
f 1243/1243/1243 1244/1244/1244 1242/1242/1242
f 1245/1245/1245 1247/1247/1247 1246/1246/1246
f 1247/1247/1247 1248/1248/1248 1246/1246/1246
f 1249/1249/1249 1251/1251/1251 1250/1250/1250
f 1251/1251/1251 1252/1252/1252 1250/1250/1250
o merlon_z_1_right
usemtl weathered_granite
v 3.2119999934434893 4.210000001788139 -0.8540000065565112
v 3.2119999934434893 4.210000001788139 -1.2739999934434894
v 3.2119999934434893 3.8699999982118607 -0.8540000065565112
v 3.2119999934434893 3.8699999982118607 -1.2739999934434894
v 2.792000006556511 4.210000001788139 -1.2739999934434894
v 2.792000006556511 4.210000001788139 -0.8540000065565112
v 2.792000006556511 3.8699999982118607 -1.2739999934434894
v 2.792000006556511 3.8699999982118607 -0.8540000065565112
v 2.792000006556511 4.210000001788139 -1.2739999934434894
v 3.2119999934434893 4.210000001788139 -1.2739999934434894
v 2.792000006556511 4.210000001788139 -0.8540000065565112
v 3.2119999934434893 4.210000001788139 -0.8540000065565112
v 2.792000006556511 3.8699999982118607 -0.8540000065565112
v 3.2119999934434893 3.8699999982118607 -0.8540000065565112
v 2.792000006556511 3.8699999982118607 -1.2739999934434894
v 3.2119999934434893 3.8699999982118607 -1.2739999934434894
v 2.792000006556511 4.210000001788139 -0.8540000065565112
v 3.2119999934434893 4.210000001788139 -0.8540000065565112
v 2.792000006556511 3.8699999982118607 -0.8540000065565112
v 3.2119999934434893 3.8699999982118607 -0.8540000065565112
v 3.2119999934434893 4.210000001788139 -1.2739999934434894
v 2.792000006556511 4.210000001788139 -1.2739999934434894
v 3.2119999934434893 3.8699999982118607 -1.2739999934434894
v 2.792000006556511 3.8699999982118607 -1.2739999934434894
vt 0 1
vt 1 1
vt 0 0
vt 1 0
vt 0 1
vt 1 1
vt 0 0
vt 1 0
vt 0 1
vt 1 1
vt 0 0
vt 1 0
vt 0 1
vt 1 1
vt 0 0
vt 1 0
vt 0 1
vt 1 1
vt 0 0
vt 1 0
vt 0 1
vt 1 1
vt 0 0
vt 1 0
vn 1 0 0
vn 1 0 0
vn 1 0 0
vn 1 0 0
vn -1 0 0
vn -1 0 0
vn -1 0 0
vn -1 0 0
vn 0 1 0
vn 0 1 0
vn 0 1 0
vn 0 1 0
vn 0 -1 0
vn 0 -1 0
vn 0 -1 0
vn 0 -1 0
vn 0 0 1
vn 0 0 1
vn 0 0 1
vn 0 0 1
vn 0 0 -1
vn 0 0 -1
vn 0 0 -1
vn 0 0 -1
f 1253/1253/1253 1255/1255/1255 1254/1254/1254
f 1255/1255/1255 1256/1256/1256 1254/1254/1254
f 1257/1257/1257 1259/1259/1259 1258/1258/1258
f 1259/1259/1259 1260/1260/1260 1258/1258/1258
f 1261/1261/1261 1263/1263/1263 1262/1262/1262
f 1263/1263/1263 1264/1264/1264 1262/1262/1262
f 1265/1265/1265 1267/1267/1267 1266/1266/1266
f 1267/1267/1267 1268/1268/1268 1266/1266/1266
f 1269/1269/1269 1271/1271/1271 1270/1270/1270
f 1271/1271/1271 1272/1272/1272 1270/1270/1270
f 1273/1273/1273 1275/1275/1275 1274/1274/1274
f 1275/1275/1275 1276/1276/1276 1274/1274/1274
o merlon_z_1_left
usemtl weathered_granite
v -2.792000006556511 4.210000001788139 -0.8540000065565112
v -2.792000006556511 4.210000001788139 -1.2739999934434894
v -2.792000006556511 3.8699999982118607 -0.8540000065565112
v -2.792000006556511 3.8699999982118607 -1.2739999934434894
v -3.2119999934434893 4.210000001788139 -1.2739999934434894
v -3.2119999934434893 4.210000001788139 -0.8540000065565112
v -3.2119999934434893 3.8699999982118607 -1.2739999934434894
v -3.2119999934434893 3.8699999982118607 -0.8540000065565112
v -3.2119999934434893 4.210000001788139 -1.2739999934434894
v -2.792000006556511 4.210000001788139 -1.2739999934434894
v -3.2119999934434893 4.210000001788139 -0.8540000065565112
v -2.792000006556511 4.210000001788139 -0.8540000065565112
v -3.2119999934434893 3.8699999982118607 -0.8540000065565112
v -2.792000006556511 3.8699999982118607 -0.8540000065565112
v -3.2119999934434893 3.8699999982118607 -1.2739999934434894
v -2.792000006556511 3.8699999982118607 -1.2739999934434894
v -3.2119999934434893 4.210000001788139 -0.8540000065565112
v -2.792000006556511 4.210000001788139 -0.8540000065565112
v -3.2119999934434893 3.8699999982118607 -0.8540000065565112
v -2.792000006556511 3.8699999982118607 -0.8540000065565112
v -2.792000006556511 4.210000001788139 -1.2739999934434894
v -3.2119999934434893 4.210000001788139 -1.2739999934434894
v -2.792000006556511 3.8699999982118607 -1.2739999934434894
v -3.2119999934434893 3.8699999982118607 -1.2739999934434894
vt 0 1
vt 1 1
vt 0 0
vt 1 0
vt 0 1
vt 1 1
vt 0 0
vt 1 0
vt 0 1
vt 1 1
vt 0 0
vt 1 0
vt 0 1
vt 1 1
vt 0 0
vt 1 0
vt 0 1
vt 1 1
vt 0 0
vt 1 0
vt 0 1
vt 1 1
vt 0 0
vt 1 0
vn 1 0 0
vn 1 0 0
vn 1 0 0
vn 1 0 0
vn -1 0 0
vn -1 0 0
vn -1 0 0
vn -1 0 0
vn 0 1 0
vn 0 1 0
vn 0 1 0
vn 0 1 0
vn 0 -1 0
vn 0 -1 0
vn 0 -1 0
vn 0 -1 0
vn 0 0 1
vn 0 0 1
vn 0 0 1
vn 0 0 1
vn 0 0 -1
vn 0 0 -1
vn 0 0 -1
vn 0 0 -1
f 1277/1277/1277 1279/1279/1279 1278/1278/1278
f 1279/1279/1279 1280/1280/1280 1278/1278/1278
f 1281/1281/1281 1283/1283/1283 1282/1282/1282
f 1283/1283/1283 1284/1284/1284 1282/1282/1282
f 1285/1285/1285 1287/1287/1287 1286/1286/1286
f 1287/1287/1287 1288/1288/1288 1286/1286/1286
f 1289/1289/1289 1291/1291/1291 1290/1290/1290
f 1291/1291/1291 1292/1292/1292 1290/1290/1290
f 1293/1293/1293 1295/1295/1295 1294/1294/1294
f 1295/1295/1295 1296/1296/1296 1294/1294/1294
f 1297/1297/1297 1299/1299/1299 1298/1298/1298
f 1299/1299/1299 1300/1300/1300 1298/1298/1298
o merlon_z_2_right
usemtl weathered_granite
v 3.2119999934434893 4.210000001788139 -0.07400000655651118
v 3.2119999934434893 4.210000001788139 -0.4939999934434893
v 3.2119999934434893 3.8699999982118607 -0.07400000655651118
v 3.2119999934434893 3.8699999982118607 -0.4939999934434893
v 2.792000006556511 4.210000001788139 -0.4939999934434893
v 2.792000006556511 4.210000001788139 -0.07400000655651118
v 2.792000006556511 3.8699999982118607 -0.4939999934434893
v 2.792000006556511 3.8699999982118607 -0.07400000655651118
v 2.792000006556511 4.210000001788139 -0.4939999934434893
v 3.2119999934434893 4.210000001788139 -0.4939999934434893
v 2.792000006556511 4.210000001788139 -0.07400000655651118
v 3.2119999934434893 4.210000001788139 -0.07400000655651118
v 2.792000006556511 3.8699999982118607 -0.07400000655651118
v 3.2119999934434893 3.8699999982118607 -0.07400000655651118
v 2.792000006556511 3.8699999982118607 -0.4939999934434893
v 3.2119999934434893 3.8699999982118607 -0.4939999934434893
v 2.792000006556511 4.210000001788139 -0.07400000655651118
v 3.2119999934434893 4.210000001788139 -0.07400000655651118
v 2.792000006556511 3.8699999982118607 -0.07400000655651118
v 3.2119999934434893 3.8699999982118607 -0.07400000655651118
v 3.2119999934434893 4.210000001788139 -0.4939999934434893
v 2.792000006556511 4.210000001788139 -0.4939999934434893
v 3.2119999934434893 3.8699999982118607 -0.4939999934434893
v 2.792000006556511 3.8699999982118607 -0.4939999934434893
vt 0 1
vt 1 1
vt 0 0
vt 1 0
vt 0 1
vt 1 1
vt 0 0
vt 1 0
vt 0 1
vt 1 1
vt 0 0
vt 1 0
vt 0 1
vt 1 1
vt 0 0
vt 1 0
vt 0 1
vt 1 1
vt 0 0
vt 1 0
vt 0 1
vt 1 1
vt 0 0
vt 1 0
vn 1 0 0
vn 1 0 0
vn 1 0 0
vn 1 0 0
vn -1 0 0
vn -1 0 0
vn -1 0 0
vn -1 0 0
vn 0 1 0
vn 0 1 0
vn 0 1 0
vn 0 1 0
vn 0 -1 0
vn 0 -1 0
vn 0 -1 0
vn 0 -1 0
vn 0 0 1
vn 0 0 1
vn 0 0 1
vn 0 0 1
vn 0 0 -1
vn 0 0 -1
vn 0 0 -1
vn 0 0 -1
f 1301/1301/1301 1303/1303/1303 1302/1302/1302
f 1303/1303/1303 1304/1304/1304 1302/1302/1302
f 1305/1305/1305 1307/1307/1307 1306/1306/1306
f 1307/1307/1307 1308/1308/1308 1306/1306/1306
f 1309/1309/1309 1311/1311/1311 1310/1310/1310
f 1311/1311/1311 1312/1312/1312 1310/1310/1310
f 1313/1313/1313 1315/1315/1315 1314/1314/1314
f 1315/1315/1315 1316/1316/1316 1314/1314/1314
f 1317/1317/1317 1319/1319/1319 1318/1318/1318
f 1319/1319/1319 1320/1320/1320 1318/1318/1318
f 1321/1321/1321 1323/1323/1323 1322/1322/1322
f 1323/1323/1323 1324/1324/1324 1322/1322/1322
o merlon_z_2_left
usemtl weathered_granite
v -2.792000006556511 4.210000001788139 -0.07400000655651118
v -2.792000006556511 4.210000001788139 -0.4939999934434893
v -2.792000006556511 3.8699999982118607 -0.07400000655651118
v -2.792000006556511 3.8699999982118607 -0.4939999934434893
v -3.2119999934434893 4.210000001788139 -0.4939999934434893
v -3.2119999934434893 4.210000001788139 -0.07400000655651118
v -3.2119999934434893 3.8699999982118607 -0.4939999934434893
v -3.2119999934434893 3.8699999982118607 -0.07400000655651118
v -3.2119999934434893 4.210000001788139 -0.4939999934434893
v -2.792000006556511 4.210000001788139 -0.4939999934434893
v -3.2119999934434893 4.210000001788139 -0.07400000655651118
v -2.792000006556511 4.210000001788139 -0.07400000655651118
v -3.2119999934434893 3.8699999982118607 -0.07400000655651118
v -2.792000006556511 3.8699999982118607 -0.07400000655651118
v -3.2119999934434893 3.8699999982118607 -0.4939999934434893
v -2.792000006556511 3.8699999982118607 -0.4939999934434893
v -3.2119999934434893 4.210000001788139 -0.07400000655651118
v -2.792000006556511 4.210000001788139 -0.07400000655651118
v -3.2119999934434893 3.8699999982118607 -0.07400000655651118
v -2.792000006556511 3.8699999982118607 -0.07400000655651118
v -2.792000006556511 4.210000001788139 -0.4939999934434893
v -3.2119999934434893 4.210000001788139 -0.4939999934434893
v -2.792000006556511 3.8699999982118607 -0.4939999934434893
v -3.2119999934434893 3.8699999982118607 -0.4939999934434893
vt 0 1
vt 1 1
vt 0 0
vt 1 0
vt 0 1
vt 1 1
vt 0 0
vt 1 0
vt 0 1
vt 1 1
vt 0 0
vt 1 0
vt 0 1
vt 1 1
vt 0 0
vt 1 0
vt 0 1
vt 1 1
vt 0 0
vt 1 0
vt 0 1
vt 1 1
vt 0 0
vt 1 0
vn 1 0 0
vn 1 0 0
vn 1 0 0
vn 1 0 0
vn -1 0 0
vn -1 0 0
vn -1 0 0
vn -1 0 0
vn 0 1 0
vn 0 1 0
vn 0 1 0
vn 0 1 0
vn 0 -1 0
vn 0 -1 0
vn 0 -1 0
vn 0 -1 0
vn 0 0 1
vn 0 0 1
vn 0 0 1
vn 0 0 1
vn 0 0 -1
vn 0 0 -1
vn 0 0 -1
vn 0 0 -1
f 1325/1325/1325 1327/1327/1327 1326/1326/1326
f 1327/1327/1327 1328/1328/1328 1326/1326/1326
f 1329/1329/1329 1331/1331/1331 1330/1330/1330
f 1331/1331/1331 1332/1332/1332 1330/1330/1330
f 1333/1333/1333 1335/1335/1335 1334/1334/1334
f 1335/1335/1335 1336/1336/1336 1334/1334/1334
f 1337/1337/1337 1339/1339/1339 1338/1338/1338
f 1339/1339/1339 1340/1340/1340 1338/1338/1338
f 1341/1341/1341 1343/1343/1343 1342/1342/1342
f 1343/1343/1343 1344/1344/1344 1342/1342/1342
f 1345/1345/1345 1347/1347/1347 1346/1346/1346
f 1347/1347/1347 1348/1348/1348 1346/1346/1346
o merlon_z_3_right
usemtl weathered_granite
v 3.2119999934434893 4.210000001788139 0.7059999934434886
v 3.2119999934434893 4.210000001788139 0.2860000065565105
v 3.2119999934434893 3.8699999982118607 0.7059999934434886
v 3.2119999934434893 3.8699999982118607 0.2860000065565105
v 2.792000006556511 4.210000001788139 0.2860000065565105
v 2.792000006556511 4.210000001788139 0.7059999934434886
v 2.792000006556511 3.8699999982118607 0.2860000065565105
v 2.792000006556511 3.8699999982118607 0.7059999934434886
v 2.792000006556511 4.210000001788139 0.2860000065565105
v 3.2119999934434893 4.210000001788139 0.2860000065565105
v 2.792000006556511 4.210000001788139 0.7059999934434886
v 3.2119999934434893 4.210000001788139 0.7059999934434886
v 2.792000006556511 3.8699999982118607 0.7059999934434886
v 3.2119999934434893 3.8699999982118607 0.7059999934434886
v 2.792000006556511 3.8699999982118607 0.2860000065565105
v 3.2119999934434893 3.8699999982118607 0.2860000065565105
v 2.792000006556511 4.210000001788139 0.7059999934434886
v 3.2119999934434893 4.210000001788139 0.7059999934434886
v 2.792000006556511 3.8699999982118607 0.7059999934434886
v 3.2119999934434893 3.8699999982118607 0.7059999934434886
v 3.2119999934434893 4.210000001788139 0.2860000065565105
v 2.792000006556511 4.210000001788139 0.2860000065565105
v 3.2119999934434893 3.8699999982118607 0.2860000065565105
v 2.792000006556511 3.8699999982118607 0.2860000065565105
vt 0 1
vt 1 1
vt 0 0
vt 1 0
vt 0 1
vt 1 1
vt 0 0
vt 1 0
vt 0 1
vt 1 1
vt 0 0
vt 1 0
vt 0 1
vt 1 1
vt 0 0
vt 1 0
vt 0 1
vt 1 1
vt 0 0
vt 1 0
vt 0 1
vt 1 1
vt 0 0
vt 1 0
vn 1 0 0
vn 1 0 0
vn 1 0 0
vn 1 0 0
vn -1 0 0
vn -1 0 0
vn -1 0 0
vn -1 0 0
vn 0 1 0
vn 0 1 0
vn 0 1 0
vn 0 1 0
vn 0 -1 0
vn 0 -1 0
vn 0 -1 0
vn 0 -1 0
vn 0 0 1
vn 0 0 1
vn 0 0 1
vn 0 0 1
vn 0 0 -1
vn 0 0 -1
vn 0 0 -1
vn 0 0 -1
f 1349/1349/1349 1351/1351/1351 1350/1350/1350
f 1351/1351/1351 1352/1352/1352 1350/1350/1350
f 1353/1353/1353 1355/1355/1355 1354/1354/1354
f 1355/1355/1355 1356/1356/1356 1354/1354/1354
f 1357/1357/1357 1359/1359/1359 1358/1358/1358
f 1359/1359/1359 1360/1360/1360 1358/1358/1358
f 1361/1361/1361 1363/1363/1363 1362/1362/1362
f 1363/1363/1363 1364/1364/1364 1362/1362/1362
f 1365/1365/1365 1367/1367/1367 1366/1366/1366
f 1367/1367/1367 1368/1368/1368 1366/1366/1366
f 1369/1369/1369 1371/1371/1371 1370/1370/1370
f 1371/1371/1371 1372/1372/1372 1370/1370/1370
o merlon_z_3_left
usemtl weathered_granite
v -2.792000006556511 4.210000001788139 0.7059999934434886
v -2.792000006556511 4.210000001788139 0.2860000065565105
v -2.792000006556511 3.8699999982118607 0.7059999934434886
v -2.792000006556511 3.8699999982118607 0.2860000065565105
v -3.2119999934434893 4.210000001788139 0.2860000065565105
v -3.2119999934434893 4.210000001788139 0.7059999934434886
v -3.2119999934434893 3.8699999982118607 0.2860000065565105
v -3.2119999934434893 3.8699999982118607 0.7059999934434886
v -3.2119999934434893 4.210000001788139 0.2860000065565105
v -2.792000006556511 4.210000001788139 0.2860000065565105
v -3.2119999934434893 4.210000001788139 0.7059999934434886
v -2.792000006556511 4.210000001788139 0.7059999934434886
v -3.2119999934434893 3.8699999982118607 0.7059999934434886
v -2.792000006556511 3.8699999982118607 0.7059999934434886
v -3.2119999934434893 3.8699999982118607 0.2860000065565105
v -2.792000006556511 3.8699999982118607 0.2860000065565105
v -3.2119999934434893 4.210000001788139 0.7059999934434886
v -2.792000006556511 4.210000001788139 0.7059999934434886
v -3.2119999934434893 3.8699999982118607 0.7059999934434886
v -2.792000006556511 3.8699999982118607 0.7059999934434886
v -2.792000006556511 4.210000001788139 0.2860000065565105
v -3.2119999934434893 4.210000001788139 0.2860000065565105
v -2.792000006556511 3.8699999982118607 0.2860000065565105
v -3.2119999934434893 3.8699999982118607 0.2860000065565105
vt 0 1
vt 1 1
vt 0 0
vt 1 0
vt 0 1
vt 1 1
vt 0 0
vt 1 0
vt 0 1
vt 1 1
vt 0 0
vt 1 0
vt 0 1
vt 1 1
vt 0 0
vt 1 0
vt 0 1
vt 1 1
vt 0 0
vt 1 0
vt 0 1
vt 1 1
vt 0 0
vt 1 0
vn 1 0 0
vn 1 0 0
vn 1 0 0
vn 1 0 0
vn -1 0 0
vn -1 0 0
vn -1 0 0
vn -1 0 0
vn 0 1 0
vn 0 1 0
vn 0 1 0
vn 0 1 0
vn 0 -1 0
vn 0 -1 0
vn 0 -1 0
vn 0 -1 0
vn 0 0 1
vn 0 0 1
vn 0 0 1
vn 0 0 1
vn 0 0 -1
vn 0 0 -1
vn 0 0 -1
vn 0 0 -1
f 1373/1373/1373 1375/1375/1375 1374/1374/1374
f 1375/1375/1375 1376/1376/1376 1374/1374/1374
f 1377/1377/1377 1379/1379/1379 1378/1378/1378
f 1379/1379/1379 1380/1380/1380 1378/1378/1378
f 1381/1381/1381 1383/1383/1383 1382/1382/1382
f 1383/1383/1383 1384/1384/1384 1382/1382/1382
f 1385/1385/1385 1387/1387/1387 1386/1386/1386
f 1387/1387/1387 1388/1388/1388 1386/1386/1386
f 1389/1389/1389 1391/1391/1391 1390/1390/1390
f 1391/1391/1391 1392/1392/1392 1390/1390/1390
f 1393/1393/1393 1395/1395/1395 1394/1394/1394
f 1395/1395/1395 1396/1396/1396 1394/1394/1394
o merlon_z_4_right
usemtl weathered_granite
v 3.2119999934434893 4.210000001788139 1.4859999934434889
v 3.2119999934434893 4.210000001788139 1.0660000065565107
v 3.2119999934434893 3.8699999982118607 1.4859999934434889
v 3.2119999934434893 3.8699999982118607 1.0660000065565107
v 2.792000006556511 4.210000001788139 1.0660000065565107
v 2.792000006556511 4.210000001788139 1.4859999934434889
v 2.792000006556511 3.8699999982118607 1.0660000065565107
v 2.792000006556511 3.8699999982118607 1.4859999934434889
v 2.792000006556511 4.210000001788139 1.0660000065565107
v 3.2119999934434893 4.210000001788139 1.0660000065565107
v 2.792000006556511 4.210000001788139 1.4859999934434889
v 3.2119999934434893 4.210000001788139 1.4859999934434889
v 2.792000006556511 3.8699999982118607 1.4859999934434889
v 3.2119999934434893 3.8699999982118607 1.4859999934434889
v 2.792000006556511 3.8699999982118607 1.0660000065565107
v 3.2119999934434893 3.8699999982118607 1.0660000065565107
v 2.792000006556511 4.210000001788139 1.4859999934434889
v 3.2119999934434893 4.210000001788139 1.4859999934434889
v 2.792000006556511 3.8699999982118607 1.4859999934434889
v 3.2119999934434893 3.8699999982118607 1.4859999934434889
v 3.2119999934434893 4.210000001788139 1.0660000065565107
v 2.792000006556511 4.210000001788139 1.0660000065565107
v 3.2119999934434893 3.8699999982118607 1.0660000065565107
v 2.792000006556511 3.8699999982118607 1.0660000065565107
vt 0 1
vt 1 1
vt 0 0
vt 1 0
vt 0 1
vt 1 1
vt 0 0
vt 1 0
vt 0 1
vt 1 1
vt 0 0
vt 1 0
vt 0 1
vt 1 1
vt 0 0
vt 1 0
vt 0 1
vt 1 1
vt 0 0
vt 1 0
vt 0 1
vt 1 1
vt 0 0
vt 1 0
vn 1 0 0
vn 1 0 0
vn 1 0 0
vn 1 0 0
vn -1 0 0
vn -1 0 0
vn -1 0 0
vn -1 0 0
vn 0 1 0
vn 0 1 0
vn 0 1 0
vn 0 1 0
vn 0 -1 0
vn 0 -1 0
vn 0 -1 0
vn 0 -1 0
vn 0 0 1
vn 0 0 1
vn 0 0 1
vn 0 0 1
vn 0 0 -1
vn 0 0 -1
vn 0 0 -1
vn 0 0 -1
f 1397/1397/1397 1399/1399/1399 1398/1398/1398
f 1399/1399/1399 1400/1400/1400 1398/1398/1398
f 1401/1401/1401 1403/1403/1403 1402/1402/1402
f 1403/1403/1403 1404/1404/1404 1402/1402/1402
f 1405/1405/1405 1407/1407/1407 1406/1406/1406
f 1407/1407/1407 1408/1408/1408 1406/1406/1406
f 1409/1409/1409 1411/1411/1411 1410/1410/1410
f 1411/1411/1411 1412/1412/1412 1410/1410/1410
f 1413/1413/1413 1415/1415/1415 1414/1414/1414
f 1415/1415/1415 1416/1416/1416 1414/1414/1414
f 1417/1417/1417 1419/1419/1419 1418/1418/1418
f 1419/1419/1419 1420/1420/1420 1418/1418/1418
o merlon_z_4_left
usemtl weathered_granite
v -2.792000006556511 4.210000001788139 1.4859999934434889
v -2.792000006556511 4.210000001788139 1.0660000065565107
v -2.792000006556511 3.8699999982118607 1.4859999934434889
v -2.792000006556511 3.8699999982118607 1.0660000065565107
v -3.2119999934434893 4.210000001788139 1.0660000065565107
v -3.2119999934434893 4.210000001788139 1.4859999934434889
v -3.2119999934434893 3.8699999982118607 1.0660000065565107
v -3.2119999934434893 3.8699999982118607 1.4859999934434889
v -3.2119999934434893 4.210000001788139 1.0660000065565107
v -2.792000006556511 4.210000001788139 1.0660000065565107
v -3.2119999934434893 4.210000001788139 1.4859999934434889
v -2.792000006556511 4.210000001788139 1.4859999934434889
v -3.2119999934434893 3.8699999982118607 1.4859999934434889
v -2.792000006556511 3.8699999982118607 1.4859999934434889
v -3.2119999934434893 3.8699999982118607 1.0660000065565107
v -2.792000006556511 3.8699999982118607 1.0660000065565107
v -3.2119999934434893 4.210000001788139 1.4859999934434889
v -2.792000006556511 4.210000001788139 1.4859999934434889
v -3.2119999934434893 3.8699999982118607 1.4859999934434889
v -2.792000006556511 3.8699999982118607 1.4859999934434889
v -2.792000006556511 4.210000001788139 1.0660000065565107
v -3.2119999934434893 4.210000001788139 1.0660000065565107
v -2.792000006556511 3.8699999982118607 1.0660000065565107
v -3.2119999934434893 3.8699999982118607 1.0660000065565107
vt 0 1
vt 1 1
vt 0 0
vt 1 0
vt 0 1
vt 1 1
vt 0 0
vt 1 0
vt 0 1
vt 1 1
vt 0 0
vt 1 0
vt 0 1
vt 1 1
vt 0 0
vt 1 0
vt 0 1
vt 1 1
vt 0 0
vt 1 0
vt 0 1
vt 1 1
vt 0 0
vt 1 0
vn 1 0 0
vn 1 0 0
vn 1 0 0
vn 1 0 0
vn -1 0 0
vn -1 0 0
vn -1 0 0
vn -1 0 0
vn 0 1 0
vn 0 1 0
vn 0 1 0
vn 0 1 0
vn 0 -1 0
vn 0 -1 0
vn 0 -1 0
vn 0 -1 0
vn 0 0 1
vn 0 0 1
vn 0 0 1
vn 0 0 1
vn 0 0 -1
vn 0 0 -1
vn 0 0 -1
vn 0 0 -1
f 1421/1421/1421 1423/1423/1423 1422/1422/1422
f 1423/1423/1423 1424/1424/1424 1422/1422/1422
f 1425/1425/1425 1427/1427/1427 1426/1426/1426
f 1427/1427/1427 1428/1428/1428 1426/1426/1426
f 1429/1429/1429 1431/1431/1431 1430/1430/1430
f 1431/1431/1431 1432/1432/1432 1430/1430/1430
f 1433/1433/1433 1435/1435/1435 1434/1434/1434
f 1435/1435/1435 1436/1436/1436 1434/1434/1434
f 1437/1437/1437 1439/1439/1439 1438/1438/1438
f 1439/1439/1439 1440/1440/1440 1438/1438/1438
f 1441/1441/1441 1443/1443/1443 1442/1442/1442
f 1443/1443/1443 1444/1444/1444 1442/1442/1442
o watchtower_front_left_shaft
usemtl weathered_granite
v -2.9000000000000004 4.35 2.850000023841858
v -2.637335562705994 4.35 2.8083980679512024
v -2.400382542610169 4.35 2.6876644492149353
v -2.212335550785065 4.35 2.4996174573898315
v -2.091601932048798 4.35 2.2626644372940063
v -2.0499999761581424 4.35 2
v -2.091601932048798 4.35 1.7373355627059937
v -2.212335550785065 4.35 1.5003825426101685
v -2.400382542610169 4.35 1.3123355507850647
v -2.637335562705994 4.35 1.1916019320487976
v -2.9000000000000004 4.35 1.149999976158142
v -3.1626644372940067 4.35 1.1916019320487976
v -3.399617457389832 4.35 1.3123355507850647
v -3.5876644492149357 4.35 1.5003825426101685
v -3.7083980679512027 4.35 1.7373355627059937
v -3.7500000238418583 4.35 1.9999999999999998
v -3.7083980679512027 4.35 2.2626644372940063
v -3.5876644492149357 4.35 2.4996174573898315
v -3.399617457389832 4.35 2.6876644492149353
v -3.1626644372940067 4.35 2.8083980679512024
v -2.9000000000000004 4.35 2.850000023841858
v -2.9000000000000004 -0.1499999999999999 2.9520000219345093
v -2.605815821886063 -0.1499999999999999 2.905405819416046
v -2.34042843580246 -0.1499999999999999 2.7701841592788696
v -2.1298158407211307 -0.1499999999999999 2.5595715641975403
v -1.9945941805839542 -0.1499999999999999 2.2941841781139374
v -1.947999978065491 -0.1499999999999999 2
v -1.9945941805839542 -0.1499999999999999 1.7058158218860626
v -2.1298158407211307 -0.1499999999999999 1.4404284358024597
v -2.34042843580246 -0.1499999999999999 1.2298158407211304
v -2.605815821886063 -0.1499999999999999 1.0945941805839539
v -2.9000000000000004 -0.1499999999999999 1.0479999780654907
v -3.1941841781139377 -0.1499999999999999 1.0945941805839539
v -3.4595715641975406 -0.1499999999999999 1.2298158407211304
v -3.67018415927887 -0.1499999999999999 1.4404284358024597
v -3.8054058194160465 -0.1499999999999999 1.7058158218860626
v -3.8520000219345096 -0.1499999999999999 1.9999999999999998
v -3.8054058194160465 -0.1499999999999999 2.2941841781139374
v -3.67018415927887 -0.1499999999999999 2.5595715641975403
v -3.4595715641975406 -0.1499999999999999 2.7701841592788696
v -3.1941841781139377 -0.1499999999999999 2.905405819416046
v -2.900000000000001 -0.1499999999999999 2.9520000219345093
v -2.9000000000000004 4.35 2
v -2.9000000000000004 4.35 2
v -2.9000000000000004 4.35 2
v -2.9000000000000004 4.35 2
v -2.9000000000000004 4.35 2
v -2.9000000000000004 4.35 2
v -2.9000000000000004 4.35 2
v -2.9000000000000004 4.35 2
v -2.9000000000000004 4.35 2
v -2.9000000000000004 4.35 2
v -2.9000000000000004 4.35 2
v -2.9000000000000004 4.35 2
v -2.9000000000000004 4.35 2
v -2.9000000000000004 4.35 2
v -2.9000000000000004 4.35 2
v -2.9000000000000004 4.35 2
v -2.9000000000000004 4.35 2
v -2.9000000000000004 4.35 2
v -2.9000000000000004 4.35 2
v -2.9000000000000004 4.35 2
v -2.9000000000000004 4.35 2.850000023841858
v -2.637335562705994 4.35 2.8083980679512024
v -2.400382542610169 4.35 2.6876644492149353
v -2.212335550785065 4.35 2.4996174573898315
v -2.091601932048798 4.35 2.2626644372940063
v -2.0499999761581424 4.35 2
v -2.091601932048798 4.35 1.7373355627059937
v -2.212335550785065 4.35 1.5003825426101685
v -2.400382542610169 4.35 1.3123355507850647
v -2.637335562705994 4.35 1.1916019320487976
v -2.9000000000000004 4.35 1.149999976158142
v -3.1626644372940067 4.35 1.1916019320487976
v -3.399617457389832 4.35 1.3123355507850647
v -3.5876644492149357 4.35 1.5003825426101685
v -3.7083980679512027 4.35 1.7373355627059937
v -3.7500000238418583 4.35 1.9999999999999998
v -3.7083980679512027 4.35 2.2626644372940063
v -3.5876644492149357 4.35 2.4996174573898315
v -3.399617457389832 4.35 2.6876644492149353
v -3.1626644372940067 4.35 2.8083980679512024
v -2.9000000000000004 4.35 2.850000023841858
v -2.9000000000000004 -0.1499999999999999 2
v -2.9000000000000004 -0.1499999999999999 2
v -2.9000000000000004 -0.1499999999999999 2
v -2.9000000000000004 -0.1499999999999999 2
v -2.9000000000000004 -0.1499999999999999 2
v -2.9000000000000004 -0.1499999999999999 2
v -2.9000000000000004 -0.1499999999999999 2
v -2.9000000000000004 -0.1499999999999999 2
v -2.9000000000000004 -0.1499999999999999 2
v -2.9000000000000004 -0.1499999999999999 2
v -2.9000000000000004 -0.1499999999999999 2
v -2.9000000000000004 -0.1499999999999999 2
v -2.9000000000000004 -0.1499999999999999 2
v -2.9000000000000004 -0.1499999999999999 2
v -2.9000000000000004 -0.1499999999999999 2
v -2.9000000000000004 -0.1499999999999999 2
v -2.9000000000000004 -0.1499999999999999 2
v -2.9000000000000004 -0.1499999999999999 2
v -2.9000000000000004 -0.1499999999999999 2
v -2.9000000000000004 -0.1499999999999999 2
v -2.9000000000000004 -0.1499999999999999 2.9520000219345093
v -2.605815821886063 -0.1499999999999999 2.905405819416046
v -2.34042843580246 -0.1499999999999999 2.7701841592788696
v -2.1298158407211307 -0.1499999999999999 2.5595715641975403
v -1.9945941805839542 -0.1499999999999999 2.2941841781139374
v -1.947999978065491 -0.1499999999999999 2
v -1.9945941805839542 -0.1499999999999999 1.7058158218860626
v -2.1298158407211307 -0.1499999999999999 1.4404284358024597
v -2.34042843580246 -0.1499999999999999 1.2298158407211304
v -2.605815821886063 -0.1499999999999999 1.0945941805839539
v -2.9000000000000004 -0.1499999999999999 1.0479999780654907
v -3.1941841781139377 -0.1499999999999999 1.0945941805839539
v -3.4595715641975406 -0.1499999999999999 1.2298158407211304
v -3.67018415927887 -0.1499999999999999 1.4404284358024597
v -3.8054058194160465 -0.1499999999999999 1.7058158218860626
v -3.8520000219345096 -0.1499999999999999 1.9999999999999998
v -3.8054058194160465 -0.1499999999999999 2.2941841781139374
v -3.67018415927887 -0.1499999999999999 2.5595715641975403
v -3.4595715641975406 -0.1499999999999999 2.7701841592788696
v -3.1941841781139377 -0.1499999999999999 2.905405819416046
v -2.900000000000001 -0.1499999999999999 2.9520000219345093
vt 0 1
vt 0.05000000074505806 1
vt 0.10000000149011612 1
vt 0.15000000596046448 1
vt 0.20000000298023224 1
vt 0.25 1
vt 0.30000001192092896 1
vt 0.3499999940395355 1
vt 0.4000000059604645 1
vt 0.44999998807907104 1
vt 0.5 1
vt 0.550000011920929 1
vt 0.6000000238418579 1
vt 0.6499999761581421 1
vt 0.699999988079071 1
vt 0.75 1
vt 0.800000011920929 1
vt 0.8500000238418579 1
vt 0.8999999761581421 1
vt 0.949999988079071 1
vt 1 1
vt 0 0
vt 0.05000000074505806 0
vt 0.10000000149011612 0
vt 0.15000000596046448 0
vt 0.20000000298023224 0
vt 0.25 0
vt 0.30000001192092896 0
vt 0.3499999940395355 0
vt 0.4000000059604645 0
vt 0.44999998807907104 0
vt 0.5 0
vt 0.550000011920929 0
vt 0.6000000238418579 0
vt 0.6499999761581421 0
vt 0.699999988079071 0
vt 0.75 0
vt 0.800000011920929 0
vt 0.8500000238418579 0
vt 0.8999999761581421 0
vt 0.949999988079071 0
vt 1 0
vt 0.5 0.5
vt 0.5 0.5
vt 0.5 0.5
vt 0.5 0.5
vt 0.5 0.5
vt 0.5 0.5
vt 0.5 0.5
vt 0.5 0.5
vt 0.5 0.5
vt 0.5 0.5
vt 0.5 0.5
vt 0.5 0.5
vt 0.5 0.5
vt 0.5 0.5
vt 0.5 0.5
vt 0.5 0.5
vt 0.5 0.5
vt 0.5 0.5
vt 0.5 0.5
vt 0.5 0.5
vt 1 0.5
vt 0.9755282402038574 0.6545084714889526
vt 0.9045084714889526 0.7938926219940186
vt 0.7938926219940186 0.9045084714889526
vt 0.6545084714889526 0.9755282402038574
vt 0.5 1
vt 0.345491498708725 0.9755282402038574
vt 0.20610737800598145 0.9045084714889526
vt 0.09549150615930557 0.7938926219940186
vt 0.024471741169691086 0.6545084714889526
vt 0 0.5
vt 0.024471741169691086 0.345491498708725
vt 0.09549150615930557 0.20610737800598145
vt 0.20610737800598145 0.09549150615930557
vt 0.345491498708725 0.024471741169691086
vt 0.5 0
vt 0.6545084714889526 0.024471741169691086
vt 0.7938926219940186 0.09549150615930557
vt 0.9045084714889526 0.20610737800598145
vt 0.9755282402038574 0.345491498708725
vt 1 0.5
vt 0.5 0.5
vt 0.5 0.5
vt 0.5 0.5
vt 0.5 0.5
vt 0.5 0.5
vt 0.5 0.5
vt 0.5 0.5
vt 0.5 0.5
vt 0.5 0.5
vt 0.5 0.5
vt 0.5 0.5
vt 0.5 0.5
vt 0.5 0.5
vt 0.5 0.5
vt 0.5 0.5
vt 0.5 0.5
vt 0.5 0.5
vt 0.5 0.5
vt 0.5 0.5
vt 0.5 0.5
vt 1 0.5
vt 0.9755282402038574 0.345491498708725
vt 0.9045084714889526 0.20610737800598145
vt 0.7938926219940186 0.09549150615930557
vt 0.6545084714889526 0.024471741169691086
vt 0.5 0
vt 0.345491498708725 0.024471741169691086
vt 0.20610737800598145 0.09549150615930557
vt 0.09549150615930557 0.20610737800598145
vt 0.024471741169691086 0.345491498708725
vt 0 0.5
vt 0.024471741169691086 0.6545084714889526
vt 0.09549150615930557 0.7938926219940186
vt 0.20610737800598145 0.9045084714889526
vt 0.345491498708725 0.9755282402038574
vt 0.5 1
vt 0.6545084714889526 0.9755282402038574
vt 0.7938926219940186 0.9045084714889526
vt 0.9045084714889526 0.7938926219940186
vt 0.9755282402038574 0.6545084714889526
vt 1 0.5
vn 0 0.022660845593201473 0.999743210067966
vn 0.30893764349870034 0.0226608462207692 0.950812294029704
vn 0.5876343339820472 0.022660846235955264 0.8088092331157863
vn 0.8088092331157863 0.022660846235955264 0.5876343339820472
vn 0.950812294029704 0.0226608462207692 0.30893764349870034
vn 0.999743210067966 0.022660845593201473 6.121661215921845e-17
vn 0.950812294029704 0.0226608462207692 -0.30893764349870034
vn 0.8088092331157863 0.022660846235955264 -0.5876343339820472
vn 0.5876343339820472 0.022660846235955264 -0.8088092331157863
vn 0.30893764349870034 0.0226608462207692 -0.950812294029704
vn 1.224332243184369e-16 0.022660845593201473 -0.999743210067966
vn -0.30893764349870034 0.0226608462207692 -0.950812294029704
vn -0.5876343339820472 0.022660846235955264 -0.8088092331157863
vn -0.8088092331157863 0.022660846235955264 -0.5876343339820472
vn -0.950812294029704 0.0226608462207692 -0.30893764349870034
vn -0.999743210067966 0.022660845593201473 -1.8364984309510017e-16
vn -0.950812294029704 0.0226608462207692 0.30893764349870034
vn -0.8088092331157863 0.022660846235955264 0.5876343339820472
vn -0.5876343339820472 0.022660846235955264 0.8088092331157863
vn -0.30893764349870034 0.0226608462207692 0.950812294029704
vn -2.448664486368738e-16 0.022660845593201473 0.999743210067966
vn 0 0.022660845593201473 0.999743210067966
vn 0.30893764349870034 0.0226608462207692 0.950812294029704
vn 0.5876343339820472 0.022660846235955264 0.8088092331157863
vn 0.8088092331157863 0.022660846235955264 0.5876343339820472
vn 0.950812294029704 0.0226608462207692 0.30893764349870034
vn 0.999743210067966 0.022660845593201473 6.121661215921845e-17
vn 0.950812294029704 0.0226608462207692 -0.30893764349870034
vn 0.8088092331157863 0.022660846235955264 -0.5876343339820472
vn 0.5876343339820472 0.022660846235955264 -0.8088092331157863
vn 0.30893764349870034 0.0226608462207692 -0.950812294029704
vn 1.224332243184369e-16 0.022660845593201473 -0.999743210067966
vn -0.30893764349870034 0.0226608462207692 -0.950812294029704
vn -0.5876343339820472 0.022660846235955264 -0.8088092331157863
vn -0.8088092331157863 0.022660846235955264 -0.5876343339820472
vn -0.950812294029704 0.0226608462207692 -0.30893764349870034
vn -0.999743210067966 0.022660845593201473 -1.8364984309510017e-16
vn -0.950812294029704 0.0226608462207692 0.30893764349870034
vn -0.8088092331157863 0.022660846235955264 0.5876343339820472
vn -0.5876343339820472 0.022660846235955264 0.8088092331157863
vn -0.30893764349870034 0.0226608462207692 0.950812294029704
vn -2.448664486368738e-16 0.022660845593201473 0.999743210067966
vn 0 1 0
vn 0 1 0
vn 0 1 0
vn 0 1 0
vn 0 1 0
vn 0 1 0
vn 0 1 0
vn 0 1 0
vn 0 1 0
vn 0 1 0
vn 0 1 0
vn 0 1 0
vn 0 1 0
vn 0 1 0
vn 0 1 0
vn 0 1 0
vn 0 1 0
vn 0 1 0
vn 0 1 0
vn 0 1 0
vn 0 1 0
vn 0 1 0
vn 0 1 0
vn 0 1 0
vn 0 1 0
vn 0 1 0
vn 0 1 0
vn 0 1 0
vn 0 1 0
vn 0 1 0
vn 0 1 0
vn 0 1 0
vn 0 1 0
vn 0 1 0
vn 0 1 0
vn 0 1 0
vn 0 1 0
vn 0 1 0
vn 0 1 0
vn 0 1 0
vn 0 1 0
vn 0 -1 0
vn 0 -1 0
vn 0 -1 0
vn 0 -1 0
vn 0 -1 0
vn 0 -1 0
vn 0 -1 0
vn 0 -1 0
vn 0 -1 0
vn 0 -1 0
vn 0 -1 0
vn 0 -1 0
vn 0 -1 0
vn 0 -1 0
vn 0 -1 0
vn 0 -1 0
vn 0 -1 0
vn 0 -1 0
vn 0 -1 0
vn 0 -1 0
vn 0 -1 0
vn 0 -1 0
vn 0 -1 0
vn 0 -1 0
vn 0 -1 0
vn 0 -1 0
vn 0 -1 0
vn 0 -1 0
vn 0 -1 0
vn 0 -1 0
vn 0 -1 0
vn 0 -1 0
vn 0 -1 0
vn 0 -1 0
vn 0 -1 0
vn 0 -1 0
vn 0 -1 0
vn 0 -1 0
vn 0 -1 0
vn 0 -1 0
vn 0 -1 0
f 1445/1445/1445 1466/1466/1466 1446/1446/1446
f 1466/1466/1466 1467/1467/1467 1446/1446/1446
f 1446/1446/1446 1467/1467/1467 1447/1447/1447
f 1467/1467/1467 1468/1468/1468 1447/1447/1447
f 1447/1447/1447 1468/1468/1468 1448/1448/1448
f 1468/1468/1468 1469/1469/1469 1448/1448/1448
f 1448/1448/1448 1469/1469/1469 1449/1449/1449
f 1469/1469/1469 1470/1470/1470 1449/1449/1449
f 1449/1449/1449 1470/1470/1470 1450/1450/1450
f 1470/1470/1470 1471/1471/1471 1450/1450/1450
f 1450/1450/1450 1471/1471/1471 1451/1451/1451
f 1471/1471/1471 1472/1472/1472 1451/1451/1451
f 1451/1451/1451 1472/1472/1472 1452/1452/1452
f 1472/1472/1472 1473/1473/1473 1452/1452/1452
f 1452/1452/1452 1473/1473/1473 1453/1453/1453
f 1473/1473/1473 1474/1474/1474 1453/1453/1453
f 1453/1453/1453 1474/1474/1474 1454/1454/1454
f 1474/1474/1474 1475/1475/1475 1454/1454/1454
f 1454/1454/1454 1475/1475/1475 1455/1455/1455
f 1475/1475/1475 1476/1476/1476 1455/1455/1455
f 1455/1455/1455 1476/1476/1476 1456/1456/1456
f 1476/1476/1476 1477/1477/1477 1456/1456/1456
f 1456/1456/1456 1477/1477/1477 1457/1457/1457
f 1477/1477/1477 1478/1478/1478 1457/1457/1457
f 1457/1457/1457 1478/1478/1478 1458/1458/1458
f 1478/1478/1478 1479/1479/1479 1458/1458/1458
f 1458/1458/1458 1479/1479/1479 1459/1459/1459
f 1479/1479/1479 1480/1480/1480 1459/1459/1459
f 1459/1459/1459 1480/1480/1480 1460/1460/1460
f 1480/1480/1480 1481/1481/1481 1460/1460/1460
f 1460/1460/1460 1481/1481/1481 1461/1461/1461
f 1481/1481/1481 1482/1482/1482 1461/1461/1461
f 1461/1461/1461 1482/1482/1482 1462/1462/1462
f 1482/1482/1482 1483/1483/1483 1462/1462/1462
f 1462/1462/1462 1483/1483/1483 1463/1463/1463
f 1483/1483/1483 1484/1484/1484 1463/1463/1463
f 1463/1463/1463 1484/1484/1484 1464/1464/1464
f 1484/1484/1484 1485/1485/1485 1464/1464/1464
f 1464/1464/1464 1485/1485/1485 1465/1465/1465
f 1485/1485/1485 1486/1486/1486 1465/1465/1465
f 1507/1507/1507 1508/1508/1508 1487/1487/1487
f 1508/1508/1508 1509/1509/1509 1488/1488/1488
f 1509/1509/1509 1510/1510/1510 1489/1489/1489
f 1510/1510/1510 1511/1511/1511 1490/1490/1490
f 1511/1511/1511 1512/1512/1512 1491/1491/1491
f 1512/1512/1512 1513/1513/1513 1492/1492/1492
f 1513/1513/1513 1514/1514/1514 1493/1493/1493
f 1514/1514/1514 1515/1515/1515 1494/1494/1494
f 1515/1515/1515 1516/1516/1516 1495/1495/1495
f 1516/1516/1516 1517/1517/1517 1496/1496/1496
f 1517/1517/1517 1518/1518/1518 1497/1497/1497
f 1518/1518/1518 1519/1519/1519 1498/1498/1498
f 1519/1519/1519 1520/1520/1520 1499/1499/1499
f 1520/1520/1520 1521/1521/1521 1500/1500/1500
f 1521/1521/1521 1522/1522/1522 1501/1501/1501
f 1522/1522/1522 1523/1523/1523 1502/1502/1502
f 1523/1523/1523 1524/1524/1524 1503/1503/1503
f 1524/1524/1524 1525/1525/1525 1504/1504/1504
f 1525/1525/1525 1526/1526/1526 1505/1505/1505
f 1526/1526/1526 1527/1527/1527 1506/1506/1506
f 1549/1549/1549 1548/1548/1548 1528/1528/1528
f 1550/1550/1550 1549/1549/1549 1529/1529/1529
f 1551/1551/1551 1550/1550/1550 1530/1530/1530
f 1552/1552/1552 1551/1551/1551 1531/1531/1531
f 1553/1553/1553 1552/1552/1552 1532/1532/1532
f 1554/1554/1554 1553/1553/1553 1533/1533/1533
f 1555/1555/1555 1554/1554/1554 1534/1534/1534
f 1556/1556/1556 1555/1555/1555 1535/1535/1535
f 1557/1557/1557 1556/1556/1556 1536/1536/1536
f 1558/1558/1558 1557/1557/1557 1537/1537/1537
f 1559/1559/1559 1558/1558/1558 1538/1538/1538
f 1560/1560/1560 1559/1559/1559 1539/1539/1539
f 1561/1561/1561 1560/1560/1560 1540/1540/1540
f 1562/1562/1562 1561/1561/1561 1541/1541/1541
f 1563/1563/1563 1562/1562/1562 1542/1542/1542
f 1564/1564/1564 1563/1563/1563 1543/1543/1543
f 1565/1565/1565 1564/1564/1564 1544/1544/1544
f 1566/1566/1566 1565/1565/1565 1545/1545/1545
f 1567/1567/1567 1566/1566/1566 1546/1546/1546
f 1568/1568/1568 1567/1567/1567 1547/1547/1547
o watchtower_front_left_cap_step1
usemtl dark_granite_trim
v -2.9000000000000004 4.5699999994039535 2.9179999828338623
v -2.616322392225266 4.5699999994039535 2.8730698823928833
v -2.3604131579399112 4.5699999994039535 2.742677628993988
v -2.1573223710060123 4.5699999994039535 2.539586842060089
v -2.026930117607117 4.5699999994039535 2.2836776077747345
v -1.982000017166138 4.5699999994039535 2
v -2.026930117607117 4.5699999994039535 1.7163223922252655
v -2.1573223710060123 4.5699999994039535 1.4604131579399109
v -2.3604131579399112 4.5699999994039535 1.257322371006012
v -2.616322392225266 4.5699999994039535 1.1269301176071167
v -2.9000000000000004 4.5699999994039535 1.0820000171661377
v -3.183677607774735 4.5699999994039535 1.1269301176071167
v -3.4395868420600895 4.5699999994039535 1.257322371006012
v -3.6426776289939884 4.5699999994039535 1.4604131579399109
v -3.7730698823928837 4.5699999994039535 1.7163223922252655
v -3.8179999828338627 4.5699999994039535 1.9999999999999998
v -3.7730698823928837 4.5699999994039535 2.2836776077747345
v -3.6426776289939884 4.5699999994039535 2.539586842060089
v -3.4395868420600895 4.5699999994039535 2.742677628993988
v -3.183677607774735 4.5699999994039535 2.8730698823928833
v -2.900000000000001 4.5699999994039535 2.9179999828338623
v -2.9000000000000004 4.350000000596046 2.935000002384186
v -2.6110691070556644 4.350000000596046 2.8892378211021423
v -2.3504207968711857 4.350000000596046 2.7564308643341064
v -2.143569135665894 4.350000000596046 2.5495792031288147
v -2.010762178897858 4.350000000596046 2.288930892944336
v -1.9649999976158146 4.350000000596046 2
v -2.010762178897858 4.350000000596046 1.711069107055664
v -2.143569135665894 4.350000000596046 1.4504207968711853
v -2.3504207968711857 4.350000000596046 1.2435691356658936
v -2.6110691070556644 4.350000000596046 1.1107621788978577
v -2.9000000000000004 4.350000000596046 1.0649999976158142
v -3.1889308929443363 4.350000000596046 1.1107621788978577
v -3.449579203128815 4.350000000596046 1.2435691356658936
v -3.656430864334107 4.350000000596046 1.4504207968711853
v -3.7892378211021427 4.350000000596046 1.711069107055664
v -3.835000002384186 4.350000000596046 1.9999999999999998
v -3.7892378211021427 4.350000000596046 2.288930892944336
v -3.656430864334107 4.350000000596046 2.5495792031288147
v -3.449579203128815 4.350000000596046 2.7564308643341064
v -3.1889308929443363 4.350000000596046 2.8892378211021423
v -2.900000000000001 4.350000000596046 2.935000002384186
v -2.9000000000000004 4.5699999994039535 2
v -2.9000000000000004 4.5699999994039535 2
v -2.9000000000000004 4.5699999994039535 2
v -2.9000000000000004 4.5699999994039535 2
v -2.9000000000000004 4.5699999994039535 2
v -2.9000000000000004 4.5699999994039535 2
v -2.9000000000000004 4.5699999994039535 2
v -2.9000000000000004 4.5699999994039535 2
v -2.9000000000000004 4.5699999994039535 2
v -2.9000000000000004 4.5699999994039535 2
v -2.9000000000000004 4.5699999994039535 2
v -2.9000000000000004 4.5699999994039535 2
v -2.9000000000000004 4.5699999994039535 2
v -2.9000000000000004 4.5699999994039535 2
v -2.9000000000000004 4.5699999994039535 2
v -2.9000000000000004 4.5699999994039535 2
v -2.9000000000000004 4.5699999994039535 2
v -2.9000000000000004 4.5699999994039535 2
v -2.9000000000000004 4.5699999994039535 2
v -2.9000000000000004 4.5699999994039535 2
v -2.9000000000000004 4.5699999994039535 2.9179999828338623
v -2.616322392225266 4.5699999994039535 2.8730698823928833
v -2.3604131579399112 4.5699999994039535 2.742677628993988
v -2.1573223710060123 4.5699999994039535 2.539586842060089
v -2.026930117607117 4.5699999994039535 2.2836776077747345
v -1.982000017166138 4.5699999994039535 2
v -2.026930117607117 4.5699999994039535 1.7163223922252655
v -2.1573223710060123 4.5699999994039535 1.4604131579399109
v -2.3604131579399112 4.5699999994039535 1.257322371006012
v -2.616322392225266 4.5699999994039535 1.1269301176071167
v -2.9000000000000004 4.5699999994039535 1.0820000171661377
v -3.183677607774735 4.5699999994039535 1.1269301176071167
v -3.4395868420600895 4.5699999994039535 1.257322371006012
v -3.6426776289939884 4.5699999994039535 1.4604131579399109
v -3.7730698823928837 4.5699999994039535 1.7163223922252655
v -3.8179999828338627 4.5699999994039535 1.9999999999999998
v -3.7730698823928837 4.5699999994039535 2.2836776077747345
v -3.6426776289939884 4.5699999994039535 2.539586842060089
v -3.4395868420600895 4.5699999994039535 2.742677628993988
v -3.183677607774735 4.5699999994039535 2.8730698823928833
v -2.900000000000001 4.5699999994039535 2.9179999828338623
v -2.9000000000000004 4.350000000596046 2
v -2.9000000000000004 4.350000000596046 2
v -2.9000000000000004 4.350000000596046 2
v -2.9000000000000004 4.350000000596046 2
v -2.9000000000000004 4.350000000596046 2
v -2.9000000000000004 4.350000000596046 2
v -2.9000000000000004 4.350000000596046 2
v -2.9000000000000004 4.350000000596046 2
v -2.9000000000000004 4.350000000596046 2
v -2.9000000000000004 4.350000000596046 2
v -2.9000000000000004 4.350000000596046 2
v -2.9000000000000004 4.350000000596046 2
v -2.9000000000000004 4.350000000596046 2
v -2.9000000000000004 4.350000000596046 2
v -2.9000000000000004 4.350000000596046 2
v -2.9000000000000004 4.350000000596046 2
v -2.9000000000000004 4.350000000596046 2
v -2.9000000000000004 4.350000000596046 2
v -2.9000000000000004 4.350000000596046 2
v -2.9000000000000004 4.350000000596046 2
v -2.9000000000000004 4.350000000596046 2.935000002384186
v -2.6110691070556644 4.350000000596046 2.8892378211021423
v -2.3504207968711857 4.350000000596046 2.7564308643341064
v -2.143569135665894 4.350000000596046 2.5495792031288147
v -2.010762178897858 4.350000000596046 2.288930892944336
v -1.9649999976158146 4.350000000596046 2
v -2.010762178897858 4.350000000596046 1.711069107055664
v -2.143569135665894 4.350000000596046 1.4504207968711853
v -2.3504207968711857 4.350000000596046 1.2435691356658936
v -2.6110691070556644 4.350000000596046 1.1107621788978577
v -2.9000000000000004 4.350000000596046 1.0649999976158142
v -3.1889308929443363 4.350000000596046 1.1107621788978577
v -3.449579203128815 4.350000000596046 1.2435691356658936
v -3.656430864334107 4.350000000596046 1.4504207968711853
v -3.7892378211021427 4.350000000596046 1.711069107055664
v -3.835000002384186 4.350000000596046 1.9999999999999998
v -3.7892378211021427 4.350000000596046 2.288930892944336
v -3.656430864334107 4.350000000596046 2.5495792031288147
v -3.449579203128815 4.350000000596046 2.7564308643341064
v -3.1889308929443363 4.350000000596046 2.8892378211021423
v -2.900000000000001 4.350000000596046 2.935000002384186
vt 0 1
vt 0.05000000074505806 1
vt 0.10000000149011612 1
vt 0.15000000596046448 1
vt 0.20000000298023224 1
vt 0.25 1
vt 0.30000001192092896 1
vt 0.3499999940395355 1
vt 0.4000000059604645 1
vt 0.44999998807907104 1
vt 0.5 1
vt 0.550000011920929 1
vt 0.6000000238418579 1
vt 0.6499999761581421 1
vt 0.699999988079071 1
vt 0.75 1
vt 0.800000011920929 1
vt 0.8500000238418579 1
vt 0.8999999761581421 1
vt 0.949999988079071 1
vt 1 1
vt 0 0
vt 0.05000000074505806 0
vt 0.10000000149011612 0
vt 0.15000000596046448 0
vt 0.20000000298023224 0
vt 0.25 0
vt 0.30000001192092896 0
vt 0.3499999940395355 0
vt 0.4000000059604645 0
vt 0.44999998807907104 0
vt 0.5 0
vt 0.550000011920929 0
vt 0.6000000238418579 0
vt 0.6499999761581421 0
vt 0.699999988079071 0
vt 0.75 0
vt 0.800000011920929 0
vt 0.8500000238418579 0
vt 0.8999999761581421 0
vt 0.949999988079071 0
vt 1 0
vt 0.5 0.5
vt 0.5 0.5
vt 0.5 0.5
vt 0.5 0.5
vt 0.5 0.5
vt 0.5 0.5
vt 0.5 0.5
vt 0.5 0.5
vt 0.5 0.5
vt 0.5 0.5
vt 0.5 0.5
vt 0.5 0.5
vt 0.5 0.5
vt 0.5 0.5
vt 0.5 0.5
vt 0.5 0.5
vt 0.5 0.5
vt 0.5 0.5
vt 0.5 0.5
vt 0.5 0.5
vt 1 0.5
vt 0.9755282402038574 0.6545084714889526
vt 0.9045084714889526 0.7938926219940186
vt 0.7938926219940186 0.9045084714889526
vt 0.6545084714889526 0.9755282402038574
vt 0.5 1
vt 0.345491498708725 0.9755282402038574
vt 0.20610737800598145 0.9045084714889526
vt 0.09549150615930557 0.7938926219940186
vt 0.024471741169691086 0.6545084714889526
vt 0 0.5
vt 0.024471741169691086 0.345491498708725
vt 0.09549150615930557 0.20610737800598145
vt 0.20610737800598145 0.09549150615930557
vt 0.345491498708725 0.024471741169691086
vt 0.5 0
vt 0.6545084714889526 0.024471741169691086
vt 0.7938926219940186 0.09549150615930557
vt 0.9045084714889526 0.20610737800598145
vt 0.9755282402038574 0.345491498708725
vt 1 0.5
vt 0.5 0.5
vt 0.5 0.5
vt 0.5 0.5
vt 0.5 0.5
vt 0.5 0.5
vt 0.5 0.5
vt 0.5 0.5
vt 0.5 0.5
vt 0.5 0.5
vt 0.5 0.5
vt 0.5 0.5
vt 0.5 0.5
vt 0.5 0.5
vt 0.5 0.5
vt 0.5 0.5
vt 0.5 0.5
vt 0.5 0.5
vt 0.5 0.5
vt 0.5 0.5
vt 0.5 0.5
vt 1 0.5
vt 0.9755282402038574 0.345491498708725
vt 0.9045084714889526 0.20610737800598145
vt 0.7938926219940186 0.09549150615930557
vt 0.6545084714889526 0.024471741169691086
vt 0.5 0
vt 0.345491498708725 0.024471741169691086
vt 0.20610737800598145 0.09549150615930557
vt 0.09549150615930557 0.20610737800598145
vt 0.024471741169691086 0.345491498708725
vt 0 0.5
vt 0.024471741169691086 0.6545084714889526
vt 0.09549150615930557 0.7938926219940186
vt 0.20610737800598145 0.9045084714889526
vt 0.345491498708725 0.9755282402038574
vt 0.5 1
vt 0.6545084714889526 0.9755282402038574
vt 0.7938926219940186 0.9045084714889526
vt 0.9045084714889526 0.7938926219940186
vt 0.9755282402038574 0.6545084714889526
vt 1 0.5
vn 0 0.07704305739861264 0.9970277665675485
vn 0.308098531796034 0.07704305823524255 0.9482297516334789
vn 0.5860382150877073 0.07704305428443878 0.8066124089321581
vn 0.8066124089321581 0.07704305428443878 0.5860382150877073
vn 0.9482297516334789 0.07704305823524255 0.308098531796034
vn 0.9970277665675485 0.07704305739861264 6.105034376371892e-17
vn 0.9482297516334789 0.07704305823524255 -0.308098531796034
vn 0.8066124089321581 0.07704305428443878 -0.5860382150877073
vn 0.5860382150877073 0.07704305428443878 -0.8066124089321581
vn 0.308098531796034 0.07704305823524255 -0.9482297516334789
vn 1.2210068752743784e-16 0.07704305739861264 -0.9970277665675485
vn -0.308098531796034 0.07704305823524255 -0.9482297516334789
vn -0.5860382150877073 0.07704305428443878 -0.8066124089321581
vn -0.8066124089321581 0.07704305428443878 -0.5860382150877073
vn -0.9482297516334789 0.07704305823524255 -0.308098531796034
vn -0.9970277665675485 0.07704305739861264 -1.8315103790860174e-16
vn -0.9482297516334789 0.07704305823524255 0.308098531796034
vn -0.8066124089321581 0.07704305428443878 0.5860382150877073
vn -0.5860382150877073 0.07704305428443878 0.8066124089321581
vn -0.308098531796034 0.07704305823524255 0.9482297516334789
vn -2.442013750548757e-16 0.07704305739861264 0.9970277665675485
vn 0 0.07704305739861264 0.9970277665675485
vn 0.308098531796034 0.07704305823524255 0.9482297516334789
vn 0.5860382150877073 0.07704305428443878 0.8066124089321581
vn 0.8066124089321581 0.07704305428443878 0.5860382150877073
vn 0.9482297516334789 0.07704305823524255 0.308098531796034
vn 0.9970277665675485 0.07704305739861264 6.105034376371892e-17
vn 0.9482297516334789 0.07704305823524255 -0.308098531796034
vn 0.8066124089321581 0.07704305428443878 -0.5860382150877073
vn 0.5860382150877073 0.07704305428443878 -0.8066124089321581
vn 0.308098531796034 0.07704305823524255 -0.9482297516334789
vn 1.2210068752743784e-16 0.07704305739861264 -0.9970277665675485
vn -0.308098531796034 0.07704305823524255 -0.9482297516334789
vn -0.5860382150877073 0.07704305428443878 -0.8066124089321581
vn -0.8066124089321581 0.07704305428443878 -0.5860382150877073
vn -0.9482297516334789 0.07704305823524255 -0.308098531796034
vn -0.9970277665675485 0.07704305739861264 -1.8315103790860174e-16
vn -0.9482297516334789 0.07704305823524255 0.308098531796034
vn -0.8066124089321581 0.07704305428443878 0.5860382150877073
vn -0.5860382150877073 0.07704305428443878 0.8066124089321581
vn -0.308098531796034 0.07704305823524255 0.9482297516334789
vn -2.442013750548757e-16 0.07704305739861264 0.9970277665675485
vn 0 1 0
vn 0 1 0
vn 0 1 0
vn 0 1 0
vn 0 1 0
vn 0 1 0
vn 0 1 0
vn 0 1 0
vn 0 1 0
vn 0 1 0
vn 0 1 0
vn 0 1 0
vn 0 1 0
vn 0 1 0
vn 0 1 0
vn 0 1 0
vn 0 1 0
vn 0 1 0
vn 0 1 0
vn 0 1 0
vn 0 1 0
vn 0 1 0
vn 0 1 0
vn 0 1 0
vn 0 1 0
vn 0 1 0
vn 0 1 0
vn 0 1 0
vn 0 1 0
vn 0 1 0
vn 0 1 0
vn 0 1 0
vn 0 1 0
vn 0 1 0
vn 0 1 0
vn 0 1 0
vn 0 1 0
vn 0 1 0
vn 0 1 0
vn 0 1 0
vn 0 1 0
vn 0 -1 0
vn 0 -1 0
vn 0 -1 0
vn 0 -1 0
vn 0 -1 0
vn 0 -1 0
vn 0 -1 0
vn 0 -1 0
vn 0 -1 0
vn 0 -1 0
vn 0 -1 0
vn 0 -1 0
vn 0 -1 0
vn 0 -1 0
vn 0 -1 0
vn 0 -1 0
vn 0 -1 0
vn 0 -1 0
vn 0 -1 0
vn 0 -1 0
vn 0 -1 0
vn 0 -1 0
vn 0 -1 0
vn 0 -1 0
vn 0 -1 0
vn 0 -1 0
vn 0 -1 0
vn 0 -1 0
vn 0 -1 0
vn 0 -1 0
vn 0 -1 0
vn 0 -1 0
vn 0 -1 0
vn 0 -1 0
vn 0 -1 0
vn 0 -1 0
vn 0 -1 0
vn 0 -1 0
vn 0 -1 0
vn 0 -1 0
vn 0 -1 0
f 1569/1569/1569 1590/1590/1590 1570/1570/1570
f 1590/1590/1590 1591/1591/1591 1570/1570/1570
f 1570/1570/1570 1591/1591/1591 1571/1571/1571
f 1591/1591/1591 1592/1592/1592 1571/1571/1571
f 1571/1571/1571 1592/1592/1592 1572/1572/1572
f 1592/1592/1592 1593/1593/1593 1572/1572/1572
f 1572/1572/1572 1593/1593/1593 1573/1573/1573
f 1593/1593/1593 1594/1594/1594 1573/1573/1573
f 1573/1573/1573 1594/1594/1594 1574/1574/1574
f 1594/1594/1594 1595/1595/1595 1574/1574/1574
f 1574/1574/1574 1595/1595/1595 1575/1575/1575
f 1595/1595/1595 1596/1596/1596 1575/1575/1575
f 1575/1575/1575 1596/1596/1596 1576/1576/1576
f 1596/1596/1596 1597/1597/1597 1576/1576/1576
f 1576/1576/1576 1597/1597/1597 1577/1577/1577
f 1597/1597/1597 1598/1598/1598 1577/1577/1577
f 1577/1577/1577 1598/1598/1598 1578/1578/1578
f 1598/1598/1598 1599/1599/1599 1578/1578/1578
f 1578/1578/1578 1599/1599/1599 1579/1579/1579
f 1599/1599/1599 1600/1600/1600 1579/1579/1579
f 1579/1579/1579 1600/1600/1600 1580/1580/1580
f 1600/1600/1600 1601/1601/1601 1580/1580/1580
f 1580/1580/1580 1601/1601/1601 1581/1581/1581
f 1601/1601/1601 1602/1602/1602 1581/1581/1581
f 1581/1581/1581 1602/1602/1602 1582/1582/1582
f 1602/1602/1602 1603/1603/1603 1582/1582/1582
f 1582/1582/1582 1603/1603/1603 1583/1583/1583
f 1603/1603/1603 1604/1604/1604 1583/1583/1583
f 1583/1583/1583 1604/1604/1604 1584/1584/1584
f 1604/1604/1604 1605/1605/1605 1584/1584/1584
f 1584/1584/1584 1605/1605/1605 1585/1585/1585
f 1605/1605/1605 1606/1606/1606 1585/1585/1585
f 1585/1585/1585 1606/1606/1606 1586/1586/1586
f 1606/1606/1606 1607/1607/1607 1586/1586/1586
f 1586/1586/1586 1607/1607/1607 1587/1587/1587
f 1607/1607/1607 1608/1608/1608 1587/1587/1587
f 1587/1587/1587 1608/1608/1608 1588/1588/1588
f 1608/1608/1608 1609/1609/1609 1588/1588/1588
f 1588/1588/1588 1609/1609/1609 1589/1589/1589
f 1609/1609/1609 1610/1610/1610 1589/1589/1589
f 1631/1631/1631 1632/1632/1632 1611/1611/1611
f 1632/1632/1632 1633/1633/1633 1612/1612/1612
f 1633/1633/1633 1634/1634/1634 1613/1613/1613
f 1634/1634/1634 1635/1635/1635 1614/1614/1614
f 1635/1635/1635 1636/1636/1636 1615/1615/1615
f 1636/1636/1636 1637/1637/1637 1616/1616/1616
f 1637/1637/1637 1638/1638/1638 1617/1617/1617
f 1638/1638/1638 1639/1639/1639 1618/1618/1618
f 1639/1639/1639 1640/1640/1640 1619/1619/1619
f 1640/1640/1640 1641/1641/1641 1620/1620/1620
f 1641/1641/1641 1642/1642/1642 1621/1621/1621
f 1642/1642/1642 1643/1643/1643 1622/1622/1622
f 1643/1643/1643 1644/1644/1644 1623/1623/1623
f 1644/1644/1644 1645/1645/1645 1624/1624/1624
f 1645/1645/1645 1646/1646/1646 1625/1625/1625
f 1646/1646/1646 1647/1647/1647 1626/1626/1626
f 1647/1647/1647 1648/1648/1648 1627/1627/1627
f 1648/1648/1648 1649/1649/1649 1628/1628/1628
f 1649/1649/1649 1650/1650/1650 1629/1629/1629
f 1650/1650/1650 1651/1651/1651 1630/1630/1630
f 1673/1673/1673 1672/1672/1672 1652/1652/1652
f 1674/1674/1674 1673/1673/1673 1653/1653/1653
f 1675/1675/1675 1674/1674/1674 1654/1654/1654
f 1676/1676/1676 1675/1675/1675 1655/1655/1655
f 1677/1677/1677 1676/1676/1676 1656/1656/1656
f 1678/1678/1678 1677/1677/1677 1657/1657/1657
f 1679/1679/1679 1678/1678/1678 1658/1658/1658
f 1680/1680/1680 1679/1679/1679 1659/1659/1659
f 1681/1681/1681 1680/1680/1680 1660/1660/1660
f 1682/1682/1682 1681/1681/1681 1661/1661/1661
f 1683/1683/1683 1682/1682/1682 1662/1662/1662
f 1684/1684/1684 1683/1683/1683 1663/1663/1663
f 1685/1685/1685 1684/1684/1684 1664/1664/1664
f 1686/1686/1686 1685/1685/1685 1665/1665/1665
f 1687/1687/1687 1686/1686/1686 1666/1666/1666
f 1688/1688/1688 1687/1687/1687 1667/1667/1667
f 1689/1689/1689 1688/1688/1688 1668/1668/1668
f 1690/1690/1690 1689/1689/1689 1669/1669/1669
f 1691/1691/1691 1690/1690/1690 1670/1670/1670
f 1692/1692/1692 1691/1691/1691 1671/1671/1671
o watchtower_front_left_cap_step2
usemtl sandstone_trim
v -2.9000000000000004 5.069999999999999 2.662999987602234
v -2.6951217293739322 5.069999999999999 2.630550444126129
v -2.5102983653545383 5.069999999999999 2.536378264427185
v -2.3636217355728153 5.069999999999999 2.389701634645462
v -2.269449555873871 5.069999999999999 2.204878270626068
v -2.2370000123977665 5.069999999999999 2
v -2.269449555873871 5.069999999999999 1.7951217293739319
v -2.3636217355728153 5.069999999999999 1.610298365354538
v -2.5102983653545383 5.069999999999999 1.463621735572815
v -2.6951217293739322 5.069999999999999 1.3694495558738708
v -2.9000000000000004 5.069999999999999 1.3370000123977661
v -3.1048782706260685 5.069999999999999 1.3694495558738708
v -3.2897016346454624 5.069999999999999 1.463621735572815
v -3.4363782644271854 5.069999999999999 1.610298365354538
v -3.5305504441261295 5.069999999999999 1.7951217293739319
v -3.5629999876022342 5.069999999999999 1.9999999999999998
v -3.5305504441261295 5.069999999999999 2.204878270626068
v -3.4363782644271854 5.069999999999999 2.389701634645462
v -3.2897016346454624 5.069999999999999 2.536378264427185
v -3.1048782706260685 5.069999999999999 2.630550444126129
v -2.9000000000000004 5.069999999999999 2.662999987602234
v -2.9000000000000004 4.569999999999999 2.850000023841858
v -2.637335562705994 4.569999999999999 2.8083980679512024
v -2.400382542610169 4.569999999999999 2.6876644492149353
v -2.212335550785065 4.569999999999999 2.4996174573898315
v -2.091601932048798 4.569999999999999 2.2626644372940063
v -2.0499999761581424 4.569999999999999 2
v -2.091601932048798 4.569999999999999 1.7373355627059937
v -2.212335550785065 4.569999999999999 1.5003825426101685
v -2.400382542610169 4.569999999999999 1.3123355507850647
v -2.637335562705994 4.569999999999999 1.1916019320487976
v -2.9000000000000004 4.569999999999999 1.149999976158142
v -3.1626644372940067 4.569999999999999 1.1916019320487976
v -3.399617457389832 4.569999999999999 1.3123355507850647
v -3.5876644492149357 4.569999999999999 1.5003825426101685
v -3.7083980679512027 4.569999999999999 1.7373355627059937
v -3.7500000238418583 4.569999999999999 1.9999999999999998
v -3.7083980679512027 4.569999999999999 2.2626644372940063
v -3.5876644492149357 4.569999999999999 2.4996174573898315
v -3.399617457389832 4.569999999999999 2.6876644492149353
v -3.1626644372940067 4.569999999999999 2.8083980679512024
v -2.9000000000000004 4.569999999999999 2.850000023841858
v -2.9000000000000004 5.069999999999999 2
v -2.9000000000000004 5.069999999999999 2
v -2.9000000000000004 5.069999999999999 2
v -2.9000000000000004 5.069999999999999 2
v -2.9000000000000004 5.069999999999999 2
v -2.9000000000000004 5.069999999999999 2
v -2.9000000000000004 5.069999999999999 2
v -2.9000000000000004 5.069999999999999 2
v -2.9000000000000004 5.069999999999999 2
v -2.9000000000000004 5.069999999999999 2
v -2.9000000000000004 5.069999999999999 2
v -2.9000000000000004 5.069999999999999 2
v -2.9000000000000004 5.069999999999999 2
v -2.9000000000000004 5.069999999999999 2
v -2.9000000000000004 5.069999999999999 2
v -2.9000000000000004 5.069999999999999 2
v -2.9000000000000004 5.069999999999999 2
v -2.9000000000000004 5.069999999999999 2
v -2.9000000000000004 5.069999999999999 2
v -2.9000000000000004 5.069999999999999 2
v -2.9000000000000004 5.069999999999999 2.662999987602234
v -2.6951217293739322 5.069999999999999 2.630550444126129
v -2.5102983653545383 5.069999999999999 2.536378264427185
v -2.3636217355728153 5.069999999999999 2.389701634645462
v -2.269449555873871 5.069999999999999 2.204878270626068
v -2.2370000123977665 5.069999999999999 2
v -2.269449555873871 5.069999999999999 1.7951217293739319
v -2.3636217355728153 5.069999999999999 1.610298365354538
v -2.5102983653545383 5.069999999999999 1.463621735572815
v -2.6951217293739322 5.069999999999999 1.3694495558738708
v -2.9000000000000004 5.069999999999999 1.3370000123977661
v -3.1048782706260685 5.069999999999999 1.3694495558738708
v -3.2897016346454624 5.069999999999999 1.463621735572815
v -3.4363782644271854 5.069999999999999 1.610298365354538
v -3.5305504441261295 5.069999999999999 1.7951217293739319
v -3.5629999876022342 5.069999999999999 1.9999999999999998
v -3.5305504441261295 5.069999999999999 2.204878270626068
v -3.4363782644271854 5.069999999999999 2.389701634645462
v -3.2897016346454624 5.069999999999999 2.536378264427185
v -3.1048782706260685 5.069999999999999 2.630550444126129
v -2.9000000000000004 5.069999999999999 2.662999987602234
v -2.9000000000000004 4.569999999999999 2
v -2.9000000000000004 4.569999999999999 2
v -2.9000000000000004 4.569999999999999 2
v -2.9000000000000004 4.569999999999999 2
v -2.9000000000000004 4.569999999999999 2
v -2.9000000000000004 4.569999999999999 2
v -2.9000000000000004 4.569999999999999 2
v -2.9000000000000004 4.569999999999999 2
v -2.9000000000000004 4.569999999999999 2
v -2.9000000000000004 4.569999999999999 2
v -2.9000000000000004 4.569999999999999 2
v -2.9000000000000004 4.569999999999999 2
v -2.9000000000000004 4.569999999999999 2
v -2.9000000000000004 4.569999999999999 2
v -2.9000000000000004 4.569999999999999 2
v -2.9000000000000004 4.569999999999999 2
v -2.9000000000000004 4.569999999999999 2
v -2.9000000000000004 4.569999999999999 2
v -2.9000000000000004 4.569999999999999 2
v -2.9000000000000004 4.569999999999999 2
v -2.9000000000000004 4.569999999999999 2.850000023841858
v -2.637335562705994 4.569999999999999 2.8083980679512024
v -2.400382542610169 4.569999999999999 2.6876644492149353
v -2.212335550785065 4.569999999999999 2.4996174573898315
v -2.091601932048798 4.569999999999999 2.2626644372940063
v -2.0499999761581424 4.569999999999999 2
v -2.091601932048798 4.569999999999999 1.7373355627059937
v -2.212335550785065 4.569999999999999 1.5003825426101685
v -2.400382542610169 4.569999999999999 1.3123355507850647
v -2.637335562705994 4.569999999999999 1.1916019320487976
v -2.9000000000000004 4.569999999999999 1.149999976158142
v -3.1626644372940067 4.569999999999999 1.1916019320487976
v -3.399617457389832 4.569999999999999 1.3123355507850647
v -3.5876644492149357 4.569999999999999 1.5003825426101685
v -3.7083980679512027 4.569999999999999 1.7373355627059937
v -3.7500000238418583 4.569999999999999 1.9999999999999998
v -3.7083980679512027 4.569999999999999 2.2626644372940063
v -3.5876644492149357 4.569999999999999 2.4996174573898315
v -3.399617457389832 4.569999999999999 2.6876644492149353
v -3.1626644372940067 4.569999999999999 2.8083980679512024
v -2.9000000000000004 4.569999999999999 2.850000023841858
vt 0 1
vt 0.05000000074505806 1
vt 0.10000000149011612 1
vt 0.15000000596046448 1
vt 0.20000000298023224 1
vt 0.25 1
vt 0.30000001192092896 1
vt 0.3499999940395355 1
vt 0.4000000059604645 1
vt 0.44999998807907104 1
vt 0.5 1
vt 0.550000011920929 1
vt 0.6000000238418579 1
vt 0.6499999761581421 1
vt 0.699999988079071 1
vt 0.75 1
vt 0.800000011920929 1
vt 0.8500000238418579 1
vt 0.8999999761581421 1
vt 0.949999988079071 1
vt 1 1
vt 0 0
vt 0.05000000074505806 0
vt 0.10000000149011612 0
vt 0.15000000596046448 0
vt 0.20000000298023224 0
vt 0.25 0
vt 0.30000001192092896 0
vt 0.3499999940395355 0
vt 0.4000000059604645 0
vt 0.44999998807907104 0
vt 0.5 0
vt 0.550000011920929 0
vt 0.6000000238418579 0
vt 0.6499999761581421 0
vt 0.699999988079071 0
vt 0.75 0
vt 0.800000011920929 0
vt 0.8500000238418579 0
vt 0.8999999761581421 0
vt 0.949999988079071 0
vt 1 0
vt 0.5 0.5
vt 0.5 0.5
vt 0.5 0.5
vt 0.5 0.5
vt 0.5 0.5
vt 0.5 0.5
vt 0.5 0.5
vt 0.5 0.5
vt 0.5 0.5
vt 0.5 0.5
vt 0.5 0.5
vt 0.5 0.5
vt 0.5 0.5
vt 0.5 0.5
vt 0.5 0.5
vt 0.5 0.5
vt 0.5 0.5
vt 0.5 0.5
vt 0.5 0.5
vt 0.5 0.5
vt 1 0.5
vt 0.9755282402038574 0.6545084714889526
vt 0.9045084714889526 0.7938926219940186
vt 0.7938926219940186 0.9045084714889526
vt 0.6545084714889526 0.9755282402038574
vt 0.5 1
vt 0.345491498708725 0.9755282402038574
vt 0.20610737800598145 0.9045084714889526
vt 0.09549150615930557 0.7938926219940186
vt 0.024471741169691086 0.6545084714889526
vt 0 0.5
vt 0.024471741169691086 0.345491498708725
vt 0.09549150615930557 0.20610737800598145
vt 0.20610737800598145 0.09549150615930557
vt 0.345491498708725 0.024471741169691086
vt 0.5 0
vt 0.6545084714889526 0.024471741169691086
vt 0.7938926219940186 0.09549150615930557
vt 0.9045084714889526 0.20610737800598145
vt 0.9755282402038574 0.345491498708725
vt 1 0.5
vt 0.5 0.5
vt 0.5 0.5
vt 0.5 0.5
vt 0.5 0.5
vt 0.5 0.5
vt 0.5 0.5
vt 0.5 0.5
vt 0.5 0.5
vt 0.5 0.5
vt 0.5 0.5
vt 0.5 0.5
vt 0.5 0.5
vt 0.5 0.5
vt 0.5 0.5
vt 0.5 0.5
vt 0.5 0.5
vt 0.5 0.5
vt 0.5 0.5
vt 0.5 0.5
vt 0.5 0.5
vt 1 0.5
vt 0.9755282402038574 0.345491498708725
vt 0.9045084714889526 0.20610737800598145
vt 0.7938926219940186 0.09549150615930557
vt 0.6545084714889526 0.024471741169691086
vt 0.5 0
vt 0.345491498708725 0.024471741169691086
vt 0.20610737800598145 0.09549150615930557
vt 0.09549150615930557 0.20610737800598145
vt 0.024471741169691086 0.345491498708725
vt 0 0.5
vt 0.024471741169691086 0.6545084714889526
vt 0.09549150615930557 0.7938926219940186
vt 0.20610737800598145 0.9045084714889526
vt 0.345491498708725 0.9755282402038574
vt 0.5 1
vt 0.6545084714889526 0.9755282402038574
vt 0.7938926219940186 0.9045084714889526
vt 0.9045084714889526 0.7938926219940186
vt 0.9755282402038574 0.6545084714889526
vt 1 0.5
vn 0 0.35030216031575784 0.9366367473455828
vn 0.2894366598991615 0.3503021497911502 0.8907944901929489
vn 0.5505412794006925 0.3503021583231199 0.7577550379575265
vn 0.7577550379575265 0.3503021583231199 0.5505412794006925
vn 0.8907944901929489 0.3503021497911502 0.2894366598991615
vn 0.9366367473455828 0.35030216031575784 5.735246197894248e-17
vn 0.8907944901929489 0.3503021497911502 -0.2894366598991615
vn 0.7577550379575265 0.3503021583231199 -0.5505412794006925
vn 0.5505412794006925 0.3503021583231199 -0.7577550379575265
vn 0.2894366598991615 0.3503021497911502 -0.8907944901929489
vn 1.1470492395788496e-16 0.35030216031575784 -0.9366367473455828
vn -0.2894366598991615 0.3503021497911502 -0.8907944901929489
vn -0.5505412794006925 0.3503021583231199 -0.7577550379575265
vn -0.7577550379575265 0.3503021583231199 -0.5505412794006925
vn -0.8907944901929489 0.3503021497911502 -0.2894366598991615
vn -0.9366367473455828 0.35030216031575784 -1.7205737931938255e-16
vn -0.8907944901929489 0.3503021497911502 0.2894366598991615
vn -0.7577550379575265 0.3503021583231199 0.5505412794006925
vn -0.5505412794006925 0.3503021583231199 0.7577550379575265
vn -0.2894366598991615 0.3503021497911502 0.8907944901929489
vn -2.294098479157699e-16 0.35030216031575784 0.9366367473455828
vn 0 0.35030216031575784 0.9366367473455828
vn 0.2894366598991615 0.3503021497911502 0.8907944901929489
vn 0.5505412794006925 0.3503021583231199 0.7577550379575265
vn 0.7577550379575265 0.3503021583231199 0.5505412794006925
vn 0.8907944901929489 0.3503021497911502 0.2894366598991615
vn 0.9366367473455828 0.35030216031575784 5.735246197894248e-17
vn 0.8907944901929489 0.3503021497911502 -0.2894366598991615
vn 0.7577550379575265 0.3503021583231199 -0.5505412794006925
vn 0.5505412794006925 0.3503021583231199 -0.7577550379575265
vn 0.2894366598991615 0.3503021497911502 -0.8907944901929489
vn 1.1470492395788496e-16 0.35030216031575784 -0.9366367473455828
vn -0.2894366598991615 0.3503021497911502 -0.8907944901929489
vn -0.5505412794006925 0.3503021583231199 -0.7577550379575265
vn -0.7577550379575265 0.3503021583231199 -0.5505412794006925
vn -0.8907944901929489 0.3503021497911502 -0.2894366598991615
vn -0.9366367473455828 0.35030216031575784 -1.7205737931938255e-16
vn -0.8907944901929489 0.3503021497911502 0.2894366598991615
vn -0.7577550379575265 0.3503021583231199 0.5505412794006925
vn -0.5505412794006925 0.3503021583231199 0.7577550379575265
vn -0.2894366598991615 0.3503021497911502 0.8907944901929489
vn -2.294098479157699e-16 0.35030216031575784 0.9366367473455828
vn 0 1 0
vn 0 1 0
vn 0 1 0
vn 0 1 0
vn 0 1 0
vn 0 1 0
vn 0 1 0
vn 0 1 0
vn 0 1 0
vn 0 1 0
vn 0 1 0
vn 0 1 0
vn 0 1 0
vn 0 1 0
vn 0 1 0
vn 0 1 0
vn 0 1 0
vn 0 1 0
vn 0 1 0
vn 0 1 0
vn 0 1 0
vn 0 1 0
vn 0 1 0
vn 0 1 0
vn 0 1 0
vn 0 1 0
vn 0 1 0
vn 0 1 0
vn 0 1 0
vn 0 1 0
vn 0 1 0
vn 0 1 0
vn 0 1 0
vn 0 1 0
vn 0 1 0
vn 0 1 0
vn 0 1 0
vn 0 1 0
vn 0 1 0
vn 0 1 0
vn 0 1 0
vn 0 -1 0
vn 0 -1 0
vn 0 -1 0
vn 0 -1 0
vn 0 -1 0
vn 0 -1 0
vn 0 -1 0
vn 0 -1 0
vn 0 -1 0
vn 0 -1 0
vn 0 -1 0
vn 0 -1 0
vn 0 -1 0
vn 0 -1 0
vn 0 -1 0
vn 0 -1 0
vn 0 -1 0
vn 0 -1 0
vn 0 -1 0
vn 0 -1 0
vn 0 -1 0
vn 0 -1 0
vn 0 -1 0
vn 0 -1 0
vn 0 -1 0
vn 0 -1 0
vn 0 -1 0
vn 0 -1 0
vn 0 -1 0
vn 0 -1 0
vn 0 -1 0
vn 0 -1 0
vn 0 -1 0
vn 0 -1 0
vn 0 -1 0
vn 0 -1 0
vn 0 -1 0
vn 0 -1 0
vn 0 -1 0
vn 0 -1 0
vn 0 -1 0
f 1693/1693/1693 1714/1714/1714 1694/1694/1694
f 1714/1714/1714 1715/1715/1715 1694/1694/1694
f 1694/1694/1694 1715/1715/1715 1695/1695/1695
f 1715/1715/1715 1716/1716/1716 1695/1695/1695
f 1695/1695/1695 1716/1716/1716 1696/1696/1696
f 1716/1716/1716 1717/1717/1717 1696/1696/1696
f 1696/1696/1696 1717/1717/1717 1697/1697/1697
f 1717/1717/1717 1718/1718/1718 1697/1697/1697
f 1697/1697/1697 1718/1718/1718 1698/1698/1698
f 1718/1718/1718 1719/1719/1719 1698/1698/1698
f 1698/1698/1698 1719/1719/1719 1699/1699/1699
f 1719/1719/1719 1720/1720/1720 1699/1699/1699
f 1699/1699/1699 1720/1720/1720 1700/1700/1700
f 1720/1720/1720 1721/1721/1721 1700/1700/1700
f 1700/1700/1700 1721/1721/1721 1701/1701/1701
f 1721/1721/1721 1722/1722/1722 1701/1701/1701
f 1701/1701/1701 1722/1722/1722 1702/1702/1702
f 1722/1722/1722 1723/1723/1723 1702/1702/1702
f 1702/1702/1702 1723/1723/1723 1703/1703/1703
f 1723/1723/1723 1724/1724/1724 1703/1703/1703
f 1703/1703/1703 1724/1724/1724 1704/1704/1704
f 1724/1724/1724 1725/1725/1725 1704/1704/1704
f 1704/1704/1704 1725/1725/1725 1705/1705/1705
f 1725/1725/1725 1726/1726/1726 1705/1705/1705
f 1705/1705/1705 1726/1726/1726 1706/1706/1706
f 1726/1726/1726 1727/1727/1727 1706/1706/1706
f 1706/1706/1706 1727/1727/1727 1707/1707/1707
f 1727/1727/1727 1728/1728/1728 1707/1707/1707
f 1707/1707/1707 1728/1728/1728 1708/1708/1708
f 1728/1728/1728 1729/1729/1729 1708/1708/1708
f 1708/1708/1708 1729/1729/1729 1709/1709/1709
f 1729/1729/1729 1730/1730/1730 1709/1709/1709
f 1709/1709/1709 1730/1730/1730 1710/1710/1710
f 1730/1730/1730 1731/1731/1731 1710/1710/1710
f 1710/1710/1710 1731/1731/1731 1711/1711/1711
f 1731/1731/1731 1732/1732/1732 1711/1711/1711
f 1711/1711/1711 1732/1732/1732 1712/1712/1712
f 1732/1732/1732 1733/1733/1733 1712/1712/1712
f 1712/1712/1712 1733/1733/1733 1713/1713/1713
f 1733/1733/1733 1734/1734/1734 1713/1713/1713
f 1755/1755/1755 1756/1756/1756 1735/1735/1735
f 1756/1756/1756 1757/1757/1757 1736/1736/1736
f 1757/1757/1757 1758/1758/1758 1737/1737/1737
f 1758/1758/1758 1759/1759/1759 1738/1738/1738
f 1759/1759/1759 1760/1760/1760 1739/1739/1739
f 1760/1760/1760 1761/1761/1761 1740/1740/1740
f 1761/1761/1761 1762/1762/1762 1741/1741/1741
f 1762/1762/1762 1763/1763/1763 1742/1742/1742
f 1763/1763/1763 1764/1764/1764 1743/1743/1743
f 1764/1764/1764 1765/1765/1765 1744/1744/1744
f 1765/1765/1765 1766/1766/1766 1745/1745/1745
f 1766/1766/1766 1767/1767/1767 1746/1746/1746
f 1767/1767/1767 1768/1768/1768 1747/1747/1747
f 1768/1768/1768 1769/1769/1769 1748/1748/1748
f 1769/1769/1769 1770/1770/1770 1749/1749/1749
f 1770/1770/1770 1771/1771/1771 1750/1750/1750
f 1771/1771/1771 1772/1772/1772 1751/1751/1751
f 1772/1772/1772 1773/1773/1773 1752/1752/1752
f 1773/1773/1773 1774/1774/1774 1753/1753/1753
f 1774/1774/1774 1775/1775/1775 1754/1754/1754
f 1797/1797/1797 1796/1796/1796 1776/1776/1776
f 1798/1798/1798 1797/1797/1797 1777/1777/1777
f 1799/1799/1799 1798/1798/1798 1778/1778/1778
f 1800/1800/1800 1799/1799/1799 1779/1779/1779
f 1801/1801/1801 1800/1800/1800 1780/1780/1780
f 1802/1802/1802 1801/1801/1801 1781/1781/1781
f 1803/1803/1803 1802/1802/1802 1782/1782/1782
f 1804/1804/1804 1803/1803/1803 1783/1783/1783
f 1805/1805/1805 1804/1804/1804 1784/1784/1784
f 1806/1806/1806 1805/1805/1805 1785/1785/1785
f 1807/1807/1807 1806/1806/1806 1786/1786/1786
f 1808/1808/1808 1807/1807/1807 1787/1787/1787
f 1809/1809/1809 1808/1808/1808 1788/1788/1788
f 1810/1810/1810 1809/1809/1809 1789/1789/1789
f 1811/1811/1811 1810/1810/1810 1790/1790/1790
f 1812/1812/1812 1811/1811/1811 1791/1791/1791
f 1813/1813/1813 1812/1812/1812 1792/1792/1792
f 1814/1814/1814 1813/1813/1813 1793/1793/1793
f 1815/1815/1815 1814/1814/1814 1794/1794/1794
f 1816/1816/1816 1815/1815/1815 1795/1795/1795
o watchtower_front_left_cap_top
usemtl dark_granite_trim
v -2.9000000000000004 5.1000000005960455 2.425000011920929
v -2.768667781352997 5.1000000005960455 2.404199033975601
v -2.6501912713050846 5.1000000005960455 2.3438322246074677
v -2.5561677753925327 5.1000000005960455 2.2498087286949158
v -2.495800966024399 5.1000000005960455 2.131332218647003
v -2.4749999880790714 5.1000000005960455 2
v -2.495800966024399 5.1000000005960455 1.8686677813529968
v -2.5561677753925327 5.1000000005960455 1.7501912713050842
v -2.6501912713050846 5.1000000005960455 1.6561677753925323
v -2.768667781352997 5.1000000005960455 1.5958009660243988
v -2.9000000000000004 5.1000000005960455 1.574999988079071
v -3.0313322186470035 5.1000000005960455 1.5958009660243988
v -3.149808728694916 5.1000000005960455 1.6561677753925323
v -3.243832224607468 5.1000000005960455 1.7501912713050842
v -3.3041990339756016 5.1000000005960455 1.8686677813529968
v -3.3250000119209293 5.1000000005960455 2
v -3.3041990339756016 5.1000000005960455 2.131332218647003
v -3.243832224607468 5.1000000005960455 2.2498087286949158
v -3.149808728694916 5.1000000005960455 2.3438322246074677
v -3.0313322186470035 5.1000000005960455 2.404199033975601
v -2.9000000000000004 5.1000000005960455 2.425000011920929
v -2.9000000000000004 4.819999999403953 2.662999987602234
v -2.6951217293739322 4.819999999403953 2.630550444126129
v -2.5102983653545383 4.819999999403953 2.536378264427185
v -2.3636217355728153 4.819999999403953 2.389701634645462
v -2.269449555873871 4.819999999403953 2.204878270626068
v -2.2370000123977665 4.819999999403953 2
v -2.269449555873871 4.819999999403953 1.7951217293739319
v -2.3636217355728153 4.819999999403953 1.610298365354538
v -2.5102983653545383 4.819999999403953 1.463621735572815
v -2.6951217293739322 4.819999999403953 1.3694495558738708
v -2.9000000000000004 4.819999999403953 1.3370000123977661
v -3.1048782706260685 4.819999999403953 1.3694495558738708
v -3.2897016346454624 4.819999999403953 1.463621735572815
v -3.4363782644271854 4.819999999403953 1.610298365354538
v -3.5305504441261295 4.819999999403953 1.7951217293739319
v -3.5629999876022342 4.819999999403953 1.9999999999999998
v -3.5305504441261295 4.819999999403953 2.204878270626068
v -3.4363782644271854 4.819999999403953 2.389701634645462
v -3.2897016346454624 4.819999999403953 2.536378264427185
v -3.1048782706260685 4.819999999403953 2.630550444126129
v -2.9000000000000004 4.819999999403953 2.662999987602234
v -2.9000000000000004 5.1000000005960455 2
v -2.9000000000000004 5.1000000005960455 2
v -2.9000000000000004 5.1000000005960455 2
v -2.9000000000000004 5.1000000005960455 2
v -2.9000000000000004 5.1000000005960455 2
v -2.9000000000000004 5.1000000005960455 2
v -2.9000000000000004 5.1000000005960455 2
v -2.9000000000000004 5.1000000005960455 2
v -2.9000000000000004 5.1000000005960455 2
v -2.9000000000000004 5.1000000005960455 2
v -2.9000000000000004 5.1000000005960455 2
v -2.9000000000000004 5.1000000005960455 2
v -2.9000000000000004 5.1000000005960455 2
v -2.9000000000000004 5.1000000005960455 2
v -2.9000000000000004 5.1000000005960455 2
v -2.9000000000000004 5.1000000005960455 2
v -2.9000000000000004 5.1000000005960455 2
v -2.9000000000000004 5.1000000005960455 2
v -2.9000000000000004 5.1000000005960455 2
v -2.9000000000000004 5.1000000005960455 2
v -2.9000000000000004 5.1000000005960455 2.425000011920929
v -2.768667781352997 5.1000000005960455 2.404199033975601
v -2.6501912713050846 5.1000000005960455 2.3438322246074677
v -2.5561677753925327 5.1000000005960455 2.2498087286949158
v -2.495800966024399 5.1000000005960455 2.131332218647003
v -2.4749999880790714 5.1000000005960455 2
v -2.495800966024399 5.1000000005960455 1.8686677813529968
v -2.5561677753925327 5.1000000005960455 1.7501912713050842
v -2.6501912713050846 5.1000000005960455 1.6561677753925323
v -2.768667781352997 5.1000000005960455 1.5958009660243988
v -2.9000000000000004 5.1000000005960455 1.574999988079071
v -3.0313322186470035 5.1000000005960455 1.5958009660243988
v -3.149808728694916 5.1000000005960455 1.6561677753925323
v -3.243832224607468 5.1000000005960455 1.7501912713050842
v -3.3041990339756016 5.1000000005960455 1.8686677813529968
v -3.3250000119209293 5.1000000005960455 2
v -3.3041990339756016 5.1000000005960455 2.131332218647003
v -3.243832224607468 5.1000000005960455 2.2498087286949158
v -3.149808728694916 5.1000000005960455 2.3438322246074677
v -3.0313322186470035 5.1000000005960455 2.404199033975601
v -2.9000000000000004 5.1000000005960455 2.425000011920929
v -2.9000000000000004 4.819999999403953 2
v -2.9000000000000004 4.819999999403953 2
v -2.9000000000000004 4.819999999403953 2
v -2.9000000000000004 4.819999999403953 2
v -2.9000000000000004 4.819999999403953 2
v -2.9000000000000004 4.819999999403953 2
v -2.9000000000000004 4.819999999403953 2
v -2.9000000000000004 4.819999999403953 2
v -2.9000000000000004 4.819999999403953 2
v -2.9000000000000004 4.819999999403953 2
v -2.9000000000000004 4.819999999403953 2
v -2.9000000000000004 4.819999999403953 2
v -2.9000000000000004 4.819999999403953 2
v -2.9000000000000004 4.819999999403953 2
v -2.9000000000000004 4.819999999403953 2
v -2.9000000000000004 4.819999999403953 2
v -2.9000000000000004 4.819999999403953 2
v -2.9000000000000004 4.819999999403953 2
v -2.9000000000000004 4.819999999403953 2
v -2.9000000000000004 4.819999999403953 2
v -2.9000000000000004 4.819999999403953 2.662999987602234
v -2.6951217293739322 4.819999999403953 2.630550444126129
v -2.5102983653545383 4.819999999403953 2.536378264427185
v -2.3636217355728153 4.819999999403953 2.389701634645462
v -2.269449555873871 4.819999999403953 2.204878270626068
v -2.2370000123977665 4.819999999403953 2
v -2.269449555873871 4.819999999403953 1.7951217293739319
v -2.3636217355728153 4.819999999403953 1.610298365354538
v -2.5102983653545383 4.819999999403953 1.463621735572815
v -2.6951217293739322 4.819999999403953 1.3694495558738708
v -2.9000000000000004 4.819999999403953 1.3370000123977661
v -3.1048782706260685 4.819999999403953 1.3694495558738708
v -3.2897016346454624 4.819999999403953 1.463621735572815
v -3.4363782644271854 4.819999999403953 1.610298365354538
v -3.5305504441261295 4.819999999403953 1.7951217293739319
v -3.5629999876022342 4.819999999403953 1.9999999999999998
v -3.5305504441261295 4.819999999403953 2.204878270626068
v -3.4363782644271854 4.819999999403953 2.389701634645462
v -3.2897016346454624 4.819999999403953 2.536378264427185
v -3.1048782706260685 4.819999999403953 2.630550444126129
v -2.9000000000000004 4.819999999403953 2.662999987602234
vt 0 1
vt 0.05000000074505806 1
vt 0.10000000149011612 1
vt 0.15000000596046448 1
vt 0.20000000298023224 1
vt 0.25 1
vt 0.30000001192092896 1
vt 0.3499999940395355 1
vt 0.4000000059604645 1
vt 0.44999998807907104 1
vt 0.5 1
vt 0.550000011920929 1
vt 0.6000000238418579 1
vt 0.6499999761581421 1
vt 0.699999988079071 1
vt 0.75 1
vt 0.800000011920929 1
vt 0.8500000238418579 1
vt 0.8999999761581421 1
vt 0.949999988079071 1
vt 1 1
vt 0 0
vt 0.05000000074505806 0
vt 0.10000000149011612 0
vt 0.15000000596046448 0
vt 0.20000000298023224 0
vt 0.25 0
vt 0.30000001192092896 0
vt 0.3499999940395355 0
vt 0.4000000059604645 0
vt 0.44999998807907104 0
vt 0.5 0
vt 0.550000011920929 0
vt 0.6000000238418579 0
vt 0.6499999761581421 0
vt 0.699999988079071 0
vt 0.75 0
vt 0.800000011920929 0
vt 0.8500000238418579 0
vt 0.8999999761581421 0
vt 0.949999988079071 0
vt 1 0
vt 0.5 0.5
vt 0.5 0.5
vt 0.5 0.5
vt 0.5 0.5
vt 0.5 0.5
vt 0.5 0.5
vt 0.5 0.5
vt 0.5 0.5
vt 0.5 0.5
vt 0.5 0.5
vt 0.5 0.5
vt 0.5 0.5
vt 0.5 0.5
vt 0.5 0.5
vt 0.5 0.5
vt 0.5 0.5
vt 0.5 0.5
vt 0.5 0.5
vt 0.5 0.5
vt 0.5 0.5
vt 1 0.5
vt 0.9755282402038574 0.6545084714889526
vt 0.9045084714889526 0.7938926219940186
vt 0.7938926219940186 0.9045084714889526
vt 0.6545084714889526 0.9755282402038574
vt 0.5 1
vt 0.345491498708725 0.9755282402038574
vt 0.20610737800598145 0.9045084714889526
vt 0.09549150615930557 0.7938926219940186
vt 0.024471741169691086 0.6545084714889526
vt 0 0.5
vt 0.024471741169691086 0.345491498708725
vt 0.09549150615930557 0.20610737800598145
vt 0.20610737800598145 0.09549150615930557
vt 0.345491498708725 0.024471741169691086
vt 0.5 0
vt 0.6545084714889526 0.024471741169691086
vt 0.7938926219940186 0.09549150615930557
vt 0.9045084714889526 0.20610737800598145
vt 0.9755282402038574 0.345491498708725
vt 1 0.5
vt 0.5 0.5
vt 0.5 0.5
vt 0.5 0.5
vt 0.5 0.5
vt 0.5 0.5
vt 0.5 0.5
vt 0.5 0.5
vt 0.5 0.5
vt 0.5 0.5
vt 0.5 0.5
vt 0.5 0.5
vt 0.5 0.5
vt 0.5 0.5
vt 0.5 0.5
vt 0.5 0.5
vt 0.5 0.5
vt 0.5 0.5
vt 0.5 0.5
vt 0.5 0.5
vt 0.5 0.5
vt 1 0.5
vt 0.9755282402038574 0.345491498708725
vt 0.9045084714889526 0.20610737800598145
vt 0.7938926219940186 0.09549150615930557
vt 0.6545084714889526 0.024471741169691086
vt 0.5 0
vt 0.345491498708725 0.024471741169691086
vt 0.20610737800598145 0.09549150615930557
vt 0.09549150615930557 0.20610737800598145
vt 0.024471741169691086 0.345491498708725
vt 0 0.5
vt 0.024471741169691086 0.6545084714889526
vt 0.09549150615930557 0.7938926219940186
vt 0.20610737800598145 0.9045084714889526
vt 0.345491498708725 0.9755282402038574
vt 0.5 1
vt 0.6545084714889526 0.9755282402038574
vt 0.7938926219940186 0.9045084714889526
vt 0.9045084714889526 0.7938926219940186
vt 0.9755282402038574 0.6545084714889526
vt 1 0.5
vn 0 0.6476483906825078 0.761939342760536
vn 0.2354522102227413 0.6476484086313953 0.7246473594090074
vn 0.4478566959699595 0.6476483962915032 0.6164218804162579
vn 0.6164218804162579 0.6476483962915032 0.4478566959699595
vn 0.7246473594090074 0.6476484086313953 0.2354522102227413
vn 0.761939342760536 0.6476483906825078 4.665532556801036e-17
vn 0.7246473594090074 0.6476484086313953 -0.2354522102227413
vn 0.6164218804162579 0.6476483962915032 -0.4478566959699595
vn 0.4478566959699595 0.6476483962915032 -0.6164218804162579
vn 0.2354522102227413 0.6476484086313953 -0.7246473594090074
vn 9.331065113602072e-17 0.6476483906825078 -0.761939342760536
vn -0.2354522102227413 0.6476484086313953 -0.7246473594090074
vn -0.4478566959699595 0.6476483962915032 -0.6164218804162579
vn -0.6164218804162579 0.6476483962915032 -0.4478566959699595
vn -0.7246473594090074 0.6476484086313953 -0.2354522102227413
vn -0.761939342760536 0.6476483906825078 -1.3996598663019838e-16
vn -0.7246473594090074 0.6476484086313953 0.2354522102227413
vn -0.6164218804162579 0.6476483962915032 0.4478566959699595
vn -0.4478566959699595 0.6476483962915032 0.6164218804162579
vn -0.2354522102227413 0.6476484086313953 0.7246473594090074
vn -1.8662130227204143e-16 0.6476483906825078 0.761939342760536
vn 0 0.6476483906825078 0.761939342760536
vn 0.2354522102227413 0.6476484086313953 0.7246473594090074
vn 0.4478566959699595 0.6476483962915032 0.6164218804162579
vn 0.6164218804162579 0.6476483962915032 0.4478566959699595
vn 0.7246473594090074 0.6476484086313953 0.2354522102227413
vn 0.761939342760536 0.6476483906825078 4.665532556801036e-17
vn 0.7246473594090074 0.6476484086313953 -0.2354522102227413
vn 0.6164218804162579 0.6476483962915032 -0.4478566959699595
vn 0.4478566959699595 0.6476483962915032 -0.6164218804162579
vn 0.2354522102227413 0.6476484086313953 -0.7246473594090074
vn 9.331065113602072e-17 0.6476483906825078 -0.761939342760536
vn -0.2354522102227413 0.6476484086313953 -0.7246473594090074
vn -0.4478566959699595 0.6476483962915032 -0.6164218804162579
vn -0.6164218804162579 0.6476483962915032 -0.4478566959699595
vn -0.7246473594090074 0.6476484086313953 -0.2354522102227413
vn -0.761939342760536 0.6476483906825078 -1.3996598663019838e-16
vn -0.7246473594090074 0.6476484086313953 0.2354522102227413
vn -0.6164218804162579 0.6476483962915032 0.4478566959699595
vn -0.4478566959699595 0.6476483962915032 0.6164218804162579
vn -0.2354522102227413 0.6476484086313953 0.7246473594090074
vn -1.8662130227204143e-16 0.6476483906825078 0.761939342760536
vn 0 1 0
vn 0 1 0
vn 0 1 0
vn 0 1 0
vn 0 1 0
vn 0 1 0
vn 0 1 0
vn 0 1 0
vn 0 1 0
vn 0 1 0
vn 0 1 0
vn 0 1 0
vn 0 1 0
vn 0 1 0
vn 0 1 0
vn 0 1 0
vn 0 1 0
vn 0 1 0
vn 0 1 0
vn 0 1 0
vn 0 1 0
vn 0 1 0
vn 0 1 0
vn 0 1 0
vn 0 1 0
vn 0 1 0
vn 0 1 0
vn 0 1 0
vn 0 1 0
vn 0 1 0
vn 0 1 0
vn 0 1 0
vn 0 1 0
vn 0 1 0
vn 0 1 0
vn 0 1 0
vn 0 1 0
vn 0 1 0
vn 0 1 0
vn 0 1 0
vn 0 1 0
vn 0 -1 0
vn 0 -1 0
vn 0 -1 0
vn 0 -1 0
vn 0 -1 0
vn 0 -1 0
vn 0 -1 0
vn 0 -1 0
vn 0 -1 0
vn 0 -1 0
vn 0 -1 0
vn 0 -1 0
vn 0 -1 0
vn 0 -1 0
vn 0 -1 0
vn 0 -1 0
vn 0 -1 0
vn 0 -1 0
vn 0 -1 0
vn 0 -1 0
vn 0 -1 0
vn 0 -1 0
vn 0 -1 0
vn 0 -1 0
vn 0 -1 0
vn 0 -1 0
vn 0 -1 0
vn 0 -1 0
vn 0 -1 0
vn 0 -1 0
vn 0 -1 0
vn 0 -1 0
vn 0 -1 0
vn 0 -1 0
vn 0 -1 0
vn 0 -1 0
vn 0 -1 0
vn 0 -1 0
vn 0 -1 0
vn 0 -1 0
vn 0 -1 0
f 1817/1817/1817 1838/1838/1838 1818/1818/1818
f 1838/1838/1838 1839/1839/1839 1818/1818/1818
f 1818/1818/1818 1839/1839/1839 1819/1819/1819
f 1839/1839/1839 1840/1840/1840 1819/1819/1819
f 1819/1819/1819 1840/1840/1840 1820/1820/1820
f 1840/1840/1840 1841/1841/1841 1820/1820/1820
f 1820/1820/1820 1841/1841/1841 1821/1821/1821
f 1841/1841/1841 1842/1842/1842 1821/1821/1821
f 1821/1821/1821 1842/1842/1842 1822/1822/1822
f 1842/1842/1842 1843/1843/1843 1822/1822/1822
f 1822/1822/1822 1843/1843/1843 1823/1823/1823
f 1843/1843/1843 1844/1844/1844 1823/1823/1823
f 1823/1823/1823 1844/1844/1844 1824/1824/1824
f 1844/1844/1844 1845/1845/1845 1824/1824/1824
f 1824/1824/1824 1845/1845/1845 1825/1825/1825
f 1845/1845/1845 1846/1846/1846 1825/1825/1825
f 1825/1825/1825 1846/1846/1846 1826/1826/1826
f 1846/1846/1846 1847/1847/1847 1826/1826/1826
f 1826/1826/1826 1847/1847/1847 1827/1827/1827
f 1847/1847/1847 1848/1848/1848 1827/1827/1827
f 1827/1827/1827 1848/1848/1848 1828/1828/1828
f 1848/1848/1848 1849/1849/1849 1828/1828/1828
f 1828/1828/1828 1849/1849/1849 1829/1829/1829
f 1849/1849/1849 1850/1850/1850 1829/1829/1829
f 1829/1829/1829 1850/1850/1850 1830/1830/1830
f 1850/1850/1850 1851/1851/1851 1830/1830/1830
f 1830/1830/1830 1851/1851/1851 1831/1831/1831
f 1851/1851/1851 1852/1852/1852 1831/1831/1831
f 1831/1831/1831 1852/1852/1852 1832/1832/1832
f 1852/1852/1852 1853/1853/1853 1832/1832/1832
f 1832/1832/1832 1853/1853/1853 1833/1833/1833
f 1853/1853/1853 1854/1854/1854 1833/1833/1833
f 1833/1833/1833 1854/1854/1854 1834/1834/1834
f 1854/1854/1854 1855/1855/1855 1834/1834/1834
f 1834/1834/1834 1855/1855/1855 1835/1835/1835
f 1855/1855/1855 1856/1856/1856 1835/1835/1835
f 1835/1835/1835 1856/1856/1856 1836/1836/1836
f 1856/1856/1856 1857/1857/1857 1836/1836/1836
f 1836/1836/1836 1857/1857/1857 1837/1837/1837
f 1857/1857/1857 1858/1858/1858 1837/1837/1837
f 1879/1879/1879 1880/1880/1880 1859/1859/1859
f 1880/1880/1880 1881/1881/1881 1860/1860/1860
f 1881/1881/1881 1882/1882/1882 1861/1861/1861
f 1882/1882/1882 1883/1883/1883 1862/1862/1862
f 1883/1883/1883 1884/1884/1884 1863/1863/1863
f 1884/1884/1884 1885/1885/1885 1864/1864/1864
f 1885/1885/1885 1886/1886/1886 1865/1865/1865
f 1886/1886/1886 1887/1887/1887 1866/1866/1866
f 1887/1887/1887 1888/1888/1888 1867/1867/1867
f 1888/1888/1888 1889/1889/1889 1868/1868/1868
f 1889/1889/1889 1890/1890/1890 1869/1869/1869
f 1890/1890/1890 1891/1891/1891 1870/1870/1870
f 1891/1891/1891 1892/1892/1892 1871/1871/1871
f 1892/1892/1892 1893/1893/1893 1872/1872/1872
f 1893/1893/1893 1894/1894/1894 1873/1873/1873
f 1894/1894/1894 1895/1895/1895 1874/1874/1874
f 1895/1895/1895 1896/1896/1896 1875/1875/1875
f 1896/1896/1896 1897/1897/1897 1876/1876/1876
f 1897/1897/1897 1898/1898/1898 1877/1877/1877
f 1898/1898/1898 1899/1899/1899 1878/1878/1878
f 1921/1921/1921 1920/1920/1920 1900/1900/1900
f 1922/1922/1922 1921/1921/1921 1901/1901/1901
f 1923/1923/1923 1922/1922/1922 1902/1902/1902
f 1924/1924/1924 1923/1923/1923 1903/1903/1903
f 1925/1925/1925 1924/1924/1924 1904/1904/1904
f 1926/1926/1926 1925/1925/1925 1905/1905/1905
f 1927/1927/1927 1926/1926/1926 1906/1906/1906
f 1928/1928/1928 1927/1927/1927 1907/1907/1907
f 1929/1929/1929 1928/1928/1928 1908/1908/1908
f 1930/1930/1930 1929/1929/1929 1909/1909/1909
f 1931/1931/1931 1930/1930/1930 1910/1910/1910
f 1932/1932/1932 1931/1931/1931 1911/1911/1911
f 1933/1933/1933 1932/1932/1932 1912/1912/1912
f 1934/1934/1934 1933/1933/1933 1913/1913/1913
f 1935/1935/1935 1934/1934/1934 1914/1914/1914
f 1936/1936/1936 1935/1935/1935 1915/1915/1915
f 1937/1937/1937 1936/1936/1936 1916/1916/1916
f 1938/1938/1938 1937/1937/1937 1917/1917/1917
f 1939/1939/1939 1938/1938/1938 1918/1918/1918
f 1940/1940/1940 1939/1939/1939 1919/1919/1919
o watchtower_front_left_finial
usemtl dark_granite_trim
v -2.9000000000000004 5.467000006437301 2
v -2.9000000000000004 5.467000006437301 2
v -2.9000000000000004 5.467000006437301 2
v -2.9000000000000004 5.467000006437301 2
v -2.9000000000000004 5.467000006437301 2
v -2.9000000000000004 5.467000006437301 2
v -2.9000000000000004 5.467000006437301 2
v -2.9000000000000004 5.467000006437301 2
v -2.9000000000000004 5.467000006437301 2
v -2.9000000000000004 5.467000006437301 2
v -2.9000000000000004 5.467000006437301 2
v -2.9000000000000004 5.467000006437301 2
v -2.9000000000000004 5.467000006437301 2
v -2.9000000000000004 5.467000006437301 2
v -2.9000000000000004 5.467000006437301 2
v -2.9483991615474228 5.460628135800361 2
v -2.9436061359941963 5.460628135800361 2.0209996085613966
v -2.9301763843744997 5.460628135800361 2.037839986383915
v -2.910769826360047 5.460628135800361 2.047185692936182
v -2.8892301736399535 5.460628135800361 2.047185692936182
v -2.869823615625501 5.460628135800361 2.037839986383915
v -2.8563938640058044 5.460628135800361 2.0209996085613966
v -2.851600838452578 5.460628135800361 2
v -2.8563938640058044 5.460628135800361 1.9790003914386034
v -2.869823615625501 5.460628135800361 1.962160013616085
v -2.8892301736399535 5.460628135800361 1.952814307063818
v -2.910769826360047 5.460628135800361 1.952814307063818
v -2.9301763843744997 5.460628135800361 1.962160013616085
v -2.9436061359941963 5.460628135800361 1.9790003914386034
v -2.9483991615474228 5.460628135800361 2
v -2.993500003218651 5.44194674372673 2
v -2.9842405855655674 5.44194674372673 2.0405681282281876
v -2.958296296745539 5.44194674372673 2.073101244866848
v -2.920805707201362 5.44194674372673 2.0911557599902153
v -2.8791942927986387 5.44194674372673 2.0911557599902153
v -2.8417037032544616 5.44194674372673 2.073101244866848
v -2.8157594144344333 5.44194674372673 2.0405681282281876
v -2.8064999967813495 5.44194674372673 2
v -2.8157594144344333 5.44194674372673 1.9594318717718124
v -2.8417037032544616 5.44194674372673 1.926898755133152
v -2.8791942927986387 5.44194674372673 1.9088442400097847
v -2.920805707201362 5.44194674372673 1.9088442400097847
v -2.958296296745539 5.44194674372673 1.926898755133152
v -2.9842405855655674 5.44194674372673 1.9594318717718124
v -2.993500003218651 5.44194674372673 2
v -3.0322289705276493 5.412228970527648 2
v -3.019134180247784 5.412228970527648 2.057372000068426
v -2.982443416118622 5.412228970527648 2.1033807694911957
v -2.9294237136840824 5.412228970527648 2.128913715481758
v -2.8705762863159183 5.412228970527648 2.128913715481758
v -2.8175565838813785 5.412228970527648 2.1033807694911957
v -2.7808658197522167 5.412228970527648 2.057372000068426
v -2.7677710294723514 5.412228970527648 2
v -2.7808658197522167 5.412228970527648 1.9426279999315739
v -2.8175565838813785 5.412228970527648 1.8966192305088043
v -2.8705762863159183 5.412228970527648 1.8710862845182419
v -2.9294237136840824 5.412228970527648 1.8710862845182419
v -2.982443416118622 5.412228970527648 1.8966192305088043
v -3.019134180247784 5.412228970527648 1.9426279999315739
v -3.0322289705276493 5.412228970527648 2
v -3.0619467437267307 5.37350000321865 2
v -3.045908981561661 5.37350000321865 2.0702660605311394
v -3.0009721457958225 5.37350000321865 2.126615062355995
v -2.9360365435481075 5.37350000321865 2.1578864008188248
v -2.863963456451893 5.37350000321865 2.1578864008188248
v -2.799027854204178 5.37350000321865 2.126615062355995
v -2.7540910184383396 5.37350000321865 2.0702660605311394
v -2.73805325627327 5.37350000321865 2
v -2.7540910184383396 5.37350000321865 1.9297339394688606
v -2.799027854204178 5.37350000321865 1.8733849376440048
v -2.863963456451893 5.37350000321865 1.8421135991811752
v -2.9360365435481075 5.37350000321865 1.8421135991811752
v -3.0009721457958225 5.37350000321865 1.8733849376440048
v -3.045908981561661 5.37350000321865 1.9297339394688606
v -3.0619467437267307 5.37350000321865 2
v -3.080628135800362 5.328399161547422 2
v -3.0627403199672703 5.328399161547422 2.0783716067671776
v -3.012619794905186 5.328399161547422 2.1412207633256912
v -2.9401935391128067 5.328399161547422 2.17609940469265
v -2.859806460887194 5.328399161547422 2.17609940469265
v -2.7873802050948147 5.328399161547422 2.1412207633256912
v -2.7372596800327305 5.328399161547422 2.0783716067671776
v -2.7193718641996387 5.328399161547422 2
v -2.7372596800327305 5.328399161547422 1.9216283932328224
v -2.7873802050948147 5.328399161547422 1.8587792366743088
v -2.859806460887194 5.328399161547422 1.8239005953073502
v -2.9401935391128067 5.328399161547422 1.8239005953073502
v -3.012619794905186 5.328399161547422 1.8587792366743088
v -3.0627403199672703 5.328399161547422 1.9216283932328224
v -3.080628135800362 5.328399161547422 2
v -3.087000006437302 5.279999999999999 2
v -3.0684811711311344 5.279999999999999 2.081136256456375
v -3.016592593491078 5.279999999999999 2.146202489733696
v -2.9416114144027237 5.279999999999999 2.1823115199804306
v -2.858388585597277 5.279999999999999 2.1823115199804306
v -2.783407406508923 5.279999999999999 2.146202489733696
v -2.7315188288688663 5.279999999999999 2.081136256456375
v -2.7129999935626987 5.279999999999999 2
v -2.7315188288688663 5.279999999999999 1.9188637435436249
v -2.783407406508923 5.279999999999999 1.853797510266304
v -2.858388585597277 5.279999999999999 1.8176884800195694
v -2.9416114144027237 5.279999999999999 1.8176884800195694
v -3.016592593491078 5.279999999999999 1.853797510266304
v -3.0684811711311344 5.279999999999999 1.9188637435436249
v -3.087000006437302 5.279999999999999 2
v -3.080628135800362 5.231600838452577 2
v -3.0627403199672703 5.231600838452577 2.0783716067671776
v -3.012619794905186 5.231600838452577 2.1412207633256912
v -2.9401935391128067 5.231600838452577 2.17609940469265
v -2.859806460887194 5.231600838452577 2.17609940469265
v -2.7873802050948147 5.231600838452577 2.1412207633256912
v -2.7372596800327305 5.231600838452577 2.0783716067671776
v -2.7193718641996387 5.231600838452577 2
v -2.7372596800327305 5.231600838452577 1.9216283932328224
v -2.7873802050948147 5.231600838452577 1.8587792366743088
v -2.859806460887194 5.231600838452577 1.8239005953073502
v -2.9401935391128067 5.231600838452577 1.8239005953073502
v -3.012619794905186 5.231600838452577 1.8587792366743088
v -3.0627403199672703 5.231600838452577 1.9216283932328224
v -3.080628135800362 5.231600838452577 2
v -3.0619467437267307 5.1864999967813485 2
v -3.045908981561661 5.1864999967813485 2.0702660605311394
v -3.0009721457958225 5.1864999967813485 2.126615062355995
v -2.9360365435481075 5.1864999967813485 2.1578864008188248
v -2.863963456451893 5.1864999967813485 2.1578864008188248
v -2.799027854204178 5.1864999967813485 2.126615062355995
v -2.7540910184383396 5.1864999967813485 2.0702660605311394
v -2.73805325627327 5.1864999967813485 2
v -2.7540910184383396 5.1864999967813485 1.9297339394688606
v -2.799027854204178 5.1864999967813485 1.8733849376440048
v -2.863963456451893 5.1864999967813485 1.8421135991811752
v -2.9360365435481075 5.1864999967813485 1.8421135991811752
v -3.0009721457958225 5.1864999967813485 1.8733849376440048
v -3.045908981561661 5.1864999967813485 1.9297339394688606
v -3.0619467437267307 5.1864999967813485 2
v -3.0322289705276493 5.14777102947235 2
v -3.019134180247784 5.14777102947235 2.057372000068426
v -2.982443416118622 5.14777102947235 2.1033807694911957
v -2.9294237136840824 5.14777102947235 2.128913715481758
v -2.8705762863159183 5.14777102947235 2.128913715481758
v -2.8175565838813785 5.14777102947235 2.1033807694911957
v -2.7808658197522167 5.14777102947235 2.057372000068426
v -2.7677710294723514 5.14777102947235 2
v -2.7808658197522167 5.14777102947235 1.9426279999315739
v -2.8175565838813785 5.14777102947235 1.8966192305088043
v -2.8705762863159183 5.14777102947235 1.8710862845182419
v -2.9294237136840824 5.14777102947235 1.8710862845182419
v -2.982443416118622 5.14777102947235 1.8966192305088043
v -3.019134180247784 5.14777102947235 1.9426279999315739
v -3.0322289705276493 5.14777102947235 2
v -2.993500003218651 5.118053256273269 2
v -2.9842405855655674 5.118053256273269 2.0405681282281876
v -2.958296296745539 5.118053256273269 2.073101244866848
v -2.920805707201362 5.118053256273269 2.0911557599902153
v -2.8791942927986387 5.118053256273269 2.0911557599902153
v -2.8417037032544616 5.118053256273269 2.073101244866848
v -2.8157594144344333 5.118053256273269 2.0405681282281876
v -2.8064999967813495 5.118053256273269 2
v -2.8157594144344333 5.118053256273269 1.9594318717718124
v -2.8417037032544616 5.118053256273269 1.926898755133152
v -2.8791942927986387 5.118053256273269 1.9088442400097847
v -2.920805707201362 5.118053256273269 1.9088442400097847
v -2.958296296745539 5.118053256273269 1.926898755133152
v -2.9842405855655674 5.118053256273269 1.9594318717718124
v -2.993500003218651 5.118053256273269 2
v -2.9483991615474228 5.099371864199638 2
v -2.9436061359941963 5.099371864199638 2.0209996085613966
v -2.9301763843744997 5.099371864199638 2.037839986383915
v -2.910769826360047 5.099371864199638 2.047185692936182
v -2.8892301736399535 5.099371864199638 2.047185692936182
v -2.869823615625501 5.099371864199638 2.037839986383915
v -2.8563938640058044 5.099371864199638 2.0209996085613966
v -2.851600838452578 5.099371864199638 2
v -2.8563938640058044 5.099371864199638 1.9790003914386034
v -2.869823615625501 5.099371864199638 1.962160013616085
v -2.8892301736399535 5.099371864199638 1.952814307063818
v -2.910769826360047 5.099371864199638 1.952814307063818
v -2.9301763843744997 5.099371864199638 1.962160013616085
v -2.9436061359941963 5.099371864199638 1.9790003914386034
v -2.9483991615474228 5.099371864199638 2
v -2.9000000000000004 5.092999993562698 2
v -2.9000000000000004 5.092999993562698 2
v -2.9000000000000004 5.092999993562698 2
v -2.9000000000000004 5.092999993562698 2
v -2.9000000000000004 5.092999993562698 2
v -2.9000000000000004 5.092999993562698 2
v -2.9000000000000004 5.092999993562698 2
v -2.9000000000000004 5.092999993562698 2
v -2.9000000000000004 5.092999993562698 2
v -2.9000000000000004 5.092999993562698 2
v -2.9000000000000004 5.092999993562698 2
v -2.9000000000000004 5.092999993562698 2
v -2.9000000000000004 5.092999993562698 2
v -2.9000000000000004 5.092999993562698 2
v -2.9000000000000004 5.092999993562698 2
vt 0.0357142873108387 1
vt 0.1071428582072258 1
vt 0.1785714328289032 1
vt 0.25 1
vt 0.3214285671710968 1
vt 0.3928571343421936 1
vt 0.4642857015132904 1
vt 0.5357142686843872 1
vt 0.6071428656578064 1
vt 0.6785714030265808 1
vt 0.75 1
vt 0.8214285969734192 1
vt 0.8928571343421936 1
vt 0.9642857313156128 1
vt 1.0357142686843872 1
vt 0 0.9166666865348816
vt 0.0714285746216774 0.9166666865348816
vt 0.1428571492433548 0.9166666865348816
vt 0.2142857164144516 0.9166666865348816
vt 0.2857142984867096 0.9166666865348816
vt 0.3571428656578064 0.9166666865348816
vt 0.4285714328289032 0.9166666865348816
vt 0.5 0.9166666865348816
vt 0.5714285969734192 0.9166666865348816
vt 0.6428571343421936 0.9166666865348816
vt 0.7142857313156128 0.9166666865348816
vt 0.7857142686843872 0.9166666865348816
vt 0.8571428656578064 0.9166666865348816
vt 0.9285714030265808 0.9166666865348816
vt 1 0.9166666865348816
vt 0 0.8333333134651184
vt 0.0714285746216774 0.8333333134651184
vt 0.1428571492433548 0.8333333134651184
vt 0.2142857164144516 0.8333333134651184
vt 0.2857142984867096 0.8333333134651184
vt 0.3571428656578064 0.8333333134651184
vt 0.4285714328289032 0.8333333134651184
vt 0.5 0.8333333134651184
vt 0.5714285969734192 0.8333333134651184
vt 0.6428571343421936 0.8333333134651184
vt 0.7142857313156128 0.8333333134651184
vt 0.7857142686843872 0.8333333134651184
vt 0.8571428656578064 0.8333333134651184
vt 0.9285714030265808 0.8333333134651184
vt 1 0.8333333134651184
vt 0 0.75
vt 0.0714285746216774 0.75
vt 0.1428571492433548 0.75
vt 0.2142857164144516 0.75
vt 0.2857142984867096 0.75
vt 0.3571428656578064 0.75
vt 0.4285714328289032 0.75
vt 0.5 0.75
vt 0.5714285969734192 0.75
vt 0.6428571343421936 0.75
vt 0.7142857313156128 0.75
vt 0.7857142686843872 0.75
vt 0.8571428656578064 0.75
vt 0.9285714030265808 0.75
vt 1 0.75
vt 0 0.6666666865348816
vt 0.0714285746216774 0.6666666865348816
vt 0.1428571492433548 0.6666666865348816
vt 0.2142857164144516 0.6666666865348816
vt 0.2857142984867096 0.6666666865348816
vt 0.3571428656578064 0.6666666865348816
vt 0.4285714328289032 0.6666666865348816
vt 0.5 0.6666666865348816
vt 0.5714285969734192 0.6666666865348816
vt 0.6428571343421936 0.6666666865348816
vt 0.7142857313156128 0.6666666865348816
vt 0.7857142686843872 0.6666666865348816
vt 0.8571428656578064 0.6666666865348816
vt 0.9285714030265808 0.6666666865348816
vt 1 0.6666666865348816
vt 0 0.5833333134651184
vt 0.0714285746216774 0.5833333134651184
vt 0.1428571492433548 0.5833333134651184
vt 0.2142857164144516 0.5833333134651184
vt 0.2857142984867096 0.5833333134651184
vt 0.3571428656578064 0.5833333134651184
vt 0.4285714328289032 0.5833333134651184
vt 0.5 0.5833333134651184
vt 0.5714285969734192 0.5833333134651184
vt 0.6428571343421936 0.5833333134651184
vt 0.7142857313156128 0.5833333134651184
vt 0.7857142686843872 0.5833333134651184
vt 0.8571428656578064 0.5833333134651184
vt 0.9285714030265808 0.5833333134651184
vt 1 0.5833333134651184
vt 0 0.5
vt 0.0714285746216774 0.5
vt 0.1428571492433548 0.5
vt 0.2142857164144516 0.5
vt 0.2857142984867096 0.5
vt 0.3571428656578064 0.5
vt 0.4285714328289032 0.5
vt 0.5 0.5
vt 0.5714285969734192 0.5
vt 0.6428571343421936 0.5
vt 0.7142857313156128 0.5
vt 0.7857142686843872 0.5
vt 0.8571428656578064 0.5
vt 0.9285714030265808 0.5
vt 1 0.5
vt 0 0.4166666567325592
vt 0.0714285746216774 0.4166666567325592
vt 0.1428571492433548 0.4166666567325592
vt 0.2142857164144516 0.4166666567325592
vt 0.2857142984867096 0.4166666567325592
vt 0.3571428656578064 0.4166666567325592
vt 0.4285714328289032 0.4166666567325592
vt 0.5 0.4166666567325592
vt 0.5714285969734192 0.4166666567325592
vt 0.6428571343421936 0.4166666567325592
vt 0.7142857313156128 0.4166666567325592
vt 0.7857142686843872 0.4166666567325592
vt 0.8571428656578064 0.4166666567325592
vt 0.9285714030265808 0.4166666567325592
vt 1 0.4166666567325592
vt 0 0.3333333432674408
vt 0.0714285746216774 0.3333333432674408
vt 0.1428571492433548 0.3333333432674408
vt 0.2142857164144516 0.3333333432674408
vt 0.2857142984867096 0.3333333432674408
vt 0.3571428656578064 0.3333333432674408
vt 0.4285714328289032 0.3333333432674408
vt 0.5 0.3333333432674408
vt 0.5714285969734192 0.3333333432674408
vt 0.6428571343421936 0.3333333432674408
vt 0.7142857313156128 0.3333333432674408
vt 0.7857142686843872 0.3333333432674408
vt 0.8571428656578064 0.3333333432674408
vt 0.9285714030265808 0.3333333432674408
vt 1 0.3333333432674408
vt 0 0.25
vt 0.0714285746216774 0.25
vt 0.1428571492433548 0.25
vt 0.2142857164144516 0.25
vt 0.2857142984867096 0.25
vt 0.3571428656578064 0.25
vt 0.4285714328289032 0.25
vt 0.5 0.25
vt 0.5714285969734192 0.25
vt 0.6428571343421936 0.25
vt 0.7142857313156128 0.25
vt 0.7857142686843872 0.25
vt 0.8571428656578064 0.25
vt 0.9285714030265808 0.25
vt 1 0.25
vt 0 0.1666666716337204
vt 0.0714285746216774 0.1666666716337204
vt 0.1428571492433548 0.1666666716337204
vt 0.2142857164144516 0.1666666716337204
vt 0.2857142984867096 0.1666666716337204
vt 0.3571428656578064 0.1666666716337204
vt 0.4285714328289032 0.1666666716337204
vt 0.5 0.1666666716337204
vt 0.5714285969734192 0.1666666716337204
vt 0.6428571343421936 0.1666666716337204
vt 0.7142857313156128 0.1666666716337204
vt 0.7857142686843872 0.1666666716337204
vt 0.8571428656578064 0.1666666716337204
vt 0.9285714030265808 0.1666666716337204
vt 1 0.1666666716337204
vt 0 0.0833333358168602
vt 0.0714285746216774 0.0833333358168602
vt 0.1428571492433548 0.0833333358168602
vt 0.2142857164144516 0.0833333358168602
vt 0.2857142984867096 0.0833333358168602
vt 0.3571428656578064 0.0833333358168602
vt 0.4285714328289032 0.0833333358168602
vt 0.5 0.0833333358168602
vt 0.5714285969734192 0.0833333358168602
vt 0.6428571343421936 0.0833333358168602
vt 0.7142857313156128 0.0833333358168602
vt 0.7857142686843872 0.0833333358168602
vt 0.8571428656578064 0.0833333358168602
vt 0.9285714030265808 0.0833333358168602
vt 1 0.0833333358168602
vt -0.0357142873108387 0
vt 0.0357142873108387 0
vt 0.1071428582072258 0
vt 0.1785714328289032 0
vt 0.25 0
vt 0.3214285671710968 0
vt 0.3928571343421936 0
vt 0.4642857015132904 0
vt 0.5357142686843872 0
vt 0.6071428656578064 0
vt 0.6785714030265808 0
vt 0.75 0
vt 0.8214285969734192 0
vt 0.8928571343421936 0
vt 0.9642857313156128 0
vn 0 1 0
vn 0 1 0
vn 0 1 0
vn 0 1 0
vn 0 1 0
vn 0 1 0
vn 0 1 0
vn 0 1 0
vn 0 1 0
vn 0 1 0
vn 0 1 0
vn 0 1 0
vn 0 1 0
vn 0 1 0
vn 0 1 0
vn -0.2588190471264927 0.9659258257467466 0
vn -0.23318790212616303 0.965925825697602 0.11229737998904929
vn -0.1613710393000704 0.9659258243100393 0.20235288385932754
vn -0.057592657150230264 0.9659258242408101 0.25232991877121497
vn 0.057592657150230264 0.9659258242408101 0.25232991877121497
vn 0.1613710393000704 0.9659258243100393 0.20235288385932754
vn 0.23318790212616303 0.965925825697602 0.11229737998904929
vn 0.2588190471264927 0.9659258257467466 3.1696191689360264e-17
vn 0.23318790212616303 0.965925825697602 -0.11229737998904929
vn 0.1613710393000704 0.9659258243100393 -0.20235288385932754
vn 0.057592657150230264 0.9659258242408101 -0.25232991877121497
vn -0.057592657150230264 0.9659258242408101 -0.25232991877121497
vn -0.1613710393000704 0.9659258243100393 -0.20235288385932754
vn -0.23318790212616303 0.965925825697602 -0.11229737998904929
vn -0.2588190471264927 0.9659258257467466 -6.339238337872053e-17
vn -0.5000000067305869 0.8660253998985324 0
vn -0.45048443335647964 0.8660254046333798 0.21694186740480123
vn -0.3117449017387486 0.8660253970778502 0.3909157554461697
vn -0.11126046805406449 0.8660254020684025 0.4874639588940422
vn 0.11126046805406449 0.8660254020684025 0.4874639588940422
vn 0.3117449017387486 0.8660253970778502 0.3909157554461697
vn 0.45048443335647964 0.8660254046333798 0.21694186740480123
vn 0.5000000067305869 0.8660253998985324 6.12323434535176e-17
vn 0.45048443335647964 0.8660254046333798 -0.21694186740480123
vn 0.3117449017387486 0.8660253970778502 -0.3909157554461697
vn 0.11126046805406449 0.8660254020684025 -0.4874639588940422
vn -0.11126046805406449 0.8660254020684025 -0.4874639588940422
vn -0.3117449017387486 0.8660253970778502 -0.3909157554461697
vn -0.45048443335647964 0.8660254046333798 -0.21694186740480123
vn -0.5000000067305869 0.8660253998985324 -1.224646869070352e-16
vn -0.7071067811865476 0.7071067811865476 0
vn -0.6370812093853011 0.7071067730145022 0.3068021254899962
vn -0.4408738704352456 0.7071067837160909 0.5528383369395901
vn -0.15734605593110657 0.7071067736664909 0.6893781468235639
vn 0.15734605593110657 0.7071067736664909 0.6893781468235639
vn 0.4408738704352456 0.7071067837160909 0.5528383369395901
vn 0.6370812093853011 0.7071067730145022 0.3068021254899962
vn 0.7071067811865476 0.7071067811865476 8.659560751628624e-17
vn 0.6370812093853011 0.7071067730145022 -0.3068021254899962
vn 0.4408738704352456 0.7071067837160909 -0.5528383369395901
vn 0.15734605593110657 0.7071067736664909 -0.6893781468235639
vn -0.15734605593110657 0.7071067736664909 -0.6893781468235639
vn -0.4408738704352456 0.7071067837160909 -0.5528383369395901
vn -0.6370812093853011 0.7071067730145022 -0.3068021254899962
vn -0.7071067811865476 0.7071067811865476 -1.7319121503257247e-16
vn -0.8660253998985324 0.5000000067305869 0
vn -0.7802619340813601 0.5000000001780183 0.3757543267157372
vn -0.5399579983513427 0.4999999983037915 0.6770859337725307
vn -0.19270878028593394 0.5000000126740947 0.8443123316205994
vn 0.19270878028593394 0.5000000126740947 0.8443123316205994
vn 0.5399579983513427 0.4999999983037915 0.6770859337725307
vn 0.7802619340813601 0.5000000001780183 0.3757543267157372
vn 0.8660253998985324 0.5000000067305869 1.0605752614896174e-16
vn 0.7802619340813601 0.5000000001780183 -0.3757543267157372
vn 0.5399579983513427 0.4999999983037915 -0.6770859337725307
vn 0.19270878028593394 0.5000000126740947 -0.8443123316205994
vn -0.19270878028593394 0.5000000126740947 -0.8443123316205994
vn -0.5399579983513427 0.4999999983037915 -0.6770859337725307
vn -0.7802619340813601 0.5000000001780183 -0.3757543267157372
vn -0.8660253998985324 0.5000000067305869 -2.1211505229792348e-16
vn -0.9659258257467466 0.2588190471264927 0
vn -0.8702691035676434 0.2588190388267835 0.41909950192806283
vn -0.6022449158945845 0.2588190446318764 0.755191209836931
vn -0.21493871948573373 0.25881904891706803 0.941708047530389
vn 0.21493871948573373 0.25881904891706803 0.941708047530389
vn 0.6022449158945845 0.2588190446318764 0.755191209836931
vn 0.8702691035676434 0.2588190388267835 0.41909950192806283
vn 0.9659258257467466 0.2588190471264927 1.1829179227392118e-16
vn 0.8702691035676434 0.2588190388267835 -0.41909950192806283
vn 0.6022449158945845 0.2588190446318764 -0.755191209836931
vn 0.21493871948573373 0.25881904891706803 -0.941708047530389
vn -0.21493871948573373 0.25881904891706803 -0.941708047530389
vn -0.6022449158945845 0.2588190446318764 -0.755191209836931
vn -0.8702691035676434 0.2588190388267835 -0.41909950192806283
vn -0.9659258257467466 0.2588190471264927 -2.3658358454784237e-16
vn -1 6.123234262925839e-17 0
vn -0.9009688693625448 6.123234396836827e-17 0.4338837360855756
vn -0.6234897889923936 6.123234183151289e-17 0.7818314927285933
vn -0.22252093478534796 6.123234324294117e-17 0.9749279119926021
vn 0.22252093478534796 6.123234324294117e-17 0.9749279119926021
vn 0.6234897889923936 6.123234183151289e-17 0.7818314927285933
vn 0.9009688693625448 6.123234396836827e-17 0.4338837360855756
vn 1 6.123234262925839e-17 1.2246468525851679e-16
vn 0.9009688693625448 6.123234396836827e-17 -0.4338837360855756
vn 0.6234897889923936 6.123234183151289e-17 -0.7818314927285933
vn 0.22252093478534796 6.123234324294117e-17 -0.9749279119926021
vn -0.22252093478534796 6.123234324294117e-17 -0.9749279119926021
vn -0.6234897889923936 6.123234183151289e-17 -0.7818314927285933
vn -0.9009688693625448 6.123234396836827e-17 -0.4338837360855756
vn -1 6.123234262925839e-17 -2.4492937051703357e-16
vn -0.9659258257467466 -0.2588190471264927 0
vn -0.8702691035676434 -0.2588190388267835 0.41909950192806283
vn -0.6022449158945845 -0.2588190446318764 0.755191209836931
vn -0.21493871948573373 -0.25881904891706803 0.941708047530389
vn 0.21493871948573373 -0.25881904891706803 0.941708047530389
vn 0.6022449158945845 -0.2588190446318764 0.755191209836931
vn 0.8702691035676434 -0.2588190388267835 0.41909950192806283
vn 0.9659258257467466 -0.2588190471264927 1.1829179227392118e-16
vn 0.8702691035676434 -0.2588190388267835 -0.41909950192806283
vn 0.6022449158945845 -0.2588190446318764 -0.755191209836931
vn 0.21493871948573373 -0.25881904891706803 -0.941708047530389
vn -0.21493871948573373 -0.25881904891706803 -0.941708047530389
vn -0.6022449158945845 -0.2588190446318764 -0.755191209836931
vn -0.8702691035676434 -0.2588190388267835 -0.41909950192806283
vn -0.9659258257467466 -0.2588190471264927 -2.3658358454784237e-16
vn -0.8660253998985324 -0.5000000067305869 0
vn -0.7802619340813601 -0.5000000001780183 0.3757543267157372
vn -0.5399579983513427 -0.4999999983037915 0.6770859337725307
vn -0.19270878028593394 -0.5000000126740947 0.8443123316205994
vn 0.19270878028593394 -0.5000000126740947 0.8443123316205994
vn 0.5399579983513427 -0.4999999983037915 0.6770859337725307
vn 0.7802619340813601 -0.5000000001780183 0.3757543267157372
vn 0.8660253998985324 -0.5000000067305869 1.0605752614896174e-16
vn 0.7802619340813601 -0.5000000001780183 -0.3757543267157372
vn 0.5399579983513427 -0.4999999983037915 -0.6770859337725307
vn 0.19270878028593394 -0.5000000126740947 -0.8443123316205994
vn -0.19270878028593394 -0.5000000126740947 -0.8443123316205994
vn -0.5399579983513427 -0.4999999983037915 -0.6770859337725307
vn -0.7802619340813601 -0.5000000001780183 -0.3757543267157372
vn -0.8660253998985324 -0.5000000067305869 -2.1211505229792348e-16
vn -0.7071067811865476 -0.7071067811865476 0
vn -0.6370812093853011 -0.7071067730145022 0.3068021254899962
vn -0.4408738704352456 -0.7071067837160909 0.5528383369395901
vn -0.15734605593110657 -0.7071067736664909 0.6893781468235639
vn 0.15734605593110657 -0.7071067736664909 0.6893781468235639
vn 0.4408738704352456 -0.7071067837160909 0.5528383369395901
vn 0.6370812093853011 -0.7071067730145022 0.3068021254899962
vn 0.7071067811865476 -0.7071067811865476 8.659560751628624e-17
vn 0.6370812093853011 -0.7071067730145022 -0.3068021254899962
vn 0.4408738704352456 -0.7071067837160909 -0.5528383369395901
vn 0.15734605593110657 -0.7071067736664909 -0.6893781468235639
vn -0.15734605593110657 -0.7071067736664909 -0.6893781468235639
vn -0.4408738704352456 -0.7071067837160909 -0.5528383369395901
vn -0.6370812093853011 -0.7071067730145022 -0.3068021254899962
vn -0.7071067811865476 -0.7071067811865476 -1.7319121503257247e-16
vn -0.5000000067305869 -0.8660253998985324 0
vn -0.45048443335647964 -0.8660254046333798 0.21694186740480123
vn -0.3117449017387486 -0.8660253970778502 0.3909157554461697
vn -0.11126046805406449 -0.8660254020684025 0.4874639588940422
vn 0.11126046805406449 -0.8660254020684025 0.4874639588940422
vn 0.3117449017387486 -0.8660253970778502 0.3909157554461697
vn 0.45048443335647964 -0.8660254046333798 0.21694186740480123
vn 0.5000000067305869 -0.8660253998985324 6.12323434535176e-17
vn 0.45048443335647964 -0.8660254046333798 -0.21694186740480123
vn 0.3117449017387486 -0.8660253970778502 -0.3909157554461697
vn 0.11126046805406449 -0.8660254020684025 -0.4874639588940422
vn -0.11126046805406449 -0.8660254020684025 -0.4874639588940422
vn -0.3117449017387486 -0.8660253970778502 -0.3909157554461697
vn -0.45048443335647964 -0.8660254046333798 -0.21694186740480123
vn -0.5000000067305869 -0.8660253998985324 -1.224646869070352e-16
vn -0.2588190471264927 -0.9659258257467466 0
vn -0.23318790212616303 -0.965925825697602 0.11229737998904929
vn -0.1613710393000704 -0.9659258243100393 0.20235288385932754
vn -0.057592657150230264 -0.9659258242408101 0.25232991877121497
vn 0.057592657150230264 -0.9659258242408101 0.25232991877121497
vn 0.1613710393000704 -0.9659258243100393 0.20235288385932754
vn 0.23318790212616303 -0.965925825697602 0.11229737998904929
vn 0.2588190471264927 -0.9659258257467466 3.1696191689360264e-17
vn 0.23318790212616303 -0.965925825697602 -0.11229737998904929
vn 0.1613710393000704 -0.9659258243100393 -0.20235288385932754
vn 0.057592657150230264 -0.9659258242408101 -0.25232991877121497
vn -0.057592657150230264 -0.9659258242408101 -0.25232991877121497
vn -0.1613710393000704 -0.9659258243100393 -0.20235288385932754
vn -0.23318790212616303 -0.965925825697602 -0.11229737998904929
vn -0.2588190471264927 -0.9659258257467466 -6.339238337872053e-17
vn -1.2246468525851679e-16 -1 0
vn -1.1033686090228481e-16 -1 5.313543226372388e-17
vn -7.635548062777348e-17 -1 9.574674485560909e-17
vn -2.7250955737302164e-17 -1 1.1939423052938935e-16
vn 2.7250955737302164e-17 -1 1.1939423052938935e-16
vn 7.635548062777348e-17 -1 9.574674485560909e-17
vn 1.1033686090228481e-16 -1 5.313543226372388e-17
vn 1.2246468525851679e-16 -1 1.4997597572211942e-32
vn 1.1033686090228481e-16 -1 -5.313543226372388e-17
vn 7.635548062777348e-17 -1 -9.574674485560909e-17
vn 2.7250955737302164e-17 -1 -1.1939423052938935e-16
vn -2.7250955737302164e-17 -1 -1.1939423052938935e-16
vn -7.635548062777348e-17 -1 -9.574674485560909e-17
vn -1.1033686090228481e-16 -1 -5.313543226372388e-17
vn -1.2246468525851679e-16 -1 -2.9995195144423884e-32
f 1941/1941/1941 1956/1956/1956 1957/1957/1957
f 1942/1942/1942 1957/1957/1957 1958/1958/1958
f 1943/1943/1943 1958/1958/1958 1959/1959/1959
f 1944/1944/1944 1959/1959/1959 1960/1960/1960
f 1945/1945/1945 1960/1960/1960 1961/1961/1961
f 1946/1946/1946 1961/1961/1961 1962/1962/1962
f 1947/1947/1947 1962/1962/1962 1963/1963/1963
f 1948/1948/1948 1963/1963/1963 1964/1964/1964
f 1949/1949/1949 1964/1964/1964 1965/1965/1965
f 1950/1950/1950 1965/1965/1965 1966/1966/1966
f 1951/1951/1951 1966/1966/1966 1967/1967/1967
f 1952/1952/1952 1967/1967/1967 1968/1968/1968
f 1953/1953/1953 1968/1968/1968 1969/1969/1969
f 1954/1954/1954 1969/1969/1969 1970/1970/1970
f 1957/1957/1957 1956/1956/1956 1972/1972/1972
f 1956/1956/1956 1971/1971/1971 1972/1972/1972
f 1958/1958/1958 1957/1957/1957 1973/1973/1973
f 1957/1957/1957 1972/1972/1972 1973/1973/1973
f 1959/1959/1959 1958/1958/1958 1974/1974/1974
f 1958/1958/1958 1973/1973/1973 1974/1974/1974
f 1960/1960/1960 1959/1959/1959 1975/1975/1975
f 1959/1959/1959 1974/1974/1974 1975/1975/1975
f 1961/1961/1961 1960/1960/1960 1976/1976/1976
f 1960/1960/1960 1975/1975/1975 1976/1976/1976
f 1962/1962/1962 1961/1961/1961 1977/1977/1977
f 1961/1961/1961 1976/1976/1976 1977/1977/1977
f 1963/1963/1963 1962/1962/1962 1978/1978/1978
f 1962/1962/1962 1977/1977/1977 1978/1978/1978
f 1964/1964/1964 1963/1963/1963 1979/1979/1979
f 1963/1963/1963 1978/1978/1978 1979/1979/1979
f 1965/1965/1965 1964/1964/1964 1980/1980/1980
f 1964/1964/1964 1979/1979/1979 1980/1980/1980
f 1966/1966/1966 1965/1965/1965 1981/1981/1981
f 1965/1965/1965 1980/1980/1980 1981/1981/1981
f 1967/1967/1967 1966/1966/1966 1982/1982/1982
f 1966/1966/1966 1981/1981/1981 1982/1982/1982
f 1968/1968/1968 1967/1967/1967 1983/1983/1983
f 1967/1967/1967 1982/1982/1982 1983/1983/1983
f 1969/1969/1969 1968/1968/1968 1984/1984/1984
f 1968/1968/1968 1983/1983/1983 1984/1984/1984
f 1970/1970/1970 1969/1969/1969 1985/1985/1985
f 1969/1969/1969 1984/1984/1984 1985/1985/1985
f 1972/1972/1972 1971/1971/1971 1987/1987/1987
f 1971/1971/1971 1986/1986/1986 1987/1987/1987
f 1973/1973/1973 1972/1972/1972 1988/1988/1988
f 1972/1972/1972 1987/1987/1987 1988/1988/1988
f 1974/1974/1974 1973/1973/1973 1989/1989/1989
f 1973/1973/1973 1988/1988/1988 1989/1989/1989
f 1975/1975/1975 1974/1974/1974 1990/1990/1990
f 1974/1974/1974 1989/1989/1989 1990/1990/1990
f 1976/1976/1976 1975/1975/1975 1991/1991/1991
f 1975/1975/1975 1990/1990/1990 1991/1991/1991
f 1977/1977/1977 1976/1976/1976 1992/1992/1992
f 1976/1976/1976 1991/1991/1991 1992/1992/1992
f 1978/1978/1978 1977/1977/1977 1993/1993/1993
f 1977/1977/1977 1992/1992/1992 1993/1993/1993
f 1979/1979/1979 1978/1978/1978 1994/1994/1994
f 1978/1978/1978 1993/1993/1993 1994/1994/1994
f 1980/1980/1980 1979/1979/1979 1995/1995/1995
f 1979/1979/1979 1994/1994/1994 1995/1995/1995
f 1981/1981/1981 1980/1980/1980 1996/1996/1996
f 1980/1980/1980 1995/1995/1995 1996/1996/1996
f 1982/1982/1982 1981/1981/1981 1997/1997/1997
f 1981/1981/1981 1996/1996/1996 1997/1997/1997
f 1983/1983/1983 1982/1982/1982 1998/1998/1998
f 1982/1982/1982 1997/1997/1997 1998/1998/1998
f 1984/1984/1984 1983/1983/1983 1999/1999/1999
f 1983/1983/1983 1998/1998/1998 1999/1999/1999
f 1985/1985/1985 1984/1984/1984 2000/2000/2000
f 1984/1984/1984 1999/1999/1999 2000/2000/2000
f 1987/1987/1987 1986/1986/1986 2002/2002/2002
f 1986/1986/1986 2001/2001/2001 2002/2002/2002
f 1988/1988/1988 1987/1987/1987 2003/2003/2003
f 1987/1987/1987 2002/2002/2002 2003/2003/2003
f 1989/1989/1989 1988/1988/1988 2004/2004/2004
f 1988/1988/1988 2003/2003/2003 2004/2004/2004
f 1990/1990/1990 1989/1989/1989 2005/2005/2005
f 1989/1989/1989 2004/2004/2004 2005/2005/2005
f 1991/1991/1991 1990/1990/1990 2006/2006/2006
f 1990/1990/1990 2005/2005/2005 2006/2006/2006
f 1992/1992/1992 1991/1991/1991 2007/2007/2007
f 1991/1991/1991 2006/2006/2006 2007/2007/2007
f 1993/1993/1993 1992/1992/1992 2008/2008/2008
f 1992/1992/1992 2007/2007/2007 2008/2008/2008
f 1994/1994/1994 1993/1993/1993 2009/2009/2009
f 1993/1993/1993 2008/2008/2008 2009/2009/2009
f 1995/1995/1995 1994/1994/1994 2010/2010/2010
f 1994/1994/1994 2009/2009/2009 2010/2010/2010
f 1996/1996/1996 1995/1995/1995 2011/2011/2011
f 1995/1995/1995 2010/2010/2010 2011/2011/2011
f 1997/1997/1997 1996/1996/1996 2012/2012/2012
f 1996/1996/1996 2011/2011/2011 2012/2012/2012
f 1998/1998/1998 1997/1997/1997 2013/2013/2013
f 1997/1997/1997 2012/2012/2012 2013/2013/2013
f 1999/1999/1999 1998/1998/1998 2014/2014/2014
f 1998/1998/1998 2013/2013/2013 2014/2014/2014
f 2000/2000/2000 1999/1999/1999 2015/2015/2015
f 1999/1999/1999 2014/2014/2014 2015/2015/2015
f 2002/2002/2002 2001/2001/2001 2017/2017/2017
f 2001/2001/2001 2016/2016/2016 2017/2017/2017
f 2003/2003/2003 2002/2002/2002 2018/2018/2018
f 2002/2002/2002 2017/2017/2017 2018/2018/2018
f 2004/2004/2004 2003/2003/2003 2019/2019/2019
f 2003/2003/2003 2018/2018/2018 2019/2019/2019
f 2005/2005/2005 2004/2004/2004 2020/2020/2020
f 2004/2004/2004 2019/2019/2019 2020/2020/2020
f 2006/2006/2006 2005/2005/2005 2021/2021/2021
f 2005/2005/2005 2020/2020/2020 2021/2021/2021
f 2007/2007/2007 2006/2006/2006 2022/2022/2022
f 2006/2006/2006 2021/2021/2021 2022/2022/2022
f 2008/2008/2008 2007/2007/2007 2023/2023/2023
f 2007/2007/2007 2022/2022/2022 2023/2023/2023
f 2009/2009/2009 2008/2008/2008 2024/2024/2024
f 2008/2008/2008 2023/2023/2023 2024/2024/2024
f 2010/2010/2010 2009/2009/2009 2025/2025/2025
f 2009/2009/2009 2024/2024/2024 2025/2025/2025
f 2011/2011/2011 2010/2010/2010 2026/2026/2026
f 2010/2010/2010 2025/2025/2025 2026/2026/2026
f 2012/2012/2012 2011/2011/2011 2027/2027/2027
f 2011/2011/2011 2026/2026/2026 2027/2027/2027
f 2013/2013/2013 2012/2012/2012 2028/2028/2028
f 2012/2012/2012 2027/2027/2027 2028/2028/2028
f 2014/2014/2014 2013/2013/2013 2029/2029/2029
f 2013/2013/2013 2028/2028/2028 2029/2029/2029
f 2015/2015/2015 2014/2014/2014 2030/2030/2030
f 2014/2014/2014 2029/2029/2029 2030/2030/2030
f 2017/2017/2017 2016/2016/2016 2032/2032/2032
f 2016/2016/2016 2031/2031/2031 2032/2032/2032
f 2018/2018/2018 2017/2017/2017 2033/2033/2033
f 2017/2017/2017 2032/2032/2032 2033/2033/2033
f 2019/2019/2019 2018/2018/2018 2034/2034/2034
f 2018/2018/2018 2033/2033/2033 2034/2034/2034
f 2020/2020/2020 2019/2019/2019 2035/2035/2035
f 2019/2019/2019 2034/2034/2034 2035/2035/2035
f 2021/2021/2021 2020/2020/2020 2036/2036/2036
f 2020/2020/2020 2035/2035/2035 2036/2036/2036
f 2022/2022/2022 2021/2021/2021 2037/2037/2037
f 2021/2021/2021 2036/2036/2036 2037/2037/2037
f 2023/2023/2023 2022/2022/2022 2038/2038/2038
f 2022/2022/2022 2037/2037/2037 2038/2038/2038
f 2024/2024/2024 2023/2023/2023 2039/2039/2039
f 2023/2023/2023 2038/2038/2038 2039/2039/2039
f 2025/2025/2025 2024/2024/2024 2040/2040/2040
f 2024/2024/2024 2039/2039/2039 2040/2040/2040
f 2026/2026/2026 2025/2025/2025 2041/2041/2041
f 2025/2025/2025 2040/2040/2040 2041/2041/2041
f 2027/2027/2027 2026/2026/2026 2042/2042/2042
f 2026/2026/2026 2041/2041/2041 2042/2042/2042
f 2028/2028/2028 2027/2027/2027 2043/2043/2043
f 2027/2027/2027 2042/2042/2042 2043/2043/2043
f 2029/2029/2029 2028/2028/2028 2044/2044/2044
f 2028/2028/2028 2043/2043/2043 2044/2044/2044
f 2030/2030/2030 2029/2029/2029 2045/2045/2045
f 2029/2029/2029 2044/2044/2044 2045/2045/2045
f 2032/2032/2032 2031/2031/2031 2047/2047/2047
f 2031/2031/2031 2046/2046/2046 2047/2047/2047
f 2033/2033/2033 2032/2032/2032 2048/2048/2048
f 2032/2032/2032 2047/2047/2047 2048/2048/2048
f 2034/2034/2034 2033/2033/2033 2049/2049/2049
f 2033/2033/2033 2048/2048/2048 2049/2049/2049
f 2035/2035/2035 2034/2034/2034 2050/2050/2050
f 2034/2034/2034 2049/2049/2049 2050/2050/2050
f 2036/2036/2036 2035/2035/2035 2051/2051/2051
f 2035/2035/2035 2050/2050/2050 2051/2051/2051
f 2037/2037/2037 2036/2036/2036 2052/2052/2052
f 2036/2036/2036 2051/2051/2051 2052/2052/2052
f 2038/2038/2038 2037/2037/2037 2053/2053/2053
f 2037/2037/2037 2052/2052/2052 2053/2053/2053
f 2039/2039/2039 2038/2038/2038 2054/2054/2054
f 2038/2038/2038 2053/2053/2053 2054/2054/2054
f 2040/2040/2040 2039/2039/2039 2055/2055/2055
f 2039/2039/2039 2054/2054/2054 2055/2055/2055
f 2041/2041/2041 2040/2040/2040 2056/2056/2056
f 2040/2040/2040 2055/2055/2055 2056/2056/2056
f 2042/2042/2042 2041/2041/2041 2057/2057/2057
f 2041/2041/2041 2056/2056/2056 2057/2057/2057
f 2043/2043/2043 2042/2042/2042 2058/2058/2058
f 2042/2042/2042 2057/2057/2057 2058/2058/2058
f 2044/2044/2044 2043/2043/2043 2059/2059/2059
f 2043/2043/2043 2058/2058/2058 2059/2059/2059
f 2045/2045/2045 2044/2044/2044 2060/2060/2060
f 2044/2044/2044 2059/2059/2059 2060/2060/2060
f 2047/2047/2047 2046/2046/2046 2062/2062/2062
f 2046/2046/2046 2061/2061/2061 2062/2062/2062
f 2048/2048/2048 2047/2047/2047 2063/2063/2063
f 2047/2047/2047 2062/2062/2062 2063/2063/2063
f 2049/2049/2049 2048/2048/2048 2064/2064/2064
f 2048/2048/2048 2063/2063/2063 2064/2064/2064
f 2050/2050/2050 2049/2049/2049 2065/2065/2065
f 2049/2049/2049 2064/2064/2064 2065/2065/2065
f 2051/2051/2051 2050/2050/2050 2066/2066/2066
f 2050/2050/2050 2065/2065/2065 2066/2066/2066
f 2052/2052/2052 2051/2051/2051 2067/2067/2067
f 2051/2051/2051 2066/2066/2066 2067/2067/2067
f 2053/2053/2053 2052/2052/2052 2068/2068/2068
f 2052/2052/2052 2067/2067/2067 2068/2068/2068
f 2054/2054/2054 2053/2053/2053 2069/2069/2069
f 2053/2053/2053 2068/2068/2068 2069/2069/2069
f 2055/2055/2055 2054/2054/2054 2070/2070/2070
f 2054/2054/2054 2069/2069/2069 2070/2070/2070
f 2056/2056/2056 2055/2055/2055 2071/2071/2071
f 2055/2055/2055 2070/2070/2070 2071/2071/2071
f 2057/2057/2057 2056/2056/2056 2072/2072/2072
f 2056/2056/2056 2071/2071/2071 2072/2072/2072
f 2058/2058/2058 2057/2057/2057 2073/2073/2073
f 2057/2057/2057 2072/2072/2072 2073/2073/2073
f 2059/2059/2059 2058/2058/2058 2074/2074/2074
f 2058/2058/2058 2073/2073/2073 2074/2074/2074
f 2060/2060/2060 2059/2059/2059 2075/2075/2075
f 2059/2059/2059 2074/2074/2074 2075/2075/2075
f 2062/2062/2062 2061/2061/2061 2077/2077/2077
f 2061/2061/2061 2076/2076/2076 2077/2077/2077
f 2063/2063/2063 2062/2062/2062 2078/2078/2078
f 2062/2062/2062 2077/2077/2077 2078/2078/2078
f 2064/2064/2064 2063/2063/2063 2079/2079/2079
f 2063/2063/2063 2078/2078/2078 2079/2079/2079
f 2065/2065/2065 2064/2064/2064 2080/2080/2080
f 2064/2064/2064 2079/2079/2079 2080/2080/2080
f 2066/2066/2066 2065/2065/2065 2081/2081/2081
f 2065/2065/2065 2080/2080/2080 2081/2081/2081
f 2067/2067/2067 2066/2066/2066 2082/2082/2082
f 2066/2066/2066 2081/2081/2081 2082/2082/2082
f 2068/2068/2068 2067/2067/2067 2083/2083/2083
f 2067/2067/2067 2082/2082/2082 2083/2083/2083
f 2069/2069/2069 2068/2068/2068 2084/2084/2084
f 2068/2068/2068 2083/2083/2083 2084/2084/2084
f 2070/2070/2070 2069/2069/2069 2085/2085/2085
f 2069/2069/2069 2084/2084/2084 2085/2085/2085
f 2071/2071/2071 2070/2070/2070 2086/2086/2086
f 2070/2070/2070 2085/2085/2085 2086/2086/2086
f 2072/2072/2072 2071/2071/2071 2087/2087/2087
f 2071/2071/2071 2086/2086/2086 2087/2087/2087
f 2073/2073/2073 2072/2072/2072 2088/2088/2088
f 2072/2072/2072 2087/2087/2087 2088/2088/2088
f 2074/2074/2074 2073/2073/2073 2089/2089/2089
f 2073/2073/2073 2088/2088/2088 2089/2089/2089
f 2075/2075/2075 2074/2074/2074 2090/2090/2090
f 2074/2074/2074 2089/2089/2089 2090/2090/2090
f 2077/2077/2077 2076/2076/2076 2092/2092/2092
f 2076/2076/2076 2091/2091/2091 2092/2092/2092
f 2078/2078/2078 2077/2077/2077 2093/2093/2093
f 2077/2077/2077 2092/2092/2092 2093/2093/2093
f 2079/2079/2079 2078/2078/2078 2094/2094/2094
f 2078/2078/2078 2093/2093/2093 2094/2094/2094
f 2080/2080/2080 2079/2079/2079 2095/2095/2095
f 2079/2079/2079 2094/2094/2094 2095/2095/2095
f 2081/2081/2081 2080/2080/2080 2096/2096/2096
f 2080/2080/2080 2095/2095/2095 2096/2096/2096
f 2082/2082/2082 2081/2081/2081 2097/2097/2097
f 2081/2081/2081 2096/2096/2096 2097/2097/2097
f 2083/2083/2083 2082/2082/2082 2098/2098/2098
f 2082/2082/2082 2097/2097/2097 2098/2098/2098
f 2084/2084/2084 2083/2083/2083 2099/2099/2099
f 2083/2083/2083 2098/2098/2098 2099/2099/2099
f 2085/2085/2085 2084/2084/2084 2100/2100/2100
f 2084/2084/2084 2099/2099/2099 2100/2100/2100
f 2086/2086/2086 2085/2085/2085 2101/2101/2101
f 2085/2085/2085 2100/2100/2100 2101/2101/2101
f 2087/2087/2087 2086/2086/2086 2102/2102/2102
f 2086/2086/2086 2101/2101/2101 2102/2102/2102
f 2088/2088/2088 2087/2087/2087 2103/2103/2103
f 2087/2087/2087 2102/2102/2102 2103/2103/2103
f 2089/2089/2089 2088/2088/2088 2104/2104/2104
f 2088/2088/2088 2103/2103/2103 2104/2104/2104
f 2090/2090/2090 2089/2089/2089 2105/2105/2105
f 2089/2089/2089 2104/2104/2104 2105/2105/2105
f 2092/2092/2092 2091/2091/2091 2107/2107/2107
f 2091/2091/2091 2106/2106/2106 2107/2107/2107
f 2093/2093/2093 2092/2092/2092 2108/2108/2108
f 2092/2092/2092 2107/2107/2107 2108/2108/2108
f 2094/2094/2094 2093/2093/2093 2109/2109/2109
f 2093/2093/2093 2108/2108/2108 2109/2109/2109
f 2095/2095/2095 2094/2094/2094 2110/2110/2110
f 2094/2094/2094 2109/2109/2109 2110/2110/2110
f 2096/2096/2096 2095/2095/2095 2111/2111/2111
f 2095/2095/2095 2110/2110/2110 2111/2111/2111
f 2097/2097/2097 2096/2096/2096 2112/2112/2112
f 2096/2096/2096 2111/2111/2111 2112/2112/2112
f 2098/2098/2098 2097/2097/2097 2113/2113/2113
f 2097/2097/2097 2112/2112/2112 2113/2113/2113
f 2099/2099/2099 2098/2098/2098 2114/2114/2114
f 2098/2098/2098 2113/2113/2113 2114/2114/2114
f 2100/2100/2100 2099/2099/2099 2115/2115/2115
f 2099/2099/2099 2114/2114/2114 2115/2115/2115
f 2101/2101/2101 2100/2100/2100 2116/2116/2116
f 2100/2100/2100 2115/2115/2115 2116/2116/2116
f 2102/2102/2102 2101/2101/2101 2117/2117/2117
f 2101/2101/2101 2116/2116/2116 2117/2117/2117
f 2103/2103/2103 2102/2102/2102 2118/2118/2118
f 2102/2102/2102 2117/2117/2117 2118/2118/2118
f 2104/2104/2104 2103/2103/2103 2119/2119/2119
f 2103/2103/2103 2118/2118/2118 2119/2119/2119
f 2105/2105/2105 2104/2104/2104 2120/2120/2120
f 2104/2104/2104 2119/2119/2119 2120/2120/2120
f 2107/2107/2107 2106/2106/2106 2122/2122/2122
f 2108/2108/2108 2107/2107/2107 2123/2123/2123
f 2109/2109/2109 2108/2108/2108 2124/2124/2124
f 2110/2110/2110 2109/2109/2109 2125/2125/2125
f 2111/2111/2111 2110/2110/2110 2126/2126/2126
f 2112/2112/2112 2111/2111/2111 2127/2127/2127
f 2113/2113/2113 2112/2112/2112 2128/2128/2128
f 2114/2114/2114 2113/2113/2113 2129/2129/2129
f 2115/2115/2115 2114/2114/2114 2130/2130/2130
f 2116/2116/2116 2115/2115/2115 2131/2131/2131
f 2117/2117/2117 2116/2116/2116 2132/2132/2132
f 2118/2118/2118 2117/2117/2117 2133/2133/2133
f 2119/2119/2119 2118/2118/2118 2134/2134/2134
f 2120/2120/2120 2119/2119/2119 2135/2135/2135
o watchtower_front_left_slit_0
usemtl dark_granite_trim
v -2.8499999992549423 2.575 2.8874999982118608
v -2.8499999992549423 2.575 2.7275000017881394
v -2.8499999992549423 2.075 2.8874999982118608
v -2.8499999992549423 2.075 2.7275000017881394
v -2.9500000007450584 2.575 2.7275000017881394
v -2.9500000007450584 2.575 2.8874999982118608
v -2.9500000007450584 2.075 2.7275000017881394
v -2.9500000007450584 2.075 2.8874999982118608
v -2.9500000007450584 2.575 2.7275000017881394
v -2.8499999992549423 2.575 2.7275000017881394
v -2.9500000007450584 2.575 2.8874999982118608
v -2.8499999992549423 2.575 2.8874999982118608
v -2.9500000007450584 2.075 2.8874999982118608
v -2.8499999992549423 2.075 2.8874999982118608
v -2.9500000007450584 2.075 2.7275000017881394
v -2.8499999992549423 2.075 2.7275000017881394
v -2.9500000007450584 2.575 2.8874999982118608
v -2.8499999992549423 2.575 2.8874999982118608
v -2.9500000007450584 2.075 2.8874999982118608
v -2.8499999992549423 2.075 2.8874999982118608
v -2.8499999992549423 2.575 2.7275000017881394
v -2.9500000007450584 2.575 2.7275000017881394
v -2.8499999992549423 2.075 2.7275000017881394
v -2.9500000007450584 2.075 2.7275000017881394
vt 0 1
vt 1 1
vt 0 0
vt 1 0
vt 0 1
vt 1 1
vt 0 0
vt 1 0
vt 0 1
vt 1 1
vt 0 0
vt 1 0
vt 0 1
vt 1 1
vt 0 0
vt 1 0
vt 0 1
vt 1 1
vt 0 0
vt 1 0
vt 0 1
vt 1 1
vt 0 0
vt 1 0
vn 1 0 0
vn 1 0 0
vn 1 0 0
vn 1 0 0
vn -1 0 0
vn -1 0 0
vn -1 0 0
vn -1 0 0
vn 0 1 0
vn 0 1 0
vn 0 1 0
vn 0 1 0
vn 0 -1 0
vn 0 -1 0
vn 0 -1 0
vn 0 -1 0
vn 0 0 1
vn 0 0 1
vn 0 0 1
vn 0 0 1
vn 0 0 -1
vn 0 0 -1
vn 0 0 -1
vn 0 0 -1
f 2136/2136/2136 2138/2138/2138 2137/2137/2137
f 2138/2138/2138 2139/2139/2139 2137/2137/2137
f 2140/2140/2140 2142/2142/2142 2141/2141/2141
f 2142/2142/2142 2143/2143/2143 2141/2141/2141
f 2144/2144/2144 2146/2146/2146 2145/2145/2145
f 2146/2146/2146 2147/2147/2147 2145/2145/2145
f 2148/2148/2148 2150/2150/2150 2149/2149/2149
f 2150/2150/2150 2151/2151/2151 2149/2149/2149
f 2152/2152/2152 2154/2154/2154 2153/2153/2153
f 2154/2154/2154 2155/2155/2155 2153/2153/2153
f 2156/2156/2156 2158/2158/2158 2157/2157/2157
f 2158/2158/2158 2159/2159/2159 2157/2157/2157
o watchtower_front_left_slit_1
usemtl dark_granite_trim
v -2.1564024560624144 2.575 1.5129487300596087
v -2.294966517570776 2.575 1.5929487282714694
v -2.1564024560624144 2.075 1.5129487300596087
v -2.294966517570776 2.075 1.5929487282714694
v -2.244966516825718 2.575 1.6795512699403916
v -2.1064024553173564 2.575 1.599551271728531
v -2.244966516825718 2.075 1.6795512699403916
v -2.1064024553173564 2.075 1.599551271728531
v -2.244966516825718 2.575 1.6795512699403916
v -2.294966517570776 2.575 1.5929487282714694
v -2.1064024553173564 2.575 1.599551271728531
v -2.1564024560624144 2.575 1.5129487300596087
v -2.1064024553173564 2.075 1.599551271728531
v -2.1564024560624144 2.075 1.5129487300596087
v -2.244966516825718 2.075 1.6795512699403916
v -2.294966517570776 2.075 1.5929487282714694
v -2.1064024553173564 2.575 1.599551271728531
v -2.1564024560624144 2.575 1.5129487300596087
v -2.1064024553173564 2.075 1.599551271728531
v -2.1564024560624144 2.075 1.5129487300596087
v -2.294966517570776 2.575 1.5929487282714694
v -2.244966516825718 2.575 1.6795512699403916
v -2.294966517570776 2.075 1.5929487282714694
v -2.244966516825718 2.075 1.6795512699403916
vt 0 1
vt 1 1
vt 0 0
vt 1 0
vt 0 1
vt 1 1
vt 0 0
vt 1 0
vt 0 1
vt 1 1
vt 0 0
vt 1 0
vt 0 1
vt 1 1
vt 0 0
vt 1 0
vt 0 1
vt 1 1
vt 0 0
vt 1 0
vt 0 1
vt 1 1
vt 0 0
vt 1 0
vn -0.4999999999999998 0 -0.8660254037844388
vn -0.4999999999999998 0 -0.8660254037844388
vn -0.4999999999999998 0 -0.8660254037844388
vn -0.4999999999999998 0 -0.8660254037844388
vn 0.4999999999999998 0 0.8660254037844388
vn 0.4999999999999998 0 0.8660254037844388
vn 0.4999999999999998 0 0.8660254037844388
vn 0.4999999999999998 0 0.8660254037844388
vn 0 1 0
vn 0 1 0
vn 0 1 0
vn 0 1 0
vn 0 -1 0
vn 0 -1 0
vn 0 -1 0
vn 0 -1 0
vn 0.8660254037844388 0 -0.4999999999999998
vn 0.8660254037844388 0 -0.4999999999999998
vn 0.8660254037844388 0 -0.4999999999999998
vn 0.8660254037844388 0 -0.4999999999999998
vn -0.8660254037844388 0 0.4999999999999998
vn -0.8660254037844388 0 0.4999999999999998
vn -0.8660254037844388 0 0.4999999999999998
vn -0.8660254037844388 0 0.4999999999999998
f 2160/2160/2160 2162/2162/2162 2161/2161/2161
f 2162/2162/2162 2163/2163/2163 2161/2161/2161
f 2164/2164/2164 2166/2166/2166 2165/2165/2165
f 2166/2166/2166 2167/2167/2167 2165/2165/2165
f 2168/2168/2168 2170/2170/2170 2169/2169/2169
f 2170/2170/2170 2171/2171/2171 2169/2169/2169
f 2172/2172/2172 2174/2174/2174 2173/2173/2173
f 2174/2174/2174 2175/2175/2175 2173/2173/2173
f 2176/2176/2176 2178/2178/2178 2177/2177/2177
f 2178/2178/2178 2179/2179/2179 2177/2177/2177
f 2180/2180/2180 2182/2182/2182 2181/2181/2181
f 2182/2182/2182 2183/2183/2183 2181/2181/2181
o watchtower_front_left_slit_2
usemtl dark_granite_trim
v -3.6935975446826443 2.575 1.5995512717285305
v -3.5550334831742827 2.575 1.6795512699403912
v -3.6935975446826443 2.075 1.5995512717285305
v -3.5550334831742827 2.075 1.6795512699403912
v -3.5050334824292246 2.575 1.592948728271469
v -3.6435975439375863 2.575 1.5129487300596083
v -3.5050334824292246 2.075 1.592948728271469
v -3.6435975439375863 2.075 1.5129487300596083
v -3.5050334824292246 2.575 1.592948728271469
v -3.5550334831742827 2.575 1.6795512699403912
v -3.6435975439375863 2.575 1.5129487300596083
v -3.6935975446826443 2.575 1.5995512717285305
v -3.6435975439375863 2.075 1.5129487300596083
v -3.6935975446826443 2.075 1.5995512717285305
v -3.5050334824292246 2.075 1.592948728271469
v -3.5550334831742827 2.075 1.6795512699403912
v -3.6435975439375863 2.575 1.5129487300596083
v -3.6935975446826443 2.575 1.5995512717285305
v -3.6435975439375863 2.075 1.5129487300596083
v -3.6935975446826443 2.075 1.5995512717285305
v -3.5550334831742827 2.575 1.6795512699403912
v -3.5050334824292246 2.575 1.592948728271469
v -3.5550334831742827 2.075 1.6795512699403912
v -3.5050334824292246 2.075 1.592948728271469
vt 0 1
vt 1 1
vt 0 0
vt 1 0
vt 0 1
vt 1 1
vt 0 0
vt 1 0
vt 0 1
vt 1 1
vt 0 0
vt 1 0
vt 0 1
vt 1 1
vt 0 0
vt 1 0
vt 0 1
vt 1 1
vt 0 0
vt 1 0
vt 0 1
vt 1 1
vt 0 0
vt 1 0
vn -0.5000000000000003 0 0.8660254037844386
vn -0.5000000000000003 0 0.8660254037844386
vn -0.5000000000000003 0 0.8660254037844386
vn -0.5000000000000003 0 0.8660254037844386
vn 0.5000000000000003 0 -0.8660254037844386
vn 0.5000000000000003 0 -0.8660254037844386
vn 0.5000000000000003 0 -0.8660254037844386
vn 0.5000000000000003 0 -0.8660254037844386
vn 0 1 0
vn 0 1 0
vn 0 1 0
vn 0 1 0
vn 0 -1 0
vn 0 -1 0
vn 0 -1 0
vn 0 -1 0
vn -0.8660254037844386 0 -0.5000000000000003
vn -0.8660254037844386 0 -0.5000000000000003
vn -0.8660254037844386 0 -0.5000000000000003
vn -0.8660254037844386 0 -0.5000000000000003
vn 0.8660254037844386 0 0.5000000000000003
vn 0.8660254037844386 0 0.5000000000000003
vn 0.8660254037844386 0 0.5000000000000003
vn 0.8660254037844386 0 0.5000000000000003
f 2184/2184/2184 2186/2186/2186 2185/2185/2185
f 2186/2186/2186 2187/2187/2187 2185/2185/2185
f 2188/2188/2188 2190/2190/2190 2189/2189/2189
f 2190/2190/2190 2191/2191/2191 2189/2189/2189
f 2192/2192/2192 2194/2194/2194 2193/2193/2193
f 2194/2194/2194 2195/2195/2195 2193/2193/2193
f 2196/2196/2196 2198/2198/2198 2197/2197/2197
f 2198/2198/2198 2199/2199/2199 2197/2197/2197
f 2200/2200/2200 2202/2202/2202 2201/2201/2201
f 2202/2202/2202 2203/2203/2203 2201/2201/2201
f 2204/2204/2204 2206/2206/2206 2205/2205/2205
f 2206/2206/2206 2207/2207/2207 2205/2205/2205
o watchtower_front_right_shaft
usemtl weathered_granite
v 2.9000000000000004 4.35 2.850000023841858
v 3.1626644372940067 4.35 2.8083980679512024
v 3.399617457389832 4.35 2.6876644492149353
v 3.5876644492149357 4.35 2.4996174573898315
v 3.7083980679512027 4.35 2.2626644372940063
v 3.7500000238418583 4.35 2
v 3.7083980679512027 4.35 1.7373355627059937
v 3.5876644492149357 4.35 1.5003825426101685
v 3.399617457389832 4.35 1.3123355507850647
v 3.1626644372940067 4.35 1.1916019320487976
v 2.9000000000000004 4.35 1.149999976158142
v 2.637335562705994 4.35 1.1916019320487976
v 2.400382542610169 4.35 1.3123355507850647
v 2.212335550785065 4.35 1.5003825426101685
v 2.091601932048798 4.35 1.7373355627059937
v 2.0499999761581424 4.35 1.9999999999999998
v 2.091601932048798 4.35 2.2626644372940063
v 2.212335550785065 4.35 2.4996174573898315
v 2.400382542610169 4.35 2.6876644492149353
v 2.637335562705994 4.35 2.8083980679512024
v 2.9000000000000004 4.35 2.850000023841858
v 2.9000000000000004 -0.1499999999999999 2.9520000219345093
v 3.1941841781139377 -0.1499999999999999 2.905405819416046
v 3.4595715641975406 -0.1499999999999999 2.7701841592788696
v 3.67018415927887 -0.1499999999999999 2.5595715641975403
v 3.8054058194160465 -0.1499999999999999 2.2941841781139374
v 3.8520000219345096 -0.1499999999999999 2
v 3.8054058194160465 -0.1499999999999999 1.7058158218860626
v 3.67018415927887 -0.1499999999999999 1.4404284358024597
v 3.4595715641975406 -0.1499999999999999 1.2298158407211304
v 3.1941841781139377 -0.1499999999999999 1.0945941805839539
v 2.9000000000000004 -0.1499999999999999 1.0479999780654907
v 2.605815821886063 -0.1499999999999999 1.0945941805839539
v 2.34042843580246 -0.1499999999999999 1.2298158407211304
v 2.1298158407211307 -0.1499999999999999 1.4404284358024597
v 1.9945941805839542 -0.1499999999999999 1.7058158218860626
v 1.947999978065491 -0.1499999999999999 1.9999999999999998
v 1.9945941805839542 -0.1499999999999999 2.2941841781139374
v 2.1298158407211307 -0.1499999999999999 2.5595715641975403
v 2.34042843580246 -0.1499999999999999 2.7701841592788696
v 2.605815821886063 -0.1499999999999999 2.905405819416046
v 2.9 -0.1499999999999999 2.9520000219345093
v 2.9000000000000004 4.35 2
v 2.9000000000000004 4.35 2
v 2.9000000000000004 4.35 2
v 2.9000000000000004 4.35 2
v 2.9000000000000004 4.35 2
v 2.9000000000000004 4.35 2
v 2.9000000000000004 4.35 2
v 2.9000000000000004 4.35 2
v 2.9000000000000004 4.35 2
v 2.9000000000000004 4.35 2
v 2.9000000000000004 4.35 2
v 2.9000000000000004 4.35 2
v 2.9000000000000004 4.35 2
v 2.9000000000000004 4.35 2
v 2.9000000000000004 4.35 2
v 2.9000000000000004 4.35 2
v 2.9000000000000004 4.35 2
v 2.9000000000000004 4.35 2
v 2.9000000000000004 4.35 2
v 2.9000000000000004 4.35 2
v 2.9000000000000004 4.35 2.850000023841858
v 3.1626644372940067 4.35 2.8083980679512024
v 3.399617457389832 4.35 2.6876644492149353
v 3.5876644492149357 4.35 2.4996174573898315
v 3.7083980679512027 4.35 2.2626644372940063
v 3.7500000238418583 4.35 2
v 3.7083980679512027 4.35 1.7373355627059937
v 3.5876644492149357 4.35 1.5003825426101685
v 3.399617457389832 4.35 1.3123355507850647
v 3.1626644372940067 4.35 1.1916019320487976
v 2.9000000000000004 4.35 1.149999976158142
v 2.637335562705994 4.35 1.1916019320487976
v 2.400382542610169 4.35 1.3123355507850647
v 2.212335550785065 4.35 1.5003825426101685
v 2.091601932048798 4.35 1.7373355627059937
v 2.0499999761581424 4.35 1.9999999999999998
v 2.091601932048798 4.35 2.2626644372940063
v 2.212335550785065 4.35 2.4996174573898315
v 2.400382542610169 4.35 2.6876644492149353
v 2.637335562705994 4.35 2.8083980679512024
v 2.9000000000000004 4.35 2.850000023841858
v 2.9000000000000004 -0.1499999999999999 2
v 2.9000000000000004 -0.1499999999999999 2
v 2.9000000000000004 -0.1499999999999999 2
v 2.9000000000000004 -0.1499999999999999 2
v 2.9000000000000004 -0.1499999999999999 2
v 2.9000000000000004 -0.1499999999999999 2
v 2.9000000000000004 -0.1499999999999999 2
v 2.9000000000000004 -0.1499999999999999 2
v 2.9000000000000004 -0.1499999999999999 2
v 2.9000000000000004 -0.1499999999999999 2
v 2.9000000000000004 -0.1499999999999999 2
v 2.9000000000000004 -0.1499999999999999 2
v 2.9000000000000004 -0.1499999999999999 2
v 2.9000000000000004 -0.1499999999999999 2
v 2.9000000000000004 -0.1499999999999999 2
v 2.9000000000000004 -0.1499999999999999 2
v 2.9000000000000004 -0.1499999999999999 2
v 2.9000000000000004 -0.1499999999999999 2
v 2.9000000000000004 -0.1499999999999999 2
v 2.9000000000000004 -0.1499999999999999 2
v 2.9000000000000004 -0.1499999999999999 2.9520000219345093
v 3.1941841781139377 -0.1499999999999999 2.905405819416046
v 3.4595715641975406 -0.1499999999999999 2.7701841592788696
v 3.67018415927887 -0.1499999999999999 2.5595715641975403
v 3.8054058194160465 -0.1499999999999999 2.2941841781139374
v 3.8520000219345096 -0.1499999999999999 2
v 3.8054058194160465 -0.1499999999999999 1.7058158218860626
v 3.67018415927887 -0.1499999999999999 1.4404284358024597
v 3.4595715641975406 -0.1499999999999999 1.2298158407211304
v 3.1941841781139377 -0.1499999999999999 1.0945941805839539
v 2.9000000000000004 -0.1499999999999999 1.0479999780654907
v 2.605815821886063 -0.1499999999999999 1.0945941805839539
v 2.34042843580246 -0.1499999999999999 1.2298158407211304
v 2.1298158407211307 -0.1499999999999999 1.4404284358024597
v 1.9945941805839542 -0.1499999999999999 1.7058158218860626
v 1.947999978065491 -0.1499999999999999 1.9999999999999998
v 1.9945941805839542 -0.1499999999999999 2.2941841781139374
v 2.1298158407211307 -0.1499999999999999 2.5595715641975403
v 2.34042843580246 -0.1499999999999999 2.7701841592788696
v 2.605815821886063 -0.1499999999999999 2.905405819416046
v 2.9 -0.1499999999999999 2.9520000219345093
vt 0 1
vt 0.05000000074505806 1
vt 0.10000000149011612 1
vt 0.15000000596046448 1
vt 0.20000000298023224 1
vt 0.25 1
vt 0.30000001192092896 1
vt 0.3499999940395355 1
vt 0.4000000059604645 1
vt 0.44999998807907104 1
vt 0.5 1
vt 0.550000011920929 1
vt 0.6000000238418579 1
vt 0.6499999761581421 1
vt 0.699999988079071 1
vt 0.75 1
vt 0.800000011920929 1
vt 0.8500000238418579 1
vt 0.8999999761581421 1
vt 0.949999988079071 1
vt 1 1
vt 0 0
vt 0.05000000074505806 0
vt 0.10000000149011612 0
vt 0.15000000596046448 0
vt 0.20000000298023224 0
vt 0.25 0
vt 0.30000001192092896 0
vt 0.3499999940395355 0
vt 0.4000000059604645 0
vt 0.44999998807907104 0
vt 0.5 0
vt 0.550000011920929 0
vt 0.6000000238418579 0
vt 0.6499999761581421 0
vt 0.699999988079071 0
vt 0.75 0
vt 0.800000011920929 0
vt 0.8500000238418579 0
vt 0.8999999761581421 0
vt 0.949999988079071 0
vt 1 0
vt 0.5 0.5
vt 0.5 0.5
vt 0.5 0.5
vt 0.5 0.5
vt 0.5 0.5
vt 0.5 0.5
vt 0.5 0.5
vt 0.5 0.5
vt 0.5 0.5
vt 0.5 0.5
vt 0.5 0.5
vt 0.5 0.5
vt 0.5 0.5
vt 0.5 0.5
vt 0.5 0.5
vt 0.5 0.5
vt 0.5 0.5
vt 0.5 0.5
vt 0.5 0.5
vt 0.5 0.5
vt 1 0.5
vt 0.9755282402038574 0.6545084714889526
vt 0.9045084714889526 0.7938926219940186
vt 0.7938926219940186 0.9045084714889526
vt 0.6545084714889526 0.9755282402038574
vt 0.5 1
vt 0.345491498708725 0.9755282402038574
vt 0.20610737800598145 0.9045084714889526
vt 0.09549150615930557 0.7938926219940186
vt 0.024471741169691086 0.6545084714889526
vt 0 0.5
vt 0.024471741169691086 0.345491498708725
vt 0.09549150615930557 0.20610737800598145
vt 0.20610737800598145 0.09549150615930557
vt 0.345491498708725 0.024471741169691086
vt 0.5 0
vt 0.6545084714889526 0.024471741169691086
vt 0.7938926219940186 0.09549150615930557
vt 0.9045084714889526 0.20610737800598145
vt 0.9755282402038574 0.345491498708725
vt 1 0.5
vt 0.5 0.5
vt 0.5 0.5
vt 0.5 0.5
vt 0.5 0.5
vt 0.5 0.5
vt 0.5 0.5
vt 0.5 0.5
vt 0.5 0.5
vt 0.5 0.5
vt 0.5 0.5
vt 0.5 0.5
vt 0.5 0.5
vt 0.5 0.5
vt 0.5 0.5
vt 0.5 0.5
vt 0.5 0.5
vt 0.5 0.5
vt 0.5 0.5
vt 0.5 0.5
vt 0.5 0.5
vt 1 0.5
vt 0.9755282402038574 0.345491498708725
vt 0.9045084714889526 0.20610737800598145
vt 0.7938926219940186 0.09549150615930557
vt 0.6545084714889526 0.024471741169691086
vt 0.5 0
vt 0.345491498708725 0.024471741169691086
vt 0.20610737800598145 0.09549150615930557
vt 0.09549150615930557 0.20610737800598145
vt 0.024471741169691086 0.345491498708725
vt 0 0.5
vt 0.024471741169691086 0.6545084714889526
vt 0.09549150615930557 0.7938926219940186
vt 0.20610737800598145 0.9045084714889526
vt 0.345491498708725 0.9755282402038574
vt 0.5 1
vt 0.6545084714889526 0.9755282402038574
vt 0.7938926219940186 0.9045084714889526
vt 0.9045084714889526 0.7938926219940186
vt 0.9755282402038574 0.6545084714889526
vt 1 0.5
vn 0 0.022660845593201473 0.999743210067966
vn 0.30893764349870034 0.0226608462207692 0.950812294029704
vn 0.5876343339820472 0.022660846235955264 0.8088092331157863
vn 0.8088092331157863 0.022660846235955264 0.5876343339820472
vn 0.950812294029704 0.0226608462207692 0.30893764349870034
vn 0.999743210067966 0.022660845593201473 6.121661215921845e-17
vn 0.950812294029704 0.0226608462207692 -0.30893764349870034
vn 0.8088092331157863 0.022660846235955264 -0.5876343339820472
vn 0.5876343339820472 0.022660846235955264 -0.8088092331157863
vn 0.30893764349870034 0.0226608462207692 -0.950812294029704
vn 1.224332243184369e-16 0.022660845593201473 -0.999743210067966
vn -0.30893764349870034 0.0226608462207692 -0.950812294029704
vn -0.5876343339820472 0.022660846235955264 -0.8088092331157863
vn -0.8088092331157863 0.022660846235955264 -0.5876343339820472
vn -0.950812294029704 0.0226608462207692 -0.30893764349870034
vn -0.999743210067966 0.022660845593201473 -1.8364984309510017e-16
vn -0.950812294029704 0.0226608462207692 0.30893764349870034
vn -0.8088092331157863 0.022660846235955264 0.5876343339820472
vn -0.5876343339820472 0.022660846235955264 0.8088092331157863
vn -0.30893764349870034 0.0226608462207692 0.950812294029704
vn -2.448664486368738e-16 0.022660845593201473 0.999743210067966
vn 0 0.022660845593201473 0.999743210067966
vn 0.30893764349870034 0.0226608462207692 0.950812294029704
vn 0.5876343339820472 0.022660846235955264 0.8088092331157863
vn 0.8088092331157863 0.022660846235955264 0.5876343339820472
vn 0.950812294029704 0.0226608462207692 0.30893764349870034
vn 0.999743210067966 0.022660845593201473 6.121661215921845e-17
vn 0.950812294029704 0.0226608462207692 -0.30893764349870034
vn 0.8088092331157863 0.022660846235955264 -0.5876343339820472
vn 0.5876343339820472 0.022660846235955264 -0.8088092331157863
vn 0.30893764349870034 0.0226608462207692 -0.950812294029704
vn 1.224332243184369e-16 0.022660845593201473 -0.999743210067966
vn -0.30893764349870034 0.0226608462207692 -0.950812294029704
vn -0.5876343339820472 0.022660846235955264 -0.8088092331157863
vn -0.8088092331157863 0.022660846235955264 -0.5876343339820472
vn -0.950812294029704 0.0226608462207692 -0.30893764349870034
vn -0.999743210067966 0.022660845593201473 -1.8364984309510017e-16
vn -0.950812294029704 0.0226608462207692 0.30893764349870034
vn -0.8088092331157863 0.022660846235955264 0.5876343339820472
vn -0.5876343339820472 0.022660846235955264 0.8088092331157863
vn -0.30893764349870034 0.0226608462207692 0.950812294029704
vn -2.448664486368738e-16 0.022660845593201473 0.999743210067966
vn 0 1 0
vn 0 1 0
vn 0 1 0
vn 0 1 0
vn 0 1 0
vn 0 1 0
vn 0 1 0
vn 0 1 0
vn 0 1 0
vn 0 1 0
vn 0 1 0
vn 0 1 0
vn 0 1 0
vn 0 1 0
vn 0 1 0
vn 0 1 0
vn 0 1 0
vn 0 1 0
vn 0 1 0
vn 0 1 0
vn 0 1 0
vn 0 1 0
vn 0 1 0
vn 0 1 0
vn 0 1 0
vn 0 1 0
vn 0 1 0
vn 0 1 0
vn 0 1 0
vn 0 1 0
vn 0 1 0
vn 0 1 0
vn 0 1 0
vn 0 1 0
vn 0 1 0
vn 0 1 0
vn 0 1 0
vn 0 1 0
vn 0 1 0
vn 0 1 0
vn 0 1 0
vn 0 -1 0
vn 0 -1 0
vn 0 -1 0
vn 0 -1 0
vn 0 -1 0
vn 0 -1 0
vn 0 -1 0
vn 0 -1 0
vn 0 -1 0
vn 0 -1 0
vn 0 -1 0
vn 0 -1 0
vn 0 -1 0
vn 0 -1 0
vn 0 -1 0
vn 0 -1 0
vn 0 -1 0
vn 0 -1 0
vn 0 -1 0
vn 0 -1 0
vn 0 -1 0
vn 0 -1 0
vn 0 -1 0
vn 0 -1 0
vn 0 -1 0
vn 0 -1 0
vn 0 -1 0
vn 0 -1 0
vn 0 -1 0
vn 0 -1 0
vn 0 -1 0
vn 0 -1 0
vn 0 -1 0
vn 0 -1 0
vn 0 -1 0
vn 0 -1 0
vn 0 -1 0
vn 0 -1 0
vn 0 -1 0
vn 0 -1 0
vn 0 -1 0
f 2208/2208/2208 2229/2229/2229 2209/2209/2209
f 2229/2229/2229 2230/2230/2230 2209/2209/2209
f 2209/2209/2209 2230/2230/2230 2210/2210/2210
f 2230/2230/2230 2231/2231/2231 2210/2210/2210
f 2210/2210/2210 2231/2231/2231 2211/2211/2211
f 2231/2231/2231 2232/2232/2232 2211/2211/2211
f 2211/2211/2211 2232/2232/2232 2212/2212/2212
f 2232/2232/2232 2233/2233/2233 2212/2212/2212
f 2212/2212/2212 2233/2233/2233 2213/2213/2213
f 2233/2233/2233 2234/2234/2234 2213/2213/2213
f 2213/2213/2213 2234/2234/2234 2214/2214/2214
f 2234/2234/2234 2235/2235/2235 2214/2214/2214
f 2214/2214/2214 2235/2235/2235 2215/2215/2215
f 2235/2235/2235 2236/2236/2236 2215/2215/2215
f 2215/2215/2215 2236/2236/2236 2216/2216/2216
f 2236/2236/2236 2237/2237/2237 2216/2216/2216
f 2216/2216/2216 2237/2237/2237 2217/2217/2217
f 2237/2237/2237 2238/2238/2238 2217/2217/2217
f 2217/2217/2217 2238/2238/2238 2218/2218/2218
f 2238/2238/2238 2239/2239/2239 2218/2218/2218
f 2218/2218/2218 2239/2239/2239 2219/2219/2219
f 2239/2239/2239 2240/2240/2240 2219/2219/2219
f 2219/2219/2219 2240/2240/2240 2220/2220/2220
f 2240/2240/2240 2241/2241/2241 2220/2220/2220
f 2220/2220/2220 2241/2241/2241 2221/2221/2221
f 2241/2241/2241 2242/2242/2242 2221/2221/2221
f 2221/2221/2221 2242/2242/2242 2222/2222/2222
f 2242/2242/2242 2243/2243/2243 2222/2222/2222
f 2222/2222/2222 2243/2243/2243 2223/2223/2223
f 2243/2243/2243 2244/2244/2244 2223/2223/2223
f 2223/2223/2223 2244/2244/2244 2224/2224/2224
f 2244/2244/2244 2245/2245/2245 2224/2224/2224
f 2224/2224/2224 2245/2245/2245 2225/2225/2225
f 2245/2245/2245 2246/2246/2246 2225/2225/2225
f 2225/2225/2225 2246/2246/2246 2226/2226/2226
f 2246/2246/2246 2247/2247/2247 2226/2226/2226
f 2226/2226/2226 2247/2247/2247 2227/2227/2227
f 2247/2247/2247 2248/2248/2248 2227/2227/2227
f 2227/2227/2227 2248/2248/2248 2228/2228/2228
f 2248/2248/2248 2249/2249/2249 2228/2228/2228
f 2270/2270/2270 2271/2271/2271 2250/2250/2250
f 2271/2271/2271 2272/2272/2272 2251/2251/2251
f 2272/2272/2272 2273/2273/2273 2252/2252/2252
f 2273/2273/2273 2274/2274/2274 2253/2253/2253
f 2274/2274/2274 2275/2275/2275 2254/2254/2254
f 2275/2275/2275 2276/2276/2276 2255/2255/2255
f 2276/2276/2276 2277/2277/2277 2256/2256/2256
f 2277/2277/2277 2278/2278/2278 2257/2257/2257
f 2278/2278/2278 2279/2279/2279 2258/2258/2258
f 2279/2279/2279 2280/2280/2280 2259/2259/2259
f 2280/2280/2280 2281/2281/2281 2260/2260/2260
f 2281/2281/2281 2282/2282/2282 2261/2261/2261
f 2282/2282/2282 2283/2283/2283 2262/2262/2262
f 2283/2283/2283 2284/2284/2284 2263/2263/2263
f 2284/2284/2284 2285/2285/2285 2264/2264/2264
f 2285/2285/2285 2286/2286/2286 2265/2265/2265
f 2286/2286/2286 2287/2287/2287 2266/2266/2266
f 2287/2287/2287 2288/2288/2288 2267/2267/2267
f 2288/2288/2288 2289/2289/2289 2268/2268/2268
f 2289/2289/2289 2290/2290/2290 2269/2269/2269
f 2312/2312/2312 2311/2311/2311 2291/2291/2291
f 2313/2313/2313 2312/2312/2312 2292/2292/2292
f 2314/2314/2314 2313/2313/2313 2293/2293/2293
f 2315/2315/2315 2314/2314/2314 2294/2294/2294
f 2316/2316/2316 2315/2315/2315 2295/2295/2295
f 2317/2317/2317 2316/2316/2316 2296/2296/2296
f 2318/2318/2318 2317/2317/2317 2297/2297/2297
f 2319/2319/2319 2318/2318/2318 2298/2298/2298
f 2320/2320/2320 2319/2319/2319 2299/2299/2299
f 2321/2321/2321 2320/2320/2320 2300/2300/2300
f 2322/2322/2322 2321/2321/2321 2301/2301/2301
f 2323/2323/2323 2322/2322/2322 2302/2302/2302
f 2324/2324/2324 2323/2323/2323 2303/2303/2303
f 2325/2325/2325 2324/2324/2324 2304/2304/2304
f 2326/2326/2326 2325/2325/2325 2305/2305/2305
f 2327/2327/2327 2326/2326/2326 2306/2306/2306
f 2328/2328/2328 2327/2327/2327 2307/2307/2307
f 2329/2329/2329 2328/2328/2328 2308/2308/2308
f 2330/2330/2330 2329/2329/2329 2309/2309/2309
f 2331/2331/2331 2330/2330/2330 2310/2310/2310
o watchtower_front_right_cap_step1
usemtl dark_granite_trim
v 2.9000000000000004 4.5699999994039535 2.9179999828338623
v 3.183677607774735 4.5699999994039535 2.8730698823928833
v 3.4395868420600895 4.5699999994039535 2.742677628993988
v 3.6426776289939884 4.5699999994039535 2.539586842060089
v 3.7730698823928837 4.5699999994039535 2.2836776077747345
v 3.8179999828338627 4.5699999994039535 2
v 3.7730698823928837 4.5699999994039535 1.7163223922252655
v 3.6426776289939884 4.5699999994039535 1.4604131579399109
v 3.4395868420600895 4.5699999994039535 1.257322371006012
v 3.183677607774735 4.5699999994039535 1.1269301176071167
v 2.9000000000000004 4.5699999994039535 1.0820000171661377
v 2.616322392225266 4.5699999994039535 1.1269301176071167
v 2.3604131579399112 4.5699999994039535 1.257322371006012
v 2.1573223710060123 4.5699999994039535 1.4604131579399109
v 2.026930117607117 4.5699999994039535 1.7163223922252655
v 1.982000017166138 4.5699999994039535 1.9999999999999998
v 2.026930117607117 4.5699999994039535 2.2836776077747345
v 2.1573223710060123 4.5699999994039535 2.539586842060089
v 2.3604131579399112 4.5699999994039535 2.742677628993988
v 2.616322392225266 4.5699999994039535 2.8730698823928833
v 2.9 4.5699999994039535 2.9179999828338623
v 2.9000000000000004 4.350000000596046 2.935000002384186
v 3.1889308929443363 4.350000000596046 2.8892378211021423
v 3.449579203128815 4.350000000596046 2.7564308643341064
v 3.656430864334107 4.350000000596046 2.5495792031288147
v 3.7892378211021427 4.350000000596046 2.288930892944336
v 3.835000002384186 4.350000000596046 2
v 3.7892378211021427 4.350000000596046 1.711069107055664
v 3.656430864334107 4.350000000596046 1.4504207968711853
v 3.449579203128815 4.350000000596046 1.2435691356658936
v 3.1889308929443363 4.350000000596046 1.1107621788978577
v 2.9000000000000004 4.350000000596046 1.0649999976158142
v 2.6110691070556644 4.350000000596046 1.1107621788978577
v 2.3504207968711857 4.350000000596046 1.2435691356658936
v 2.143569135665894 4.350000000596046 1.4504207968711853
v 2.010762178897858 4.350000000596046 1.711069107055664
v 1.9649999976158146 4.350000000596046 1.9999999999999998
v 2.010762178897858 4.350000000596046 2.288930892944336
v 2.143569135665894 4.350000000596046 2.5495792031288147
v 2.3504207968711857 4.350000000596046 2.7564308643341064
v 2.6110691070556644 4.350000000596046 2.8892378211021423
v 2.9 4.350000000596046 2.935000002384186
v 2.9000000000000004 4.5699999994039535 2
v 2.9000000000000004 4.5699999994039535 2
v 2.9000000000000004 4.5699999994039535 2
v 2.9000000000000004 4.5699999994039535 2
v 2.9000000000000004 4.5699999994039535 2
v 2.9000000000000004 4.5699999994039535 2
v 2.9000000000000004 4.5699999994039535 2
v 2.9000000000000004 4.5699999994039535 2
v 2.9000000000000004 4.5699999994039535 2
v 2.9000000000000004 4.5699999994039535 2
v 2.9000000000000004 4.5699999994039535 2
v 2.9000000000000004 4.5699999994039535 2
v 2.9000000000000004 4.5699999994039535 2
v 2.9000000000000004 4.5699999994039535 2
v 2.9000000000000004 4.5699999994039535 2
v 2.9000000000000004 4.5699999994039535 2
v 2.9000000000000004 4.5699999994039535 2
v 2.9000000000000004 4.5699999994039535 2
v 2.9000000000000004 4.5699999994039535 2
v 2.9000000000000004 4.5699999994039535 2
v 2.9000000000000004 4.5699999994039535 2.9179999828338623
v 3.183677607774735 4.5699999994039535 2.8730698823928833
v 3.4395868420600895 4.5699999994039535 2.742677628993988
v 3.6426776289939884 4.5699999994039535 2.539586842060089
v 3.7730698823928837 4.5699999994039535 2.2836776077747345
v 3.8179999828338627 4.5699999994039535 2
v 3.7730698823928837 4.5699999994039535 1.7163223922252655
v 3.6426776289939884 4.5699999994039535 1.4604131579399109
v 3.4395868420600895 4.5699999994039535 1.257322371006012
v 3.183677607774735 4.5699999994039535 1.1269301176071167
v 2.9000000000000004 4.5699999994039535 1.0820000171661377
v 2.616322392225266 4.5699999994039535 1.1269301176071167
v 2.3604131579399112 4.5699999994039535 1.257322371006012
v 2.1573223710060123 4.5699999994039535 1.4604131579399109
v 2.026930117607117 4.5699999994039535 1.7163223922252655
v 1.982000017166138 4.5699999994039535 1.9999999999999998
v 2.026930117607117 4.5699999994039535 2.2836776077747345
v 2.1573223710060123 4.5699999994039535 2.539586842060089
v 2.3604131579399112 4.5699999994039535 2.742677628993988
v 2.616322392225266 4.5699999994039535 2.8730698823928833
v 2.9 4.5699999994039535 2.9179999828338623
v 2.9000000000000004 4.350000000596046 2
v 2.9000000000000004 4.350000000596046 2
v 2.9000000000000004 4.350000000596046 2
v 2.9000000000000004 4.350000000596046 2
v 2.9000000000000004 4.350000000596046 2
v 2.9000000000000004 4.350000000596046 2
v 2.9000000000000004 4.350000000596046 2
v 2.9000000000000004 4.350000000596046 2
v 2.9000000000000004 4.350000000596046 2
v 2.9000000000000004 4.350000000596046 2
v 2.9000000000000004 4.350000000596046 2
v 2.9000000000000004 4.350000000596046 2
v 2.9000000000000004 4.350000000596046 2
v 2.9000000000000004 4.350000000596046 2
v 2.9000000000000004 4.350000000596046 2
v 2.9000000000000004 4.350000000596046 2
v 2.9000000000000004 4.350000000596046 2
v 2.9000000000000004 4.350000000596046 2
v 2.9000000000000004 4.350000000596046 2
v 2.9000000000000004 4.350000000596046 2
v 2.9000000000000004 4.350000000596046 2.935000002384186
v 3.1889308929443363 4.350000000596046 2.8892378211021423
v 3.449579203128815 4.350000000596046 2.7564308643341064
v 3.656430864334107 4.350000000596046 2.5495792031288147
v 3.7892378211021427 4.350000000596046 2.288930892944336
v 3.835000002384186 4.350000000596046 2
v 3.7892378211021427 4.350000000596046 1.711069107055664
v 3.656430864334107 4.350000000596046 1.4504207968711853
v 3.449579203128815 4.350000000596046 1.2435691356658936
v 3.1889308929443363 4.350000000596046 1.1107621788978577
v 2.9000000000000004 4.350000000596046 1.0649999976158142
v 2.6110691070556644 4.350000000596046 1.1107621788978577
v 2.3504207968711857 4.350000000596046 1.2435691356658936
v 2.143569135665894 4.350000000596046 1.4504207968711853
v 2.010762178897858 4.350000000596046 1.711069107055664
v 1.9649999976158146 4.350000000596046 1.9999999999999998
v 2.010762178897858 4.350000000596046 2.288930892944336
v 2.143569135665894 4.350000000596046 2.5495792031288147
v 2.3504207968711857 4.350000000596046 2.7564308643341064
v 2.6110691070556644 4.350000000596046 2.8892378211021423
v 2.9 4.350000000596046 2.935000002384186
vt 0 1
vt 0.05000000074505806 1
vt 0.10000000149011612 1
vt 0.15000000596046448 1
vt 0.20000000298023224 1
vt 0.25 1
vt 0.30000001192092896 1
vt 0.3499999940395355 1
vt 0.4000000059604645 1
vt 0.44999998807907104 1
vt 0.5 1
vt 0.550000011920929 1
vt 0.6000000238418579 1
vt 0.6499999761581421 1
vt 0.699999988079071 1
vt 0.75 1
vt 0.800000011920929 1
vt 0.8500000238418579 1
vt 0.8999999761581421 1
vt 0.949999988079071 1
vt 1 1
vt 0 0
vt 0.05000000074505806 0
vt 0.10000000149011612 0
vt 0.15000000596046448 0
vt 0.20000000298023224 0
vt 0.25 0
vt 0.30000001192092896 0
vt 0.3499999940395355 0
vt 0.4000000059604645 0
vt 0.44999998807907104 0
vt 0.5 0
vt 0.550000011920929 0
vt 0.6000000238418579 0
vt 0.6499999761581421 0
vt 0.699999988079071 0
vt 0.75 0
vt 0.800000011920929 0
vt 0.8500000238418579 0
vt 0.8999999761581421 0
vt 0.949999988079071 0
vt 1 0
vt 0.5 0.5
vt 0.5 0.5
vt 0.5 0.5
vt 0.5 0.5
vt 0.5 0.5
vt 0.5 0.5
vt 0.5 0.5
vt 0.5 0.5
vt 0.5 0.5
vt 0.5 0.5
vt 0.5 0.5
vt 0.5 0.5
vt 0.5 0.5
vt 0.5 0.5
vt 0.5 0.5
vt 0.5 0.5
vt 0.5 0.5
vt 0.5 0.5
vt 0.5 0.5
vt 0.5 0.5
vt 1 0.5
vt 0.9755282402038574 0.6545084714889526
vt 0.9045084714889526 0.7938926219940186
vt 0.7938926219940186 0.9045084714889526
vt 0.6545084714889526 0.9755282402038574
vt 0.5 1
vt 0.345491498708725 0.9755282402038574
vt 0.20610737800598145 0.9045084714889526
vt 0.09549150615930557 0.7938926219940186
vt 0.024471741169691086 0.6545084714889526
vt 0 0.5
vt 0.024471741169691086 0.345491498708725
vt 0.09549150615930557 0.20610737800598145
vt 0.20610737800598145 0.09549150615930557
vt 0.345491498708725 0.024471741169691086
vt 0.5 0
vt 0.6545084714889526 0.024471741169691086
vt 0.7938926219940186 0.09549150615930557
vt 0.9045084714889526 0.20610737800598145
vt 0.9755282402038574 0.345491498708725
vt 1 0.5
vt 0.5 0.5
vt 0.5 0.5
vt 0.5 0.5
vt 0.5 0.5
vt 0.5 0.5
vt 0.5 0.5
vt 0.5 0.5
vt 0.5 0.5
vt 0.5 0.5
vt 0.5 0.5
vt 0.5 0.5
vt 0.5 0.5
vt 0.5 0.5
vt 0.5 0.5
vt 0.5 0.5
vt 0.5 0.5
vt 0.5 0.5
vt 0.5 0.5
vt 0.5 0.5
vt 0.5 0.5
vt 1 0.5
vt 0.9755282402038574 0.345491498708725
vt 0.9045084714889526 0.20610737800598145
vt 0.7938926219940186 0.09549150615930557
vt 0.6545084714889526 0.024471741169691086
vt 0.5 0
vt 0.345491498708725 0.024471741169691086
vt 0.20610737800598145 0.09549150615930557
vt 0.09549150615930557 0.20610737800598145
vt 0.024471741169691086 0.345491498708725
vt 0 0.5
vt 0.024471741169691086 0.6545084714889526
vt 0.09549150615930557 0.7938926219940186
vt 0.20610737800598145 0.9045084714889526
vt 0.345491498708725 0.9755282402038574
vt 0.5 1
vt 0.6545084714889526 0.9755282402038574
vt 0.7938926219940186 0.9045084714889526
vt 0.9045084714889526 0.7938926219940186
vt 0.9755282402038574 0.6545084714889526
vt 1 0.5
vn 0 0.07704305739861264 0.9970277665675485
vn 0.308098531796034 0.07704305823524255 0.9482297516334789
vn 0.5860382150877073 0.07704305428443878 0.8066124089321581
vn 0.8066124089321581 0.07704305428443878 0.5860382150877073
vn 0.9482297516334789 0.07704305823524255 0.308098531796034
vn 0.9970277665675485 0.07704305739861264 6.105034376371892e-17
vn 0.9482297516334789 0.07704305823524255 -0.308098531796034
vn 0.8066124089321581 0.07704305428443878 -0.5860382150877073
vn 0.5860382150877073 0.07704305428443878 -0.8066124089321581
vn 0.308098531796034 0.07704305823524255 -0.9482297516334789
vn 1.2210068752743784e-16 0.07704305739861264 -0.9970277665675485
vn -0.308098531796034 0.07704305823524255 -0.9482297516334789
vn -0.5860382150877073 0.07704305428443878 -0.8066124089321581
vn -0.8066124089321581 0.07704305428443878 -0.5860382150877073
vn -0.9482297516334789 0.07704305823524255 -0.308098531796034
vn -0.9970277665675485 0.07704305739861264 -1.8315103790860174e-16
vn -0.9482297516334789 0.07704305823524255 0.308098531796034
vn -0.8066124089321581 0.07704305428443878 0.5860382150877073
vn -0.5860382150877073 0.07704305428443878 0.8066124089321581
vn -0.308098531796034 0.07704305823524255 0.9482297516334789
vn -2.442013750548757e-16 0.07704305739861264 0.9970277665675485
vn 0 0.07704305739861264 0.9970277665675485
vn 0.308098531796034 0.07704305823524255 0.9482297516334789
vn 0.5860382150877073 0.07704305428443878 0.8066124089321581
vn 0.8066124089321581 0.07704305428443878 0.5860382150877073
vn 0.9482297516334789 0.07704305823524255 0.308098531796034
vn 0.9970277665675485 0.07704305739861264 6.105034376371892e-17
vn 0.9482297516334789 0.07704305823524255 -0.308098531796034
vn 0.8066124089321581 0.07704305428443878 -0.5860382150877073
vn 0.5860382150877073 0.07704305428443878 -0.8066124089321581
vn 0.308098531796034 0.07704305823524255 -0.9482297516334789
vn 1.2210068752743784e-16 0.07704305739861264 -0.9970277665675485
vn -0.308098531796034 0.07704305823524255 -0.9482297516334789
vn -0.5860382150877073 0.07704305428443878 -0.8066124089321581
vn -0.8066124089321581 0.07704305428443878 -0.5860382150877073
vn -0.9482297516334789 0.07704305823524255 -0.308098531796034
vn -0.9970277665675485 0.07704305739861264 -1.8315103790860174e-16
vn -0.9482297516334789 0.07704305823524255 0.308098531796034
vn -0.8066124089321581 0.07704305428443878 0.5860382150877073
vn -0.5860382150877073 0.07704305428443878 0.8066124089321581
vn -0.308098531796034 0.07704305823524255 0.9482297516334789
vn -2.442013750548757e-16 0.07704305739861264 0.9970277665675485
vn 0 1 0
vn 0 1 0
vn 0 1 0
vn 0 1 0
vn 0 1 0
vn 0 1 0
vn 0 1 0
vn 0 1 0
vn 0 1 0
vn 0 1 0
vn 0 1 0
vn 0 1 0
vn 0 1 0
vn 0 1 0
vn 0 1 0
vn 0 1 0
vn 0 1 0
vn 0 1 0
vn 0 1 0
vn 0 1 0
vn 0 1 0
vn 0 1 0
vn 0 1 0
vn 0 1 0
vn 0 1 0
vn 0 1 0
vn 0 1 0
vn 0 1 0
vn 0 1 0
vn 0 1 0
vn 0 1 0
vn 0 1 0
vn 0 1 0
vn 0 1 0
vn 0 1 0
vn 0 1 0
vn 0 1 0
vn 0 1 0
vn 0 1 0
vn 0 1 0
vn 0 1 0
vn 0 -1 0
vn 0 -1 0
vn 0 -1 0
vn 0 -1 0
vn 0 -1 0
vn 0 -1 0
vn 0 -1 0
vn 0 -1 0
vn 0 -1 0
vn 0 -1 0
vn 0 -1 0
vn 0 -1 0
vn 0 -1 0
vn 0 -1 0
vn 0 -1 0
vn 0 -1 0
vn 0 -1 0
vn 0 -1 0
vn 0 -1 0
vn 0 -1 0
vn 0 -1 0
vn 0 -1 0
vn 0 -1 0
vn 0 -1 0
vn 0 -1 0
vn 0 -1 0
vn 0 -1 0
vn 0 -1 0
vn 0 -1 0
vn 0 -1 0
vn 0 -1 0
vn 0 -1 0
vn 0 -1 0
vn 0 -1 0
vn 0 -1 0
vn 0 -1 0
vn 0 -1 0
vn 0 -1 0
vn 0 -1 0
vn 0 -1 0
vn 0 -1 0
f 2332/2332/2332 2353/2353/2353 2333/2333/2333
f 2353/2353/2353 2354/2354/2354 2333/2333/2333
f 2333/2333/2333 2354/2354/2354 2334/2334/2334
f 2354/2354/2354 2355/2355/2355 2334/2334/2334
f 2334/2334/2334 2355/2355/2355 2335/2335/2335
f 2355/2355/2355 2356/2356/2356 2335/2335/2335
f 2335/2335/2335 2356/2356/2356 2336/2336/2336
f 2356/2356/2356 2357/2357/2357 2336/2336/2336
f 2336/2336/2336 2357/2357/2357 2337/2337/2337
f 2357/2357/2357 2358/2358/2358 2337/2337/2337
f 2337/2337/2337 2358/2358/2358 2338/2338/2338
f 2358/2358/2358 2359/2359/2359 2338/2338/2338
f 2338/2338/2338 2359/2359/2359 2339/2339/2339
f 2359/2359/2359 2360/2360/2360 2339/2339/2339
f 2339/2339/2339 2360/2360/2360 2340/2340/2340
f 2360/2360/2360 2361/2361/2361 2340/2340/2340
f 2340/2340/2340 2361/2361/2361 2341/2341/2341
f 2361/2361/2361 2362/2362/2362 2341/2341/2341
f 2341/2341/2341 2362/2362/2362 2342/2342/2342
f 2362/2362/2362 2363/2363/2363 2342/2342/2342
f 2342/2342/2342 2363/2363/2363 2343/2343/2343
f 2363/2363/2363 2364/2364/2364 2343/2343/2343
f 2343/2343/2343 2364/2364/2364 2344/2344/2344
f 2364/2364/2364 2365/2365/2365 2344/2344/2344
f 2344/2344/2344 2365/2365/2365 2345/2345/2345
f 2365/2365/2365 2366/2366/2366 2345/2345/2345
f 2345/2345/2345 2366/2366/2366 2346/2346/2346
f 2366/2366/2366 2367/2367/2367 2346/2346/2346
f 2346/2346/2346 2367/2367/2367 2347/2347/2347
f 2367/2367/2367 2368/2368/2368 2347/2347/2347
f 2347/2347/2347 2368/2368/2368 2348/2348/2348
f 2368/2368/2368 2369/2369/2369 2348/2348/2348
f 2348/2348/2348 2369/2369/2369 2349/2349/2349
f 2369/2369/2369 2370/2370/2370 2349/2349/2349
f 2349/2349/2349 2370/2370/2370 2350/2350/2350
f 2370/2370/2370 2371/2371/2371 2350/2350/2350
f 2350/2350/2350 2371/2371/2371 2351/2351/2351
f 2371/2371/2371 2372/2372/2372 2351/2351/2351
f 2351/2351/2351 2372/2372/2372 2352/2352/2352
f 2372/2372/2372 2373/2373/2373 2352/2352/2352
f 2394/2394/2394 2395/2395/2395 2374/2374/2374
f 2395/2395/2395 2396/2396/2396 2375/2375/2375
f 2396/2396/2396 2397/2397/2397 2376/2376/2376
f 2397/2397/2397 2398/2398/2398 2377/2377/2377
f 2398/2398/2398 2399/2399/2399 2378/2378/2378
f 2399/2399/2399 2400/2400/2400 2379/2379/2379
f 2400/2400/2400 2401/2401/2401 2380/2380/2380
f 2401/2401/2401 2402/2402/2402 2381/2381/2381
f 2402/2402/2402 2403/2403/2403 2382/2382/2382
f 2403/2403/2403 2404/2404/2404 2383/2383/2383
f 2404/2404/2404 2405/2405/2405 2384/2384/2384
f 2405/2405/2405 2406/2406/2406 2385/2385/2385
f 2406/2406/2406 2407/2407/2407 2386/2386/2386
f 2407/2407/2407 2408/2408/2408 2387/2387/2387
f 2408/2408/2408 2409/2409/2409 2388/2388/2388
f 2409/2409/2409 2410/2410/2410 2389/2389/2389
f 2410/2410/2410 2411/2411/2411 2390/2390/2390
f 2411/2411/2411 2412/2412/2412 2391/2391/2391
f 2412/2412/2412 2413/2413/2413 2392/2392/2392
f 2413/2413/2413 2414/2414/2414 2393/2393/2393
f 2436/2436/2436 2435/2435/2435 2415/2415/2415
f 2437/2437/2437 2436/2436/2436 2416/2416/2416
f 2438/2438/2438 2437/2437/2437 2417/2417/2417
f 2439/2439/2439 2438/2438/2438 2418/2418/2418
f 2440/2440/2440 2439/2439/2439 2419/2419/2419
f 2441/2441/2441 2440/2440/2440 2420/2420/2420
f 2442/2442/2442 2441/2441/2441 2421/2421/2421
f 2443/2443/2443 2442/2442/2442 2422/2422/2422
f 2444/2444/2444 2443/2443/2443 2423/2423/2423
f 2445/2445/2445 2444/2444/2444 2424/2424/2424
f 2446/2446/2446 2445/2445/2445 2425/2425/2425
f 2447/2447/2447 2446/2446/2446 2426/2426/2426
f 2448/2448/2448 2447/2447/2447 2427/2427/2427
f 2449/2449/2449 2448/2448/2448 2428/2428/2428
f 2450/2450/2450 2449/2449/2449 2429/2429/2429
f 2451/2451/2451 2450/2450/2450 2430/2430/2430
f 2452/2452/2452 2451/2451/2451 2431/2431/2431
f 2453/2453/2453 2452/2452/2452 2432/2432/2432
f 2454/2454/2454 2453/2453/2453 2433/2433/2433
f 2455/2455/2455 2454/2454/2454 2434/2434/2434
o watchtower_front_right_cap_step2
usemtl sandstone_trim
v 2.9000000000000004 5.069999999999999 2.662999987602234
v 3.1048782706260685 5.069999999999999 2.630550444126129
v 3.2897016346454624 5.069999999999999 2.536378264427185
v 3.4363782644271854 5.069999999999999 2.389701634645462
v 3.5305504441261295 5.069999999999999 2.204878270626068
v 3.5629999876022342 5.069999999999999 2
v 3.5305504441261295 5.069999999999999 1.7951217293739319
v 3.4363782644271854 5.069999999999999 1.610298365354538
v 3.2897016346454624 5.069999999999999 1.463621735572815
v 3.1048782706260685 5.069999999999999 1.3694495558738708
v 2.9000000000000004 5.069999999999999 1.3370000123977661
v 2.6951217293739322 5.069999999999999 1.3694495558738708
v 2.5102983653545383 5.069999999999999 1.463621735572815
v 2.3636217355728153 5.069999999999999 1.610298365354538
v 2.269449555873871 5.069999999999999 1.7951217293739319
v 2.2370000123977665 5.069999999999999 1.9999999999999998
v 2.269449555873871 5.069999999999999 2.204878270626068
v 2.3636217355728153 5.069999999999999 2.389701634645462
v 2.5102983653545383 5.069999999999999 2.536378264427185
v 2.6951217293739322 5.069999999999999 2.630550444126129
v 2.9000000000000004 5.069999999999999 2.662999987602234
v 2.9000000000000004 4.569999999999999 2.850000023841858
v 3.1626644372940067 4.569999999999999 2.8083980679512024
v 3.399617457389832 4.569999999999999 2.6876644492149353
v 3.5876644492149357 4.569999999999999 2.4996174573898315
v 3.7083980679512027 4.569999999999999 2.2626644372940063
v 3.7500000238418583 4.569999999999999 2
v 3.7083980679512027 4.569999999999999 1.7373355627059937
v 3.5876644492149357 4.569999999999999 1.5003825426101685
v 3.399617457389832 4.569999999999999 1.3123355507850647
v 3.1626644372940067 4.569999999999999 1.1916019320487976
v 2.9000000000000004 4.569999999999999 1.149999976158142
v 2.637335562705994 4.569999999999999 1.1916019320487976
v 2.400382542610169 4.569999999999999 1.3123355507850647
v 2.212335550785065 4.569999999999999 1.5003825426101685
v 2.091601932048798 4.569999999999999 1.7373355627059937
v 2.0499999761581424 4.569999999999999 1.9999999999999998
v 2.091601932048798 4.569999999999999 2.2626644372940063
v 2.212335550785065 4.569999999999999 2.4996174573898315
v 2.400382542610169 4.569999999999999 2.6876644492149353
v 2.637335562705994 4.569999999999999 2.8083980679512024
v 2.9000000000000004 4.569999999999999 2.850000023841858
v 2.9000000000000004 5.069999999999999 2
v 2.9000000000000004 5.069999999999999 2
v 2.9000000000000004 5.069999999999999 2
v 2.9000000000000004 5.069999999999999 2
v 2.9000000000000004 5.069999999999999 2
v 2.9000000000000004 5.069999999999999 2
v 2.9000000000000004 5.069999999999999 2
v 2.9000000000000004 5.069999999999999 2
v 2.9000000000000004 5.069999999999999 2
v 2.9000000000000004 5.069999999999999 2
v 2.9000000000000004 5.069999999999999 2
v 2.9000000000000004 5.069999999999999 2
v 2.9000000000000004 5.069999999999999 2
v 2.9000000000000004 5.069999999999999 2
v 2.9000000000000004 5.069999999999999 2
v 2.9000000000000004 5.069999999999999 2
v 2.9000000000000004 5.069999999999999 2
v 2.9000000000000004 5.069999999999999 2
v 2.9000000000000004 5.069999999999999 2
v 2.9000000000000004 5.069999999999999 2
v 2.9000000000000004 5.069999999999999 2.662999987602234
v 3.1048782706260685 5.069999999999999 2.630550444126129
v 3.2897016346454624 5.069999999999999 2.536378264427185
v 3.4363782644271854 5.069999999999999 2.389701634645462
v 3.5305504441261295 5.069999999999999 2.204878270626068
v 3.5629999876022342 5.069999999999999 2
v 3.5305504441261295 5.069999999999999 1.7951217293739319
v 3.4363782644271854 5.069999999999999 1.610298365354538
v 3.2897016346454624 5.069999999999999 1.463621735572815
v 3.1048782706260685 5.069999999999999 1.3694495558738708
v 2.9000000000000004 5.069999999999999 1.3370000123977661
v 2.6951217293739322 5.069999999999999 1.3694495558738708
v 2.5102983653545383 5.069999999999999 1.463621735572815
v 2.3636217355728153 5.069999999999999 1.610298365354538
v 2.269449555873871 5.069999999999999 1.7951217293739319
v 2.2370000123977665 5.069999999999999 1.9999999999999998
v 2.269449555873871 5.069999999999999 2.204878270626068
v 2.3636217355728153 5.069999999999999 2.389701634645462
v 2.5102983653545383 5.069999999999999 2.536378264427185
v 2.6951217293739322 5.069999999999999 2.630550444126129
v 2.9000000000000004 5.069999999999999 2.662999987602234
v 2.9000000000000004 4.569999999999999 2
v 2.9000000000000004 4.569999999999999 2
v 2.9000000000000004 4.569999999999999 2
v 2.9000000000000004 4.569999999999999 2
v 2.9000000000000004 4.569999999999999 2
v 2.9000000000000004 4.569999999999999 2
v 2.9000000000000004 4.569999999999999 2
v 2.9000000000000004 4.569999999999999 2
v 2.9000000000000004 4.569999999999999 2
v 2.9000000000000004 4.569999999999999 2
v 2.9000000000000004 4.569999999999999 2
v 2.9000000000000004 4.569999999999999 2
v 2.9000000000000004 4.569999999999999 2
v 2.9000000000000004 4.569999999999999 2
v 2.9000000000000004 4.569999999999999 2
v 2.9000000000000004 4.569999999999999 2
v 2.9000000000000004 4.569999999999999 2
v 2.9000000000000004 4.569999999999999 2
v 2.9000000000000004 4.569999999999999 2
v 2.9000000000000004 4.569999999999999 2
v 2.9000000000000004 4.569999999999999 2.850000023841858
v 3.1626644372940067 4.569999999999999 2.8083980679512024
v 3.399617457389832 4.569999999999999 2.6876644492149353
v 3.5876644492149357 4.569999999999999 2.4996174573898315
v 3.7083980679512027 4.569999999999999 2.2626644372940063
v 3.7500000238418583 4.569999999999999 2
v 3.7083980679512027 4.569999999999999 1.7373355627059937
v 3.5876644492149357 4.569999999999999 1.5003825426101685
v 3.399617457389832 4.569999999999999 1.3123355507850647
v 3.1626644372940067 4.569999999999999 1.1916019320487976
v 2.9000000000000004 4.569999999999999 1.149999976158142
v 2.637335562705994 4.569999999999999 1.1916019320487976
v 2.400382542610169 4.569999999999999 1.3123355507850647
v 2.212335550785065 4.569999999999999 1.5003825426101685
v 2.091601932048798 4.569999999999999 1.7373355627059937
v 2.0499999761581424 4.569999999999999 1.9999999999999998
v 2.091601932048798 4.569999999999999 2.2626644372940063
v 2.212335550785065 4.569999999999999 2.4996174573898315
v 2.400382542610169 4.569999999999999 2.6876644492149353
v 2.637335562705994 4.569999999999999 2.8083980679512024
v 2.9000000000000004 4.569999999999999 2.850000023841858
vt 0 1
vt 0.05000000074505806 1
vt 0.10000000149011612 1
vt 0.15000000596046448 1
vt 0.20000000298023224 1
vt 0.25 1
vt 0.30000001192092896 1
vt 0.3499999940395355 1
vt 0.4000000059604645 1
vt 0.44999998807907104 1
vt 0.5 1
vt 0.550000011920929 1
vt 0.6000000238418579 1
vt 0.6499999761581421 1
vt 0.699999988079071 1
vt 0.75 1
vt 0.800000011920929 1
vt 0.8500000238418579 1
vt 0.8999999761581421 1
vt 0.949999988079071 1
vt 1 1
vt 0 0
vt 0.05000000074505806 0
vt 0.10000000149011612 0
vt 0.15000000596046448 0
vt 0.20000000298023224 0
vt 0.25 0
vt 0.30000001192092896 0
vt 0.3499999940395355 0
vt 0.4000000059604645 0
vt 0.44999998807907104 0
vt 0.5 0
vt 0.550000011920929 0
vt 0.6000000238418579 0
vt 0.6499999761581421 0
vt 0.699999988079071 0
vt 0.75 0
vt 0.800000011920929 0
vt 0.8500000238418579 0
vt 0.8999999761581421 0
vt 0.949999988079071 0
vt 1 0
vt 0.5 0.5
vt 0.5 0.5
vt 0.5 0.5
vt 0.5 0.5
vt 0.5 0.5
vt 0.5 0.5
vt 0.5 0.5
vt 0.5 0.5
vt 0.5 0.5
vt 0.5 0.5
vt 0.5 0.5
vt 0.5 0.5
vt 0.5 0.5
vt 0.5 0.5
vt 0.5 0.5
vt 0.5 0.5
vt 0.5 0.5
vt 0.5 0.5
vt 0.5 0.5
vt 0.5 0.5
vt 1 0.5
vt 0.9755282402038574 0.6545084714889526
vt 0.9045084714889526 0.7938926219940186
vt 0.7938926219940186 0.9045084714889526
vt 0.6545084714889526 0.9755282402038574
vt 0.5 1
vt 0.345491498708725 0.9755282402038574
vt 0.20610737800598145 0.9045084714889526
vt 0.09549150615930557 0.7938926219940186
vt 0.024471741169691086 0.6545084714889526
vt 0 0.5
vt 0.024471741169691086 0.345491498708725
vt 0.09549150615930557 0.20610737800598145
vt 0.20610737800598145 0.09549150615930557
vt 0.345491498708725 0.024471741169691086
vt 0.5 0
vt 0.6545084714889526 0.024471741169691086
vt 0.7938926219940186 0.09549150615930557
vt 0.9045084714889526 0.20610737800598145
vt 0.9755282402038574 0.345491498708725
vt 1 0.5
vt 0.5 0.5
vt 0.5 0.5
vt 0.5 0.5
vt 0.5 0.5
vt 0.5 0.5
vt 0.5 0.5
vt 0.5 0.5
vt 0.5 0.5
vt 0.5 0.5
vt 0.5 0.5
vt 0.5 0.5
vt 0.5 0.5
vt 0.5 0.5
vt 0.5 0.5
vt 0.5 0.5
vt 0.5 0.5
vt 0.5 0.5
vt 0.5 0.5
vt 0.5 0.5
vt 0.5 0.5
vt 1 0.5
vt 0.9755282402038574 0.345491498708725
vt 0.9045084714889526 0.20610737800598145
vt 0.7938926219940186 0.09549150615930557
vt 0.6545084714889526 0.024471741169691086
vt 0.5 0
vt 0.345491498708725 0.024471741169691086
vt 0.20610737800598145 0.09549150615930557
vt 0.09549150615930557 0.20610737800598145
vt 0.024471741169691086 0.345491498708725
vt 0 0.5
vt 0.024471741169691086 0.6545084714889526
vt 0.09549150615930557 0.7938926219940186
vt 0.20610737800598145 0.9045084714889526
vt 0.345491498708725 0.9755282402038574
vt 0.5 1
vt 0.6545084714889526 0.9755282402038574
vt 0.7938926219940186 0.9045084714889526
vt 0.9045084714889526 0.7938926219940186
vt 0.9755282402038574 0.6545084714889526
vt 1 0.5
vn 0 0.35030216031575784 0.9366367473455828
vn 0.2894366598991615 0.3503021497911502 0.8907944901929489
vn 0.5505412794006925 0.3503021583231199 0.7577550379575265
vn 0.7577550379575265 0.3503021583231199 0.5505412794006925
vn 0.8907944901929489 0.3503021497911502 0.2894366598991615
vn 0.9366367473455828 0.35030216031575784 5.735246197894248e-17
vn 0.8907944901929489 0.3503021497911502 -0.2894366598991615
vn 0.7577550379575265 0.3503021583231199 -0.5505412794006925
vn 0.5505412794006925 0.3503021583231199 -0.7577550379575265
vn 0.2894366598991615 0.3503021497911502 -0.8907944901929489
vn 1.1470492395788496e-16 0.35030216031575784 -0.9366367473455828
vn -0.2894366598991615 0.3503021497911502 -0.8907944901929489
vn -0.5505412794006925 0.3503021583231199 -0.7577550379575265
vn -0.7577550379575265 0.3503021583231199 -0.5505412794006925
vn -0.8907944901929489 0.3503021497911502 -0.2894366598991615
vn -0.9366367473455828 0.35030216031575784 -1.7205737931938255e-16
vn -0.8907944901929489 0.3503021497911502 0.2894366598991615
vn -0.7577550379575265 0.3503021583231199 0.5505412794006925
vn -0.5505412794006925 0.3503021583231199 0.7577550379575265
vn -0.2894366598991615 0.3503021497911502 0.8907944901929489
vn -2.294098479157699e-16 0.35030216031575784 0.9366367473455828
vn 0 0.35030216031575784 0.9366367473455828
vn 0.2894366598991615 0.3503021497911502 0.8907944901929489
vn 0.5505412794006925 0.3503021583231199 0.7577550379575265
vn 0.7577550379575265 0.3503021583231199 0.5505412794006925
vn 0.8907944901929489 0.3503021497911502 0.2894366598991615
vn 0.9366367473455828 0.35030216031575784 5.735246197894248e-17
vn 0.8907944901929489 0.3503021497911502 -0.2894366598991615
vn 0.7577550379575265 0.3503021583231199 -0.5505412794006925
vn 0.5505412794006925 0.3503021583231199 -0.7577550379575265
vn 0.2894366598991615 0.3503021497911502 -0.8907944901929489
vn 1.1470492395788496e-16 0.35030216031575784 -0.9366367473455828
vn -0.2894366598991615 0.3503021497911502 -0.8907944901929489
vn -0.5505412794006925 0.3503021583231199 -0.7577550379575265
vn -0.7577550379575265 0.3503021583231199 -0.5505412794006925
vn -0.8907944901929489 0.3503021497911502 -0.2894366598991615
vn -0.9366367473455828 0.35030216031575784 -1.7205737931938255e-16
vn -0.8907944901929489 0.3503021497911502 0.2894366598991615
vn -0.7577550379575265 0.3503021583231199 0.5505412794006925
vn -0.5505412794006925 0.3503021583231199 0.7577550379575265
vn -0.2894366598991615 0.3503021497911502 0.8907944901929489
vn -2.294098479157699e-16 0.35030216031575784 0.9366367473455828
vn 0 1 0
vn 0 1 0
vn 0 1 0
vn 0 1 0
vn 0 1 0
vn 0 1 0
vn 0 1 0
vn 0 1 0
vn 0 1 0
vn 0 1 0
vn 0 1 0
vn 0 1 0
vn 0 1 0
vn 0 1 0
vn 0 1 0
vn 0 1 0
vn 0 1 0
vn 0 1 0
vn 0 1 0
vn 0 1 0
vn 0 1 0
vn 0 1 0
vn 0 1 0
vn 0 1 0
vn 0 1 0
vn 0 1 0
vn 0 1 0
vn 0 1 0
vn 0 1 0
vn 0 1 0
vn 0 1 0
vn 0 1 0
vn 0 1 0
vn 0 1 0
vn 0 1 0
vn 0 1 0
vn 0 1 0
vn 0 1 0
vn 0 1 0
vn 0 1 0
vn 0 1 0
vn 0 -1 0
vn 0 -1 0
vn 0 -1 0
vn 0 -1 0
vn 0 -1 0
vn 0 -1 0
vn 0 -1 0
vn 0 -1 0
vn 0 -1 0
vn 0 -1 0
vn 0 -1 0
vn 0 -1 0
vn 0 -1 0
vn 0 -1 0
vn 0 -1 0
vn 0 -1 0
vn 0 -1 0
vn 0 -1 0
vn 0 -1 0
vn 0 -1 0
vn 0 -1 0
vn 0 -1 0
vn 0 -1 0
vn 0 -1 0
vn 0 -1 0
vn 0 -1 0
vn 0 -1 0
vn 0 -1 0
vn 0 -1 0
vn 0 -1 0
vn 0 -1 0
vn 0 -1 0
vn 0 -1 0
vn 0 -1 0
vn 0 -1 0
vn 0 -1 0
vn 0 -1 0
vn 0 -1 0
vn 0 -1 0
vn 0 -1 0
vn 0 -1 0
f 2456/2456/2456 2477/2477/2477 2457/2457/2457
f 2477/2477/2477 2478/2478/2478 2457/2457/2457
f 2457/2457/2457 2478/2478/2478 2458/2458/2458
f 2478/2478/2478 2479/2479/2479 2458/2458/2458
f 2458/2458/2458 2479/2479/2479 2459/2459/2459
f 2479/2479/2479 2480/2480/2480 2459/2459/2459
f 2459/2459/2459 2480/2480/2480 2460/2460/2460
f 2480/2480/2480 2481/2481/2481 2460/2460/2460
f 2460/2460/2460 2481/2481/2481 2461/2461/2461
f 2481/2481/2481 2482/2482/2482 2461/2461/2461
f 2461/2461/2461 2482/2482/2482 2462/2462/2462
f 2482/2482/2482 2483/2483/2483 2462/2462/2462
f 2462/2462/2462 2483/2483/2483 2463/2463/2463
f 2483/2483/2483 2484/2484/2484 2463/2463/2463
f 2463/2463/2463 2484/2484/2484 2464/2464/2464
f 2484/2484/2484 2485/2485/2485 2464/2464/2464
f 2464/2464/2464 2485/2485/2485 2465/2465/2465
f 2485/2485/2485 2486/2486/2486 2465/2465/2465
f 2465/2465/2465 2486/2486/2486 2466/2466/2466
f 2486/2486/2486 2487/2487/2487 2466/2466/2466
f 2466/2466/2466 2487/2487/2487 2467/2467/2467
f 2487/2487/2487 2488/2488/2488 2467/2467/2467
f 2467/2467/2467 2488/2488/2488 2468/2468/2468
f 2488/2488/2488 2489/2489/2489 2468/2468/2468
f 2468/2468/2468 2489/2489/2489 2469/2469/2469
f 2489/2489/2489 2490/2490/2490 2469/2469/2469
f 2469/2469/2469 2490/2490/2490 2470/2470/2470
f 2490/2490/2490 2491/2491/2491 2470/2470/2470
f 2470/2470/2470 2491/2491/2491 2471/2471/2471
f 2491/2491/2491 2492/2492/2492 2471/2471/2471
f 2471/2471/2471 2492/2492/2492 2472/2472/2472
f 2492/2492/2492 2493/2493/2493 2472/2472/2472
f 2472/2472/2472 2493/2493/2493 2473/2473/2473
f 2493/2493/2493 2494/2494/2494 2473/2473/2473
f 2473/2473/2473 2494/2494/2494 2474/2474/2474
f 2494/2494/2494 2495/2495/2495 2474/2474/2474
f 2474/2474/2474 2495/2495/2495 2475/2475/2475
f 2495/2495/2495 2496/2496/2496 2475/2475/2475
f 2475/2475/2475 2496/2496/2496 2476/2476/2476
f 2496/2496/2496 2497/2497/2497 2476/2476/2476
f 2518/2518/2518 2519/2519/2519 2498/2498/2498
f 2519/2519/2519 2520/2520/2520 2499/2499/2499
f 2520/2520/2520 2521/2521/2521 2500/2500/2500
f 2521/2521/2521 2522/2522/2522 2501/2501/2501
f 2522/2522/2522 2523/2523/2523 2502/2502/2502
f 2523/2523/2523 2524/2524/2524 2503/2503/2503
f 2524/2524/2524 2525/2525/2525 2504/2504/2504
f 2525/2525/2525 2526/2526/2526 2505/2505/2505
f 2526/2526/2526 2527/2527/2527 2506/2506/2506
f 2527/2527/2527 2528/2528/2528 2507/2507/2507
f 2528/2528/2528 2529/2529/2529 2508/2508/2508
f 2529/2529/2529 2530/2530/2530 2509/2509/2509
f 2530/2530/2530 2531/2531/2531 2510/2510/2510
f 2531/2531/2531 2532/2532/2532 2511/2511/2511
f 2532/2532/2532 2533/2533/2533 2512/2512/2512
f 2533/2533/2533 2534/2534/2534 2513/2513/2513
f 2534/2534/2534 2535/2535/2535 2514/2514/2514
f 2535/2535/2535 2536/2536/2536 2515/2515/2515
f 2536/2536/2536 2537/2537/2537 2516/2516/2516
f 2537/2537/2537 2538/2538/2538 2517/2517/2517
f 2560/2560/2560 2559/2559/2559 2539/2539/2539
f 2561/2561/2561 2560/2560/2560 2540/2540/2540
f 2562/2562/2562 2561/2561/2561 2541/2541/2541
f 2563/2563/2563 2562/2562/2562 2542/2542/2542
f 2564/2564/2564 2563/2563/2563 2543/2543/2543
f 2565/2565/2565 2564/2564/2564 2544/2544/2544
f 2566/2566/2566 2565/2565/2565 2545/2545/2545
f 2567/2567/2567 2566/2566/2566 2546/2546/2546
f 2568/2568/2568 2567/2567/2567 2547/2547/2547
f 2569/2569/2569 2568/2568/2568 2548/2548/2548
f 2570/2570/2570 2569/2569/2569 2549/2549/2549
f 2571/2571/2571 2570/2570/2570 2550/2550/2550
f 2572/2572/2572 2571/2571/2571 2551/2551/2551
f 2573/2573/2573 2572/2572/2572 2552/2552/2552
f 2574/2574/2574 2573/2573/2573 2553/2553/2553
f 2575/2575/2575 2574/2574/2574 2554/2554/2554
f 2576/2576/2576 2575/2575/2575 2555/2555/2555
f 2577/2577/2577 2576/2576/2576 2556/2556/2556
f 2578/2578/2578 2577/2577/2577 2557/2557/2557
f 2579/2579/2579 2578/2578/2578 2558/2558/2558
o watchtower_front_right_cap_top
usemtl dark_granite_trim
v 2.9000000000000004 5.1000000005960455 2.425000011920929
v 3.0313322186470035 5.1000000005960455 2.404199033975601
v 3.149808728694916 5.1000000005960455 2.3438322246074677
v 3.243832224607468 5.1000000005960455 2.2498087286949158
v 3.3041990339756016 5.1000000005960455 2.131332218647003
v 3.3250000119209293 5.1000000005960455 2
v 3.3041990339756016 5.1000000005960455 1.8686677813529968
v 3.243832224607468 5.1000000005960455 1.7501912713050842
v 3.149808728694916 5.1000000005960455 1.6561677753925323
v 3.0313322186470035 5.1000000005960455 1.5958009660243988
v 2.9000000000000004 5.1000000005960455 1.574999988079071
v 2.768667781352997 5.1000000005960455 1.5958009660243988
v 2.6501912713050846 5.1000000005960455 1.6561677753925323
v 2.5561677753925327 5.1000000005960455 1.7501912713050842
v 2.495800966024399 5.1000000005960455 1.8686677813529968
v 2.4749999880790714 5.1000000005960455 2
v 2.495800966024399 5.1000000005960455 2.131332218647003
v 2.5561677753925327 5.1000000005960455 2.2498087286949158
v 2.6501912713050846 5.1000000005960455 2.3438322246074677
v 2.768667781352997 5.1000000005960455 2.404199033975601
v 2.9000000000000004 5.1000000005960455 2.425000011920929
v 2.9000000000000004 4.819999999403953 2.662999987602234
v 3.1048782706260685 4.819999999403953 2.630550444126129
v 3.2897016346454624 4.819999999403953 2.536378264427185
v 3.4363782644271854 4.819999999403953 2.389701634645462
v 3.5305504441261295 4.819999999403953 2.204878270626068
v 3.5629999876022342 4.819999999403953 2
v 3.5305504441261295 4.819999999403953 1.7951217293739319
v 3.4363782644271854 4.819999999403953 1.610298365354538
v 3.2897016346454624 4.819999999403953 1.463621735572815
v 3.1048782706260685 4.819999999403953 1.3694495558738708
v 2.9000000000000004 4.819999999403953 1.3370000123977661
v 2.6951217293739322 4.819999999403953 1.3694495558738708
v 2.5102983653545383 4.819999999403953 1.463621735572815
v 2.3636217355728153 4.819999999403953 1.610298365354538
v 2.269449555873871 4.819999999403953 1.7951217293739319
v 2.2370000123977665 4.819999999403953 1.9999999999999998
v 2.269449555873871 4.819999999403953 2.204878270626068
v 2.3636217355728153 4.819999999403953 2.389701634645462
v 2.5102983653545383 4.819999999403953 2.536378264427185
v 2.6951217293739322 4.819999999403953 2.630550444126129
v 2.9000000000000004 4.819999999403953 2.662999987602234
v 2.9000000000000004 5.1000000005960455 2
v 2.9000000000000004 5.1000000005960455 2
v 2.9000000000000004 5.1000000005960455 2
v 2.9000000000000004 5.1000000005960455 2
v 2.9000000000000004 5.1000000005960455 2
v 2.9000000000000004 5.1000000005960455 2
v 2.9000000000000004 5.1000000005960455 2
v 2.9000000000000004 5.1000000005960455 2
v 2.9000000000000004 5.1000000005960455 2
v 2.9000000000000004 5.1000000005960455 2
v 2.9000000000000004 5.1000000005960455 2
v 2.9000000000000004 5.1000000005960455 2
v 2.9000000000000004 5.1000000005960455 2
v 2.9000000000000004 5.1000000005960455 2
v 2.9000000000000004 5.1000000005960455 2
v 2.9000000000000004 5.1000000005960455 2
v 2.9000000000000004 5.1000000005960455 2
v 2.9000000000000004 5.1000000005960455 2
v 2.9000000000000004 5.1000000005960455 2
v 2.9000000000000004 5.1000000005960455 2
v 2.9000000000000004 5.1000000005960455 2.425000011920929
v 3.0313322186470035 5.1000000005960455 2.404199033975601
v 3.149808728694916 5.1000000005960455 2.3438322246074677
v 3.243832224607468 5.1000000005960455 2.2498087286949158
v 3.3041990339756016 5.1000000005960455 2.131332218647003
v 3.3250000119209293 5.1000000005960455 2
v 3.3041990339756016 5.1000000005960455 1.8686677813529968
v 3.243832224607468 5.1000000005960455 1.7501912713050842
v 3.149808728694916 5.1000000005960455 1.6561677753925323
v 3.0313322186470035 5.1000000005960455 1.5958009660243988
v 2.9000000000000004 5.1000000005960455 1.574999988079071
v 2.768667781352997 5.1000000005960455 1.5958009660243988
v 2.6501912713050846 5.1000000005960455 1.6561677753925323
v 2.5561677753925327 5.1000000005960455 1.7501912713050842
v 2.495800966024399 5.1000000005960455 1.8686677813529968
v 2.4749999880790714 5.1000000005960455 2
v 2.495800966024399 5.1000000005960455 2.131332218647003
v 2.5561677753925327 5.1000000005960455 2.2498087286949158
v 2.6501912713050846 5.1000000005960455 2.3438322246074677
v 2.768667781352997 5.1000000005960455 2.404199033975601
v 2.9000000000000004 5.1000000005960455 2.425000011920929
v 2.9000000000000004 4.819999999403953 2
v 2.9000000000000004 4.819999999403953 2
v 2.9000000000000004 4.819999999403953 2
v 2.9000000000000004 4.819999999403953 2
v 2.9000000000000004 4.819999999403953 2
v 2.9000000000000004 4.819999999403953 2
v 2.9000000000000004 4.819999999403953 2
v 2.9000000000000004 4.819999999403953 2
v 2.9000000000000004 4.819999999403953 2
v 2.9000000000000004 4.819999999403953 2
v 2.9000000000000004 4.819999999403953 2
v 2.9000000000000004 4.819999999403953 2
v 2.9000000000000004 4.819999999403953 2
v 2.9000000000000004 4.819999999403953 2
v 2.9000000000000004 4.819999999403953 2
v 2.9000000000000004 4.819999999403953 2
v 2.9000000000000004 4.819999999403953 2
v 2.9000000000000004 4.819999999403953 2
v 2.9000000000000004 4.819999999403953 2
v 2.9000000000000004 4.819999999403953 2
v 2.9000000000000004 4.819999999403953 2.662999987602234
v 3.1048782706260685 4.819999999403953 2.630550444126129
v 3.2897016346454624 4.819999999403953 2.536378264427185
v 3.4363782644271854 4.819999999403953 2.389701634645462
v 3.5305504441261295 4.819999999403953 2.204878270626068
v 3.5629999876022342 4.819999999403953 2
v 3.5305504441261295 4.819999999403953 1.7951217293739319
v 3.4363782644271854 4.819999999403953 1.610298365354538
v 3.2897016346454624 4.819999999403953 1.463621735572815
v 3.1048782706260685 4.819999999403953 1.3694495558738708
v 2.9000000000000004 4.819999999403953 1.3370000123977661
v 2.6951217293739322 4.819999999403953 1.3694495558738708
v 2.5102983653545383 4.819999999403953 1.463621735572815
v 2.3636217355728153 4.819999999403953 1.610298365354538
v 2.269449555873871 4.819999999403953 1.7951217293739319
v 2.2370000123977665 4.819999999403953 1.9999999999999998
v 2.269449555873871 4.819999999403953 2.204878270626068
v 2.3636217355728153 4.819999999403953 2.389701634645462
v 2.5102983653545383 4.819999999403953 2.536378264427185
v 2.6951217293739322 4.819999999403953 2.630550444126129
v 2.9000000000000004 4.819999999403953 2.662999987602234
vt 0 1
vt 0.05000000074505806 1
vt 0.10000000149011612 1
vt 0.15000000596046448 1
vt 0.20000000298023224 1
vt 0.25 1
vt 0.30000001192092896 1
vt 0.3499999940395355 1
vt 0.4000000059604645 1
vt 0.44999998807907104 1
vt 0.5 1
vt 0.550000011920929 1
vt 0.6000000238418579 1
vt 0.6499999761581421 1
vt 0.699999988079071 1
vt 0.75 1
vt 0.800000011920929 1
vt 0.8500000238418579 1
vt 0.8999999761581421 1
vt 0.949999988079071 1
vt 1 1
vt 0 0
vt 0.05000000074505806 0
vt 0.10000000149011612 0
vt 0.15000000596046448 0
vt 0.20000000298023224 0
vt 0.25 0
vt 0.30000001192092896 0
vt 0.3499999940395355 0
vt 0.4000000059604645 0
vt 0.44999998807907104 0
vt 0.5 0
vt 0.550000011920929 0
vt 0.6000000238418579 0
vt 0.6499999761581421 0
vt 0.699999988079071 0
vt 0.75 0
vt 0.800000011920929 0
vt 0.8500000238418579 0
vt 0.8999999761581421 0
vt 0.949999988079071 0
vt 1 0
vt 0.5 0.5
vt 0.5 0.5
vt 0.5 0.5
vt 0.5 0.5
vt 0.5 0.5
vt 0.5 0.5
vt 0.5 0.5
vt 0.5 0.5
vt 0.5 0.5
vt 0.5 0.5
vt 0.5 0.5
vt 0.5 0.5
vt 0.5 0.5
vt 0.5 0.5
vt 0.5 0.5
vt 0.5 0.5
vt 0.5 0.5
vt 0.5 0.5
vt 0.5 0.5
vt 0.5 0.5
vt 1 0.5
vt 0.9755282402038574 0.6545084714889526
vt 0.9045084714889526 0.7938926219940186
vt 0.7938926219940186 0.9045084714889526
vt 0.6545084714889526 0.9755282402038574
vt 0.5 1
vt 0.345491498708725 0.9755282402038574
vt 0.20610737800598145 0.9045084714889526
vt 0.09549150615930557 0.7938926219940186
vt 0.024471741169691086 0.6545084714889526
vt 0 0.5
vt 0.024471741169691086 0.345491498708725
vt 0.09549150615930557 0.20610737800598145
vt 0.20610737800598145 0.09549150615930557
vt 0.345491498708725 0.024471741169691086
vt 0.5 0
vt 0.6545084714889526 0.024471741169691086
vt 0.7938926219940186 0.09549150615930557
vt 0.9045084714889526 0.20610737800598145
vt 0.9755282402038574 0.345491498708725
vt 1 0.5
vt 0.5 0.5
vt 0.5 0.5
vt 0.5 0.5
vt 0.5 0.5
vt 0.5 0.5
vt 0.5 0.5
vt 0.5 0.5
vt 0.5 0.5
vt 0.5 0.5
vt 0.5 0.5
vt 0.5 0.5
vt 0.5 0.5
vt 0.5 0.5
vt 0.5 0.5
vt 0.5 0.5
vt 0.5 0.5
vt 0.5 0.5
vt 0.5 0.5
vt 0.5 0.5
vt 0.5 0.5
vt 1 0.5
vt 0.9755282402038574 0.345491498708725
vt 0.9045084714889526 0.20610737800598145
vt 0.7938926219940186 0.09549150615930557
vt 0.6545084714889526 0.024471741169691086
vt 0.5 0
vt 0.345491498708725 0.024471741169691086
vt 0.20610737800598145 0.09549150615930557
vt 0.09549150615930557 0.20610737800598145
vt 0.024471741169691086 0.345491498708725
vt 0 0.5
vt 0.024471741169691086 0.6545084714889526
vt 0.09549150615930557 0.7938926219940186
vt 0.20610737800598145 0.9045084714889526
vt 0.345491498708725 0.9755282402038574
vt 0.5 1
vt 0.6545084714889526 0.9755282402038574
vt 0.7938926219940186 0.9045084714889526
vt 0.9045084714889526 0.7938926219940186
vt 0.9755282402038574 0.6545084714889526
vt 1 0.5
vn 0 0.6476483906825078 0.761939342760536
vn 0.2354522102227413 0.6476484086313953 0.7246473594090074
vn 0.4478566959699595 0.6476483962915032 0.6164218804162579
vn 0.6164218804162579 0.6476483962915032 0.4478566959699595
vn 0.7246473594090074 0.6476484086313953 0.2354522102227413
vn 0.761939342760536 0.6476483906825078 4.665532556801036e-17
vn 0.7246473594090074 0.6476484086313953 -0.2354522102227413
vn 0.6164218804162579 0.6476483962915032 -0.4478566959699595
vn 0.4478566959699595 0.6476483962915032 -0.6164218804162579
vn 0.2354522102227413 0.6476484086313953 -0.7246473594090074
vn 9.331065113602072e-17 0.6476483906825078 -0.761939342760536
vn -0.2354522102227413 0.6476484086313953 -0.7246473594090074
vn -0.4478566959699595 0.6476483962915032 -0.6164218804162579
vn -0.6164218804162579 0.6476483962915032 -0.4478566959699595
vn -0.7246473594090074 0.6476484086313953 -0.2354522102227413
vn -0.761939342760536 0.6476483906825078 -1.3996598663019838e-16
vn -0.7246473594090074 0.6476484086313953 0.2354522102227413
vn -0.6164218804162579 0.6476483962915032 0.4478566959699595
vn -0.4478566959699595 0.6476483962915032 0.6164218804162579
vn -0.2354522102227413 0.6476484086313953 0.7246473594090074
vn -1.8662130227204143e-16 0.6476483906825078 0.761939342760536
vn 0 0.6476483906825078 0.761939342760536
vn 0.2354522102227413 0.6476484086313953 0.7246473594090074
vn 0.4478566959699595 0.6476483962915032 0.6164218804162579
vn 0.6164218804162579 0.6476483962915032 0.4478566959699595
vn 0.7246473594090074 0.6476484086313953 0.2354522102227413
vn 0.761939342760536 0.6476483906825078 4.665532556801036e-17
vn 0.7246473594090074 0.6476484086313953 -0.2354522102227413
vn 0.6164218804162579 0.6476483962915032 -0.4478566959699595
vn 0.4478566959699595 0.6476483962915032 -0.6164218804162579
vn 0.2354522102227413 0.6476484086313953 -0.7246473594090074
vn 9.331065113602072e-17 0.6476483906825078 -0.761939342760536
vn -0.2354522102227413 0.6476484086313953 -0.7246473594090074
vn -0.4478566959699595 0.6476483962915032 -0.6164218804162579
vn -0.6164218804162579 0.6476483962915032 -0.4478566959699595
vn -0.7246473594090074 0.6476484086313953 -0.2354522102227413
vn -0.761939342760536 0.6476483906825078 -1.3996598663019838e-16
vn -0.7246473594090074 0.6476484086313953 0.2354522102227413
vn -0.6164218804162579 0.6476483962915032 0.4478566959699595
vn -0.4478566959699595 0.6476483962915032 0.6164218804162579
vn -0.2354522102227413 0.6476484086313953 0.7246473594090074
vn -1.8662130227204143e-16 0.6476483906825078 0.761939342760536
vn 0 1 0
vn 0 1 0
vn 0 1 0
vn 0 1 0
vn 0 1 0
vn 0 1 0
vn 0 1 0
vn 0 1 0
vn 0 1 0
vn 0 1 0
vn 0 1 0
vn 0 1 0
vn 0 1 0
vn 0 1 0
vn 0 1 0
vn 0 1 0
vn 0 1 0
vn 0 1 0
vn 0 1 0
vn 0 1 0
vn 0 1 0
vn 0 1 0
vn 0 1 0
vn 0 1 0
vn 0 1 0
vn 0 1 0
vn 0 1 0
vn 0 1 0
vn 0 1 0
vn 0 1 0
vn 0 1 0
vn 0 1 0
vn 0 1 0
vn 0 1 0
vn 0 1 0
vn 0 1 0
vn 0 1 0
vn 0 1 0
vn 0 1 0
vn 0 1 0
vn 0 1 0
vn 0 -1 0
vn 0 -1 0
vn 0 -1 0
vn 0 -1 0
vn 0 -1 0
vn 0 -1 0
vn 0 -1 0
vn 0 -1 0
vn 0 -1 0
vn 0 -1 0
vn 0 -1 0
vn 0 -1 0
vn 0 -1 0
vn 0 -1 0
vn 0 -1 0
vn 0 -1 0
vn 0 -1 0
vn 0 -1 0
vn 0 -1 0
vn 0 -1 0
vn 0 -1 0
vn 0 -1 0
vn 0 -1 0
vn 0 -1 0
vn 0 -1 0
vn 0 -1 0
vn 0 -1 0
vn 0 -1 0
vn 0 -1 0
vn 0 -1 0
vn 0 -1 0
vn 0 -1 0
vn 0 -1 0
vn 0 -1 0
vn 0 -1 0
vn 0 -1 0
vn 0 -1 0
vn 0 -1 0
vn 0 -1 0
vn 0 -1 0
vn 0 -1 0
f 2580/2580/2580 2601/2601/2601 2581/2581/2581
f 2601/2601/2601 2602/2602/2602 2581/2581/2581
f 2581/2581/2581 2602/2602/2602 2582/2582/2582
f 2602/2602/2602 2603/2603/2603 2582/2582/2582
f 2582/2582/2582 2603/2603/2603 2583/2583/2583
f 2603/2603/2603 2604/2604/2604 2583/2583/2583
f 2583/2583/2583 2604/2604/2604 2584/2584/2584
f 2604/2604/2604 2605/2605/2605 2584/2584/2584
f 2584/2584/2584 2605/2605/2605 2585/2585/2585
f 2605/2605/2605 2606/2606/2606 2585/2585/2585
f 2585/2585/2585 2606/2606/2606 2586/2586/2586
f 2606/2606/2606 2607/2607/2607 2586/2586/2586
f 2586/2586/2586 2607/2607/2607 2587/2587/2587
f 2607/2607/2607 2608/2608/2608 2587/2587/2587
f 2587/2587/2587 2608/2608/2608 2588/2588/2588
f 2608/2608/2608 2609/2609/2609 2588/2588/2588
f 2588/2588/2588 2609/2609/2609 2589/2589/2589
f 2609/2609/2609 2610/2610/2610 2589/2589/2589
f 2589/2589/2589 2610/2610/2610 2590/2590/2590
f 2610/2610/2610 2611/2611/2611 2590/2590/2590
f 2590/2590/2590 2611/2611/2611 2591/2591/2591
f 2611/2611/2611 2612/2612/2612 2591/2591/2591
f 2591/2591/2591 2612/2612/2612 2592/2592/2592
f 2612/2612/2612 2613/2613/2613 2592/2592/2592
f 2592/2592/2592 2613/2613/2613 2593/2593/2593
f 2613/2613/2613 2614/2614/2614 2593/2593/2593
f 2593/2593/2593 2614/2614/2614 2594/2594/2594
f 2614/2614/2614 2615/2615/2615 2594/2594/2594
f 2594/2594/2594 2615/2615/2615 2595/2595/2595
f 2615/2615/2615 2616/2616/2616 2595/2595/2595
f 2595/2595/2595 2616/2616/2616 2596/2596/2596
f 2616/2616/2616 2617/2617/2617 2596/2596/2596
f 2596/2596/2596 2617/2617/2617 2597/2597/2597
f 2617/2617/2617 2618/2618/2618 2597/2597/2597
f 2597/2597/2597 2618/2618/2618 2598/2598/2598
f 2618/2618/2618 2619/2619/2619 2598/2598/2598
f 2598/2598/2598 2619/2619/2619 2599/2599/2599
f 2619/2619/2619 2620/2620/2620 2599/2599/2599
f 2599/2599/2599 2620/2620/2620 2600/2600/2600
f 2620/2620/2620 2621/2621/2621 2600/2600/2600
f 2642/2642/2642 2643/2643/2643 2622/2622/2622
f 2643/2643/2643 2644/2644/2644 2623/2623/2623
f 2644/2644/2644 2645/2645/2645 2624/2624/2624
f 2645/2645/2645 2646/2646/2646 2625/2625/2625
f 2646/2646/2646 2647/2647/2647 2626/2626/2626
f 2647/2647/2647 2648/2648/2648 2627/2627/2627
f 2648/2648/2648 2649/2649/2649 2628/2628/2628
f 2649/2649/2649 2650/2650/2650 2629/2629/2629
f 2650/2650/2650 2651/2651/2651 2630/2630/2630
f 2651/2651/2651 2652/2652/2652 2631/2631/2631
f 2652/2652/2652 2653/2653/2653 2632/2632/2632
f 2653/2653/2653 2654/2654/2654 2633/2633/2633
f 2654/2654/2654 2655/2655/2655 2634/2634/2634
f 2655/2655/2655 2656/2656/2656 2635/2635/2635
f 2656/2656/2656 2657/2657/2657 2636/2636/2636
f 2657/2657/2657 2658/2658/2658 2637/2637/2637
f 2658/2658/2658 2659/2659/2659 2638/2638/2638
f 2659/2659/2659 2660/2660/2660 2639/2639/2639
f 2660/2660/2660 2661/2661/2661 2640/2640/2640
f 2661/2661/2661 2662/2662/2662 2641/2641/2641
f 2684/2684/2684 2683/2683/2683 2663/2663/2663
f 2685/2685/2685 2684/2684/2684 2664/2664/2664
f 2686/2686/2686 2685/2685/2685 2665/2665/2665
f 2687/2687/2687 2686/2686/2686 2666/2666/2666
f 2688/2688/2688 2687/2687/2687 2667/2667/2667
f 2689/2689/2689 2688/2688/2688 2668/2668/2668
f 2690/2690/2690 2689/2689/2689 2669/2669/2669
f 2691/2691/2691 2690/2690/2690 2670/2670/2670
f 2692/2692/2692 2691/2691/2691 2671/2671/2671
f 2693/2693/2693 2692/2692/2692 2672/2672/2672
f 2694/2694/2694 2693/2693/2693 2673/2673/2673
f 2695/2695/2695 2694/2694/2694 2674/2674/2674
f 2696/2696/2696 2695/2695/2695 2675/2675/2675
f 2697/2697/2697 2696/2696/2696 2676/2676/2676
f 2698/2698/2698 2697/2697/2697 2677/2677/2677
f 2699/2699/2699 2698/2698/2698 2678/2678/2678
f 2700/2700/2700 2699/2699/2699 2679/2679/2679
f 2701/2701/2701 2700/2700/2700 2680/2680/2680
f 2702/2702/2702 2701/2701/2701 2681/2681/2681
f 2703/2703/2703 2702/2702/2702 2682/2682/2682
o watchtower_front_right_finial
usemtl dark_granite_trim
v 2.9000000000000004 5.467000006437301 2
v 2.9000000000000004 5.467000006437301 2
v 2.9000000000000004 5.467000006437301 2
v 2.9000000000000004 5.467000006437301 2
v 2.9000000000000004 5.467000006437301 2
v 2.9000000000000004 5.467000006437301 2
v 2.9000000000000004 5.467000006437301 2
v 2.9000000000000004 5.467000006437301 2
v 2.9000000000000004 5.467000006437301 2
v 2.9000000000000004 5.467000006437301 2
v 2.9000000000000004 5.467000006437301 2
v 2.9000000000000004 5.467000006437301 2
v 2.9000000000000004 5.467000006437301 2
v 2.9000000000000004 5.467000006437301 2
v 2.9000000000000004 5.467000006437301 2
v 2.851600838452578 5.460628135800361 2
v 2.8563938640058044 5.460628135800361 2.0209996085613966
v 2.869823615625501 5.460628135800361 2.037839986383915
v 2.8892301736399535 5.460628135800361 2.047185692936182
v 2.910769826360047 5.460628135800361 2.047185692936182
v 2.9301763843744997 5.460628135800361 2.037839986383915
v 2.9436061359941963 5.460628135800361 2.0209996085613966
v 2.9483991615474228 5.460628135800361 2
v 2.9436061359941963 5.460628135800361 1.9790003914386034
v 2.9301763843744997 5.460628135800361 1.962160013616085
v 2.910769826360047 5.460628135800361 1.952814307063818
v 2.8892301736399535 5.460628135800361 1.952814307063818
v 2.869823615625501 5.460628135800361 1.962160013616085
v 2.8563938640058044 5.460628135800361 1.9790003914386034
v 2.851600838452578 5.460628135800361 2
v 2.8064999967813495 5.44194674372673 2
v 2.8157594144344333 5.44194674372673 2.0405681282281876
v 2.8417037032544616 5.44194674372673 2.073101244866848
v 2.8791942927986387 5.44194674372673 2.0911557599902153
v 2.920805707201362 5.44194674372673 2.0911557599902153
v 2.958296296745539 5.44194674372673 2.073101244866848
v 2.9842405855655674 5.44194674372673 2.0405681282281876
v 2.993500003218651 5.44194674372673 2
v 2.9842405855655674 5.44194674372673 1.9594318717718124
v 2.958296296745539 5.44194674372673 1.926898755133152
v 2.920805707201362 5.44194674372673 1.9088442400097847
v 2.8791942927986387 5.44194674372673 1.9088442400097847
v 2.8417037032544616 5.44194674372673 1.926898755133152
v 2.8157594144344333 5.44194674372673 1.9594318717718124
v 2.8064999967813495 5.44194674372673 2
v 2.7677710294723514 5.412228970527648 2
v 2.7808658197522167 5.412228970527648 2.057372000068426
v 2.8175565838813785 5.412228970527648 2.1033807694911957
v 2.8705762863159183 5.412228970527648 2.128913715481758
v 2.9294237136840824 5.412228970527648 2.128913715481758
v 2.982443416118622 5.412228970527648 2.1033807694911957
v 3.019134180247784 5.412228970527648 2.057372000068426
v 3.0322289705276493 5.412228970527648 2
v 3.019134180247784 5.412228970527648 1.9426279999315739
v 2.982443416118622 5.412228970527648 1.8966192305088043
v 2.9294237136840824 5.412228970527648 1.8710862845182419
v 2.8705762863159183 5.412228970527648 1.8710862845182419
v 2.8175565838813785 5.412228970527648 1.8966192305088043
v 2.7808658197522167 5.412228970527648 1.9426279999315739
v 2.7677710294723514 5.412228970527648 2
v 2.73805325627327 5.37350000321865 2
v 2.7540910184383396 5.37350000321865 2.0702660605311394
v 2.799027854204178 5.37350000321865 2.126615062355995
v 2.863963456451893 5.37350000321865 2.1578864008188248
v 2.9360365435481075 5.37350000321865 2.1578864008188248
v 3.0009721457958225 5.37350000321865 2.126615062355995
v 3.045908981561661 5.37350000321865 2.0702660605311394
v 3.0619467437267307 5.37350000321865 2
v 3.045908981561661 5.37350000321865 1.9297339394688606
v 3.0009721457958225 5.37350000321865 1.8733849376440048
v 2.9360365435481075 5.37350000321865 1.8421135991811752
v 2.863963456451893 5.37350000321865 1.8421135991811752
v 2.799027854204178 5.37350000321865 1.8733849376440048
v 2.7540910184383396 5.37350000321865 1.9297339394688606
v 2.73805325627327 5.37350000321865 2
v 2.7193718641996387 5.328399161547422 2
v 2.7372596800327305 5.328399161547422 2.0783716067671776
v 2.7873802050948147 5.328399161547422 2.1412207633256912
v 2.859806460887194 5.328399161547422 2.17609940469265
v 2.9401935391128067 5.328399161547422 2.17609940469265
v 3.012619794905186 5.328399161547422 2.1412207633256912
v 3.0627403199672703 5.328399161547422 2.0783716067671776
v 3.080628135800362 5.328399161547422 2
v 3.0627403199672703 5.328399161547422 1.9216283932328224
v 3.012619794905186 5.328399161547422 1.8587792366743088
v 2.9401935391128067 5.328399161547422 1.8239005953073502
v 2.859806460887194 5.328399161547422 1.8239005953073502
v 2.7873802050948147 5.328399161547422 1.8587792366743088
v 2.7372596800327305 5.328399161547422 1.9216283932328224
v 2.7193718641996387 5.328399161547422 2
v 2.7129999935626987 5.279999999999999 2
v 2.7315188288688663 5.279999999999999 2.081136256456375
v 2.783407406508923 5.279999999999999 2.146202489733696
v 2.858388585597277 5.279999999999999 2.1823115199804306
v 2.9416114144027237 5.279999999999999 2.1823115199804306
v 3.016592593491078 5.279999999999999 2.146202489733696
v 3.0684811711311344 5.279999999999999 2.081136256456375
v 3.087000006437302 5.279999999999999 2
v 3.0684811711311344 5.279999999999999 1.9188637435436249
v 3.016592593491078 5.279999999999999 1.853797510266304
v 2.9416114144027237 5.279999999999999 1.8176884800195694
v 2.858388585597277 5.279999999999999 1.8176884800195694
v 2.783407406508923 5.279999999999999 1.853797510266304
v 2.7315188288688663 5.279999999999999 1.9188637435436249
v 2.7129999935626987 5.279999999999999 2
v 2.7193718641996387 5.231600838452577 2
v 2.7372596800327305 5.231600838452577 2.0783716067671776
v 2.7873802050948147 5.231600838452577 2.1412207633256912
v 2.859806460887194 5.231600838452577 2.17609940469265
v 2.9401935391128067 5.231600838452577 2.17609940469265
v 3.012619794905186 5.231600838452577 2.1412207633256912
v 3.0627403199672703 5.231600838452577 2.0783716067671776
v 3.080628135800362 5.231600838452577 2
v 3.0627403199672703 5.231600838452577 1.9216283932328224
v 3.012619794905186 5.231600838452577 1.8587792366743088
v 2.9401935391128067 5.231600838452577 1.8239005953073502
v 2.859806460887194 5.231600838452577 1.8239005953073502
v 2.7873802050948147 5.231600838452577 1.8587792366743088
v 2.7372596800327305 5.231600838452577 1.9216283932328224
v 2.7193718641996387 5.231600838452577 2
v 2.73805325627327 5.1864999967813485 2
v 2.7540910184383396 5.1864999967813485 2.0702660605311394
v 2.799027854204178 5.1864999967813485 2.126615062355995
v 2.863963456451893 5.1864999967813485 2.1578864008188248
v 2.9360365435481075 5.1864999967813485 2.1578864008188248
v 3.0009721457958225 5.1864999967813485 2.126615062355995
v 3.045908981561661 5.1864999967813485 2.0702660605311394
v 3.0619467437267307 5.1864999967813485 2
v 3.045908981561661 5.1864999967813485 1.9297339394688606
v 3.0009721457958225 5.1864999967813485 1.8733849376440048
v 2.9360365435481075 5.1864999967813485 1.8421135991811752
v 2.863963456451893 5.1864999967813485 1.8421135991811752
v 2.799027854204178 5.1864999967813485 1.8733849376440048
v 2.7540910184383396 5.1864999967813485 1.9297339394688606
v 2.73805325627327 5.1864999967813485 2
v 2.7677710294723514 5.14777102947235 2
v 2.7808658197522167 5.14777102947235 2.057372000068426
v 2.8175565838813785 5.14777102947235 2.1033807694911957
v 2.8705762863159183 5.14777102947235 2.128913715481758
v 2.9294237136840824 5.14777102947235 2.128913715481758
v 2.982443416118622 5.14777102947235 2.1033807694911957
v 3.019134180247784 5.14777102947235 2.057372000068426
v 3.0322289705276493 5.14777102947235 2
v 3.019134180247784 5.14777102947235 1.9426279999315739
v 2.982443416118622 5.14777102947235 1.8966192305088043
v 2.9294237136840824 5.14777102947235 1.8710862845182419
v 2.8705762863159183 5.14777102947235 1.8710862845182419
v 2.8175565838813785 5.14777102947235 1.8966192305088043
v 2.7808658197522167 5.14777102947235 1.9426279999315739
v 2.7677710294723514 5.14777102947235 2
v 2.8064999967813495 5.118053256273269 2
v 2.8157594144344333 5.118053256273269 2.0405681282281876
v 2.8417037032544616 5.118053256273269 2.073101244866848
v 2.8791942927986387 5.118053256273269 2.0911557599902153
v 2.920805707201362 5.118053256273269 2.0911557599902153
v 2.958296296745539 5.118053256273269 2.073101244866848
v 2.9842405855655674 5.118053256273269 2.0405681282281876
v 2.993500003218651 5.118053256273269 2
v 2.9842405855655674 5.118053256273269 1.9594318717718124
v 2.958296296745539 5.118053256273269 1.926898755133152
v 2.920805707201362 5.118053256273269 1.9088442400097847
v 2.8791942927986387 5.118053256273269 1.9088442400097847
v 2.8417037032544616 5.118053256273269 1.926898755133152
v 2.8157594144344333 5.118053256273269 1.9594318717718124
v 2.8064999967813495 5.118053256273269 2
v 2.851600838452578 5.099371864199638 2
v 2.8563938640058044 5.099371864199638 2.0209996085613966
v 2.869823615625501 5.099371864199638 2.037839986383915
v 2.8892301736399535 5.099371864199638 2.047185692936182
v 2.910769826360047 5.099371864199638 2.047185692936182
v 2.9301763843744997 5.099371864199638 2.037839986383915
v 2.9436061359941963 5.099371864199638 2.0209996085613966
v 2.9483991615474228 5.099371864199638 2
v 2.9436061359941963 5.099371864199638 1.9790003914386034
v 2.9301763843744997 5.099371864199638 1.962160013616085
v 2.910769826360047 5.099371864199638 1.952814307063818
v 2.8892301736399535 5.099371864199638 1.952814307063818
v 2.869823615625501 5.099371864199638 1.962160013616085
v 2.8563938640058044 5.099371864199638 1.9790003914386034
v 2.851600838452578 5.099371864199638 2
v 2.9000000000000004 5.092999993562698 2
v 2.9000000000000004 5.092999993562698 2
v 2.9000000000000004 5.092999993562698 2
v 2.9000000000000004 5.092999993562698 2
v 2.9000000000000004 5.092999993562698 2
v 2.9000000000000004 5.092999993562698 2
v 2.9000000000000004 5.092999993562698 2
v 2.9000000000000004 5.092999993562698 2
v 2.9000000000000004 5.092999993562698 2
v 2.9000000000000004 5.092999993562698 2
v 2.9000000000000004 5.092999993562698 2
v 2.9000000000000004 5.092999993562698 2
v 2.9000000000000004 5.092999993562698 2
v 2.9000000000000004 5.092999993562698 2
v 2.9000000000000004 5.092999993562698 2
vt 0.0357142873108387 1
vt 0.1071428582072258 1
vt 0.1785714328289032 1
vt 0.25 1
vt 0.3214285671710968 1
vt 0.3928571343421936 1
vt 0.4642857015132904 1
vt 0.5357142686843872 1
vt 0.6071428656578064 1
vt 0.6785714030265808 1
vt 0.75 1
vt 0.8214285969734192 1
vt 0.8928571343421936 1
vt 0.9642857313156128 1
vt 1.0357142686843872 1
vt 0 0.9166666865348816
vt 0.0714285746216774 0.9166666865348816
vt 0.1428571492433548 0.9166666865348816
vt 0.2142857164144516 0.9166666865348816
vt 0.2857142984867096 0.9166666865348816
vt 0.3571428656578064 0.9166666865348816
vt 0.4285714328289032 0.9166666865348816
vt 0.5 0.9166666865348816
vt 0.5714285969734192 0.9166666865348816
vt 0.6428571343421936 0.9166666865348816
vt 0.7142857313156128 0.9166666865348816
vt 0.7857142686843872 0.9166666865348816
vt 0.8571428656578064 0.9166666865348816
vt 0.9285714030265808 0.9166666865348816
vt 1 0.9166666865348816
vt 0 0.8333333134651184
vt 0.0714285746216774 0.8333333134651184
vt 0.1428571492433548 0.8333333134651184
vt 0.2142857164144516 0.8333333134651184
vt 0.2857142984867096 0.8333333134651184
vt 0.3571428656578064 0.8333333134651184
vt 0.4285714328289032 0.8333333134651184
vt 0.5 0.8333333134651184
vt 0.5714285969734192 0.8333333134651184
vt 0.6428571343421936 0.8333333134651184
vt 0.7142857313156128 0.8333333134651184
vt 0.7857142686843872 0.8333333134651184
vt 0.8571428656578064 0.8333333134651184
vt 0.9285714030265808 0.8333333134651184
vt 1 0.8333333134651184
vt 0 0.75
vt 0.0714285746216774 0.75
vt 0.1428571492433548 0.75
vt 0.2142857164144516 0.75
vt 0.2857142984867096 0.75
vt 0.3571428656578064 0.75
vt 0.4285714328289032 0.75
vt 0.5 0.75
vt 0.5714285969734192 0.75
vt 0.6428571343421936 0.75
vt 0.7142857313156128 0.75
vt 0.7857142686843872 0.75
vt 0.8571428656578064 0.75
vt 0.9285714030265808 0.75
vt 1 0.75
vt 0 0.6666666865348816
vt 0.0714285746216774 0.6666666865348816
vt 0.1428571492433548 0.6666666865348816
vt 0.2142857164144516 0.6666666865348816
vt 0.2857142984867096 0.6666666865348816
vt 0.3571428656578064 0.6666666865348816
vt 0.4285714328289032 0.6666666865348816
vt 0.5 0.6666666865348816
vt 0.5714285969734192 0.6666666865348816
vt 0.6428571343421936 0.6666666865348816
vt 0.7142857313156128 0.6666666865348816
vt 0.7857142686843872 0.6666666865348816
vt 0.8571428656578064 0.6666666865348816
vt 0.9285714030265808 0.6666666865348816
vt 1 0.6666666865348816
vt 0 0.5833333134651184
vt 0.0714285746216774 0.5833333134651184
vt 0.1428571492433548 0.5833333134651184
vt 0.2142857164144516 0.5833333134651184
vt 0.2857142984867096 0.5833333134651184
vt 0.3571428656578064 0.5833333134651184
vt 0.4285714328289032 0.5833333134651184
vt 0.5 0.5833333134651184
vt 0.5714285969734192 0.5833333134651184
vt 0.6428571343421936 0.5833333134651184
vt 0.7142857313156128 0.5833333134651184
vt 0.7857142686843872 0.5833333134651184
vt 0.8571428656578064 0.5833333134651184
vt 0.9285714030265808 0.5833333134651184
vt 1 0.5833333134651184
vt 0 0.5
vt 0.0714285746216774 0.5
vt 0.1428571492433548 0.5
vt 0.2142857164144516 0.5
vt 0.2857142984867096 0.5
vt 0.3571428656578064 0.5
vt 0.4285714328289032 0.5
vt 0.5 0.5
vt 0.5714285969734192 0.5
vt 0.6428571343421936 0.5
vt 0.7142857313156128 0.5
vt 0.7857142686843872 0.5
vt 0.8571428656578064 0.5
vt 0.9285714030265808 0.5
vt 1 0.5
vt 0 0.4166666567325592
vt 0.0714285746216774 0.4166666567325592
vt 0.1428571492433548 0.4166666567325592
vt 0.2142857164144516 0.4166666567325592
vt 0.2857142984867096 0.4166666567325592
vt 0.3571428656578064 0.4166666567325592
vt 0.4285714328289032 0.4166666567325592
vt 0.5 0.4166666567325592
vt 0.5714285969734192 0.4166666567325592
vt 0.6428571343421936 0.4166666567325592
vt 0.7142857313156128 0.4166666567325592
vt 0.7857142686843872 0.4166666567325592
vt 0.8571428656578064 0.4166666567325592
vt 0.9285714030265808 0.4166666567325592
vt 1 0.4166666567325592
vt 0 0.3333333432674408
vt 0.0714285746216774 0.3333333432674408
vt 0.1428571492433548 0.3333333432674408
vt 0.2142857164144516 0.3333333432674408
vt 0.2857142984867096 0.3333333432674408
vt 0.3571428656578064 0.3333333432674408
vt 0.4285714328289032 0.3333333432674408
vt 0.5 0.3333333432674408
vt 0.5714285969734192 0.3333333432674408
vt 0.6428571343421936 0.3333333432674408
vt 0.7142857313156128 0.3333333432674408
vt 0.7857142686843872 0.3333333432674408
vt 0.8571428656578064 0.3333333432674408
vt 0.9285714030265808 0.3333333432674408
vt 1 0.3333333432674408
vt 0 0.25
vt 0.0714285746216774 0.25
vt 0.1428571492433548 0.25
vt 0.2142857164144516 0.25
vt 0.2857142984867096 0.25
vt 0.3571428656578064 0.25
vt 0.4285714328289032 0.25
vt 0.5 0.25
vt 0.5714285969734192 0.25
vt 0.6428571343421936 0.25
vt 0.7142857313156128 0.25
vt 0.7857142686843872 0.25
vt 0.8571428656578064 0.25
vt 0.9285714030265808 0.25
vt 1 0.25
vt 0 0.1666666716337204
vt 0.0714285746216774 0.1666666716337204
vt 0.1428571492433548 0.1666666716337204
vt 0.2142857164144516 0.1666666716337204
vt 0.2857142984867096 0.1666666716337204
vt 0.3571428656578064 0.1666666716337204
vt 0.4285714328289032 0.1666666716337204
vt 0.5 0.1666666716337204
vt 0.5714285969734192 0.1666666716337204
vt 0.6428571343421936 0.1666666716337204
vt 0.7142857313156128 0.1666666716337204
vt 0.7857142686843872 0.1666666716337204
vt 0.8571428656578064 0.1666666716337204
vt 0.9285714030265808 0.1666666716337204
vt 1 0.1666666716337204
vt 0 0.0833333358168602
vt 0.0714285746216774 0.0833333358168602
vt 0.1428571492433548 0.0833333358168602
vt 0.2142857164144516 0.0833333358168602
vt 0.2857142984867096 0.0833333358168602
vt 0.3571428656578064 0.0833333358168602
vt 0.4285714328289032 0.0833333358168602
vt 0.5 0.0833333358168602
vt 0.5714285969734192 0.0833333358168602
vt 0.6428571343421936 0.0833333358168602
vt 0.7142857313156128 0.0833333358168602
vt 0.7857142686843872 0.0833333358168602
vt 0.8571428656578064 0.0833333358168602
vt 0.9285714030265808 0.0833333358168602
vt 1 0.0833333358168602
vt -0.0357142873108387 0
vt 0.0357142873108387 0
vt 0.1071428582072258 0
vt 0.1785714328289032 0
vt 0.25 0
vt 0.3214285671710968 0
vt 0.3928571343421936 0
vt 0.4642857015132904 0
vt 0.5357142686843872 0
vt 0.6071428656578064 0
vt 0.6785714030265808 0
vt 0.75 0
vt 0.8214285969734192 0
vt 0.8928571343421936 0
vt 0.9642857313156128 0
vn 0 1 0
vn 0 1 0
vn 0 1 0
vn 0 1 0
vn 0 1 0
vn 0 1 0
vn 0 1 0
vn 0 1 0
vn 0 1 0
vn 0 1 0
vn 0 1 0
vn 0 1 0
vn 0 1 0
vn 0 1 0
vn 0 1 0
vn -0.2588190471264927 0.9659258257467466 0
vn -0.23318790212616303 0.965925825697602 0.11229737998904929
vn -0.1613710393000704 0.9659258243100393 0.20235288385932754
vn -0.057592657150230264 0.9659258242408101 0.25232991877121497
vn 0.057592657150230264 0.9659258242408101 0.25232991877121497
vn 0.1613710393000704 0.9659258243100393 0.20235288385932754
vn 0.23318790212616303 0.965925825697602 0.11229737998904929
vn 0.2588190471264927 0.9659258257467466 3.1696191689360264e-17
vn 0.23318790212616303 0.965925825697602 -0.11229737998904929
vn 0.1613710393000704 0.9659258243100393 -0.20235288385932754
vn 0.057592657150230264 0.9659258242408101 -0.25232991877121497
vn -0.057592657150230264 0.9659258242408101 -0.25232991877121497
vn -0.1613710393000704 0.9659258243100393 -0.20235288385932754
vn -0.23318790212616303 0.965925825697602 -0.11229737998904929
vn -0.2588190471264927 0.9659258257467466 -6.339238337872053e-17
vn -0.5000000067305869 0.8660253998985324 0
vn -0.45048443335647964 0.8660254046333798 0.21694186740480123
vn -0.3117449017387486 0.8660253970778502 0.3909157554461697
vn -0.11126046805406449 0.8660254020684025 0.4874639588940422
vn 0.11126046805406449 0.8660254020684025 0.4874639588940422
vn 0.3117449017387486 0.8660253970778502 0.3909157554461697
vn 0.45048443335647964 0.8660254046333798 0.21694186740480123
vn 0.5000000067305869 0.8660253998985324 6.12323434535176e-17
vn 0.45048443335647964 0.8660254046333798 -0.21694186740480123
vn 0.3117449017387486 0.8660253970778502 -0.3909157554461697
vn 0.11126046805406449 0.8660254020684025 -0.4874639588940422
vn -0.11126046805406449 0.8660254020684025 -0.4874639588940422
vn -0.3117449017387486 0.8660253970778502 -0.3909157554461697
vn -0.45048443335647964 0.8660254046333798 -0.21694186740480123
vn -0.5000000067305869 0.8660253998985324 -1.224646869070352e-16
vn -0.7071067811865476 0.7071067811865476 0
vn -0.6370812093853011 0.7071067730145022 0.3068021254899962
vn -0.4408738704352456 0.7071067837160909 0.5528383369395901
vn -0.15734605593110657 0.7071067736664909 0.6893781468235639
vn 0.15734605593110657 0.7071067736664909 0.6893781468235639
vn 0.4408738704352456 0.7071067837160909 0.5528383369395901
vn 0.6370812093853011 0.7071067730145022 0.3068021254899962
vn 0.7071067811865476 0.7071067811865476 8.659560751628624e-17
vn 0.6370812093853011 0.7071067730145022 -0.3068021254899962
vn 0.4408738704352456 0.7071067837160909 -0.5528383369395901
vn 0.15734605593110657 0.7071067736664909 -0.6893781468235639
vn -0.15734605593110657 0.7071067736664909 -0.6893781468235639
vn -0.4408738704352456 0.7071067837160909 -0.5528383369395901
vn -0.6370812093853011 0.7071067730145022 -0.3068021254899962
vn -0.7071067811865476 0.7071067811865476 -1.7319121503257247e-16
vn -0.8660253998985324 0.5000000067305869 0
vn -0.7802619340813601 0.5000000001780183 0.3757543267157372
vn -0.5399579983513427 0.4999999983037915 0.6770859337725307
vn -0.19270878028593394 0.5000000126740947 0.8443123316205994
vn 0.19270878028593394 0.5000000126740947 0.8443123316205994
vn 0.5399579983513427 0.4999999983037915 0.6770859337725307
vn 0.7802619340813601 0.5000000001780183 0.3757543267157372
vn 0.8660253998985324 0.5000000067305869 1.0605752614896174e-16
vn 0.7802619340813601 0.5000000001780183 -0.3757543267157372
vn 0.5399579983513427 0.4999999983037915 -0.6770859337725307
vn 0.19270878028593394 0.5000000126740947 -0.8443123316205994
vn -0.19270878028593394 0.5000000126740947 -0.8443123316205994
vn -0.5399579983513427 0.4999999983037915 -0.6770859337725307
vn -0.7802619340813601 0.5000000001780183 -0.3757543267157372
vn -0.8660253998985324 0.5000000067305869 -2.1211505229792348e-16
vn -0.9659258257467466 0.2588190471264927 0
vn -0.8702691035676434 0.2588190388267835 0.41909950192806283
vn -0.6022449158945845 0.2588190446318764 0.755191209836931
vn -0.21493871948573373 0.25881904891706803 0.941708047530389
vn 0.21493871948573373 0.25881904891706803 0.941708047530389
vn 0.6022449158945845 0.2588190446318764 0.755191209836931
vn 0.8702691035676434 0.2588190388267835 0.41909950192806283
vn 0.9659258257467466 0.2588190471264927 1.1829179227392118e-16
vn 0.8702691035676434 0.2588190388267835 -0.41909950192806283
vn 0.6022449158945845 0.2588190446318764 -0.755191209836931
vn 0.21493871948573373 0.25881904891706803 -0.941708047530389
vn -0.21493871948573373 0.25881904891706803 -0.941708047530389
vn -0.6022449158945845 0.2588190446318764 -0.755191209836931
vn -0.8702691035676434 0.2588190388267835 -0.41909950192806283
vn -0.9659258257467466 0.2588190471264927 -2.3658358454784237e-16
vn -1 6.123234262925839e-17 0
vn -0.9009688693625448 6.123234396836827e-17 0.4338837360855756
vn -0.6234897889923936 6.123234183151289e-17 0.7818314927285933
vn -0.22252093478534796 6.123234324294117e-17 0.9749279119926021
vn 0.22252093478534796 6.123234324294117e-17 0.9749279119926021
vn 0.6234897889923936 6.123234183151289e-17 0.7818314927285933
vn 0.9009688693625448 6.123234396836827e-17 0.4338837360855756
vn 1 6.123234262925839e-17 1.2246468525851679e-16
vn 0.9009688693625448 6.123234396836827e-17 -0.4338837360855756
vn 0.6234897889923936 6.123234183151289e-17 -0.7818314927285933
vn 0.22252093478534796 6.123234324294117e-17 -0.9749279119926021
vn -0.22252093478534796 6.123234324294117e-17 -0.9749279119926021
vn -0.6234897889923936 6.123234183151289e-17 -0.7818314927285933
vn -0.9009688693625448 6.123234396836827e-17 -0.4338837360855756
vn -1 6.123234262925839e-17 -2.4492937051703357e-16
vn -0.9659258257467466 -0.2588190471264927 0
vn -0.8702691035676434 -0.2588190388267835 0.41909950192806283
vn -0.6022449158945845 -0.2588190446318764 0.755191209836931
vn -0.21493871948573373 -0.25881904891706803 0.941708047530389
vn 0.21493871948573373 -0.25881904891706803 0.941708047530389
vn 0.6022449158945845 -0.2588190446318764 0.755191209836931
vn 0.8702691035676434 -0.2588190388267835 0.41909950192806283
vn 0.9659258257467466 -0.2588190471264927 1.1829179227392118e-16
vn 0.8702691035676434 -0.2588190388267835 -0.41909950192806283
vn 0.6022449158945845 -0.2588190446318764 -0.755191209836931
vn 0.21493871948573373 -0.25881904891706803 -0.941708047530389
vn -0.21493871948573373 -0.25881904891706803 -0.941708047530389
vn -0.6022449158945845 -0.2588190446318764 -0.755191209836931
vn -0.8702691035676434 -0.2588190388267835 -0.41909950192806283
vn -0.9659258257467466 -0.2588190471264927 -2.3658358454784237e-16
vn -0.8660253998985324 -0.5000000067305869 0
vn -0.7802619340813601 -0.5000000001780183 0.3757543267157372
vn -0.5399579983513427 -0.4999999983037915 0.6770859337725307
vn -0.19270878028593394 -0.5000000126740947 0.8443123316205994
vn 0.19270878028593394 -0.5000000126740947 0.8443123316205994
vn 0.5399579983513427 -0.4999999983037915 0.6770859337725307
vn 0.7802619340813601 -0.5000000001780183 0.3757543267157372
vn 0.8660253998985324 -0.5000000067305869 1.0605752614896174e-16
vn 0.7802619340813601 -0.5000000001780183 -0.3757543267157372
vn 0.5399579983513427 -0.4999999983037915 -0.6770859337725307
vn 0.19270878028593394 -0.5000000126740947 -0.8443123316205994
vn -0.19270878028593394 -0.5000000126740947 -0.8443123316205994
vn -0.5399579983513427 -0.4999999983037915 -0.6770859337725307
vn -0.7802619340813601 -0.5000000001780183 -0.3757543267157372
vn -0.8660253998985324 -0.5000000067305869 -2.1211505229792348e-16
vn -0.7071067811865476 -0.7071067811865476 0
vn -0.6370812093853011 -0.7071067730145022 0.3068021254899962
vn -0.4408738704352456 -0.7071067837160909 0.5528383369395901
vn -0.15734605593110657 -0.7071067736664909 0.6893781468235639
vn 0.15734605593110657 -0.7071067736664909 0.6893781468235639
vn 0.4408738704352456 -0.7071067837160909 0.5528383369395901
vn 0.6370812093853011 -0.7071067730145022 0.3068021254899962
vn 0.7071067811865476 -0.7071067811865476 8.659560751628624e-17
vn 0.6370812093853011 -0.7071067730145022 -0.3068021254899962
vn 0.4408738704352456 -0.7071067837160909 -0.5528383369395901
vn 0.15734605593110657 -0.7071067736664909 -0.6893781468235639
vn -0.15734605593110657 -0.7071067736664909 -0.6893781468235639
vn -0.4408738704352456 -0.7071067837160909 -0.5528383369395901
vn -0.6370812093853011 -0.7071067730145022 -0.3068021254899962
vn -0.7071067811865476 -0.7071067811865476 -1.7319121503257247e-16
vn -0.5000000067305869 -0.8660253998985324 0
vn -0.45048443335647964 -0.8660254046333798 0.21694186740480123
vn -0.3117449017387486 -0.8660253970778502 0.3909157554461697
vn -0.11126046805406449 -0.8660254020684025 0.4874639588940422
vn 0.11126046805406449 -0.8660254020684025 0.4874639588940422
vn 0.3117449017387486 -0.8660253970778502 0.3909157554461697
vn 0.45048443335647964 -0.8660254046333798 0.21694186740480123
vn 0.5000000067305869 -0.8660253998985324 6.12323434535176e-17
vn 0.45048443335647964 -0.8660254046333798 -0.21694186740480123
vn 0.3117449017387486 -0.8660253970778502 -0.3909157554461697
vn 0.11126046805406449 -0.8660254020684025 -0.4874639588940422
vn -0.11126046805406449 -0.8660254020684025 -0.4874639588940422
vn -0.3117449017387486 -0.8660253970778502 -0.3909157554461697
vn -0.45048443335647964 -0.8660254046333798 -0.21694186740480123
vn -0.5000000067305869 -0.8660253998985324 -1.224646869070352e-16
vn -0.2588190471264927 -0.9659258257467466 0
vn -0.23318790212616303 -0.965925825697602 0.11229737998904929
vn -0.1613710393000704 -0.9659258243100393 0.20235288385932754
vn -0.057592657150230264 -0.9659258242408101 0.25232991877121497
vn 0.057592657150230264 -0.9659258242408101 0.25232991877121497
vn 0.1613710393000704 -0.9659258243100393 0.20235288385932754
vn 0.23318790212616303 -0.965925825697602 0.11229737998904929
vn 0.2588190471264927 -0.9659258257467466 3.1696191689360264e-17
vn 0.23318790212616303 -0.965925825697602 -0.11229737998904929
vn 0.1613710393000704 -0.9659258243100393 -0.20235288385932754
vn 0.057592657150230264 -0.9659258242408101 -0.25232991877121497
vn -0.057592657150230264 -0.9659258242408101 -0.25232991877121497
vn -0.1613710393000704 -0.9659258243100393 -0.20235288385932754
vn -0.23318790212616303 -0.965925825697602 -0.11229737998904929
vn -0.2588190471264927 -0.9659258257467466 -6.339238337872053e-17
vn -1.2246468525851679e-16 -1 0
vn -1.1033686090228481e-16 -1 5.313543226372388e-17
vn -7.635548062777348e-17 -1 9.574674485560909e-17
vn -2.7250955737302164e-17 -1 1.1939423052938935e-16
vn 2.7250955737302164e-17 -1 1.1939423052938935e-16
vn 7.635548062777348e-17 -1 9.574674485560909e-17
vn 1.1033686090228481e-16 -1 5.313543226372388e-17
vn 1.2246468525851679e-16 -1 1.4997597572211942e-32
vn 1.1033686090228481e-16 -1 -5.313543226372388e-17
vn 7.635548062777348e-17 -1 -9.574674485560909e-17
vn 2.7250955737302164e-17 -1 -1.1939423052938935e-16
vn -2.7250955737302164e-17 -1 -1.1939423052938935e-16
vn -7.635548062777348e-17 -1 -9.574674485560909e-17
vn -1.1033686090228481e-16 -1 -5.313543226372388e-17
vn -1.2246468525851679e-16 -1 -2.9995195144423884e-32
f 2704/2704/2704 2719/2719/2719 2720/2720/2720
f 2705/2705/2705 2720/2720/2720 2721/2721/2721
f 2706/2706/2706 2721/2721/2721 2722/2722/2722
f 2707/2707/2707 2722/2722/2722 2723/2723/2723
f 2708/2708/2708 2723/2723/2723 2724/2724/2724
f 2709/2709/2709 2724/2724/2724 2725/2725/2725
f 2710/2710/2710 2725/2725/2725 2726/2726/2726
f 2711/2711/2711 2726/2726/2726 2727/2727/2727
f 2712/2712/2712 2727/2727/2727 2728/2728/2728
f 2713/2713/2713 2728/2728/2728 2729/2729/2729
f 2714/2714/2714 2729/2729/2729 2730/2730/2730
f 2715/2715/2715 2730/2730/2730 2731/2731/2731
f 2716/2716/2716 2731/2731/2731 2732/2732/2732
f 2717/2717/2717 2732/2732/2732 2733/2733/2733
f 2720/2720/2720 2719/2719/2719 2735/2735/2735
f 2719/2719/2719 2734/2734/2734 2735/2735/2735
f 2721/2721/2721 2720/2720/2720 2736/2736/2736
f 2720/2720/2720 2735/2735/2735 2736/2736/2736
f 2722/2722/2722 2721/2721/2721 2737/2737/2737
f 2721/2721/2721 2736/2736/2736 2737/2737/2737
f 2723/2723/2723 2722/2722/2722 2738/2738/2738
f 2722/2722/2722 2737/2737/2737 2738/2738/2738
f 2724/2724/2724 2723/2723/2723 2739/2739/2739
f 2723/2723/2723 2738/2738/2738 2739/2739/2739
f 2725/2725/2725 2724/2724/2724 2740/2740/2740
f 2724/2724/2724 2739/2739/2739 2740/2740/2740
f 2726/2726/2726 2725/2725/2725 2741/2741/2741
f 2725/2725/2725 2740/2740/2740 2741/2741/2741
f 2727/2727/2727 2726/2726/2726 2742/2742/2742
f 2726/2726/2726 2741/2741/2741 2742/2742/2742
f 2728/2728/2728 2727/2727/2727 2743/2743/2743
f 2727/2727/2727 2742/2742/2742 2743/2743/2743
f 2729/2729/2729 2728/2728/2728 2744/2744/2744
f 2728/2728/2728 2743/2743/2743 2744/2744/2744
f 2730/2730/2730 2729/2729/2729 2745/2745/2745
f 2729/2729/2729 2744/2744/2744 2745/2745/2745
f 2731/2731/2731 2730/2730/2730 2746/2746/2746
f 2730/2730/2730 2745/2745/2745 2746/2746/2746
f 2732/2732/2732 2731/2731/2731 2747/2747/2747
f 2731/2731/2731 2746/2746/2746 2747/2747/2747
f 2733/2733/2733 2732/2732/2732 2748/2748/2748
f 2732/2732/2732 2747/2747/2747 2748/2748/2748
f 2735/2735/2735 2734/2734/2734 2750/2750/2750
f 2734/2734/2734 2749/2749/2749 2750/2750/2750
f 2736/2736/2736 2735/2735/2735 2751/2751/2751
f 2735/2735/2735 2750/2750/2750 2751/2751/2751
f 2737/2737/2737 2736/2736/2736 2752/2752/2752
f 2736/2736/2736 2751/2751/2751 2752/2752/2752
f 2738/2738/2738 2737/2737/2737 2753/2753/2753
f 2737/2737/2737 2752/2752/2752 2753/2753/2753
f 2739/2739/2739 2738/2738/2738 2754/2754/2754
f 2738/2738/2738 2753/2753/2753 2754/2754/2754
f 2740/2740/2740 2739/2739/2739 2755/2755/2755
f 2739/2739/2739 2754/2754/2754 2755/2755/2755
f 2741/2741/2741 2740/2740/2740 2756/2756/2756
f 2740/2740/2740 2755/2755/2755 2756/2756/2756
f 2742/2742/2742 2741/2741/2741 2757/2757/2757
f 2741/2741/2741 2756/2756/2756 2757/2757/2757
f 2743/2743/2743 2742/2742/2742 2758/2758/2758
f 2742/2742/2742 2757/2757/2757 2758/2758/2758
f 2744/2744/2744 2743/2743/2743 2759/2759/2759
f 2743/2743/2743 2758/2758/2758 2759/2759/2759
f 2745/2745/2745 2744/2744/2744 2760/2760/2760
f 2744/2744/2744 2759/2759/2759 2760/2760/2760
f 2746/2746/2746 2745/2745/2745 2761/2761/2761
f 2745/2745/2745 2760/2760/2760 2761/2761/2761
f 2747/2747/2747 2746/2746/2746 2762/2762/2762
f 2746/2746/2746 2761/2761/2761 2762/2762/2762
f 2748/2748/2748 2747/2747/2747 2763/2763/2763
f 2747/2747/2747 2762/2762/2762 2763/2763/2763
f 2750/2750/2750 2749/2749/2749 2765/2765/2765
f 2749/2749/2749 2764/2764/2764 2765/2765/2765
f 2751/2751/2751 2750/2750/2750 2766/2766/2766
f 2750/2750/2750 2765/2765/2765 2766/2766/2766
f 2752/2752/2752 2751/2751/2751 2767/2767/2767
f 2751/2751/2751 2766/2766/2766 2767/2767/2767
f 2753/2753/2753 2752/2752/2752 2768/2768/2768
f 2752/2752/2752 2767/2767/2767 2768/2768/2768
f 2754/2754/2754 2753/2753/2753 2769/2769/2769
f 2753/2753/2753 2768/2768/2768 2769/2769/2769
f 2755/2755/2755 2754/2754/2754 2770/2770/2770
f 2754/2754/2754 2769/2769/2769 2770/2770/2770
f 2756/2756/2756 2755/2755/2755 2771/2771/2771
f 2755/2755/2755 2770/2770/2770 2771/2771/2771
f 2757/2757/2757 2756/2756/2756 2772/2772/2772
f 2756/2756/2756 2771/2771/2771 2772/2772/2772
f 2758/2758/2758 2757/2757/2757 2773/2773/2773
f 2757/2757/2757 2772/2772/2772 2773/2773/2773
f 2759/2759/2759 2758/2758/2758 2774/2774/2774
f 2758/2758/2758 2773/2773/2773 2774/2774/2774
f 2760/2760/2760 2759/2759/2759 2775/2775/2775
f 2759/2759/2759 2774/2774/2774 2775/2775/2775
f 2761/2761/2761 2760/2760/2760 2776/2776/2776
f 2760/2760/2760 2775/2775/2775 2776/2776/2776
f 2762/2762/2762 2761/2761/2761 2777/2777/2777
f 2761/2761/2761 2776/2776/2776 2777/2777/2777
f 2763/2763/2763 2762/2762/2762 2778/2778/2778
f 2762/2762/2762 2777/2777/2777 2778/2778/2778
f 2765/2765/2765 2764/2764/2764 2780/2780/2780
f 2764/2764/2764 2779/2779/2779 2780/2780/2780
f 2766/2766/2766 2765/2765/2765 2781/2781/2781
f 2765/2765/2765 2780/2780/2780 2781/2781/2781
f 2767/2767/2767 2766/2766/2766 2782/2782/2782
f 2766/2766/2766 2781/2781/2781 2782/2782/2782
f 2768/2768/2768 2767/2767/2767 2783/2783/2783
f 2767/2767/2767 2782/2782/2782 2783/2783/2783
f 2769/2769/2769 2768/2768/2768 2784/2784/2784
f 2768/2768/2768 2783/2783/2783 2784/2784/2784
f 2770/2770/2770 2769/2769/2769 2785/2785/2785
f 2769/2769/2769 2784/2784/2784 2785/2785/2785
f 2771/2771/2771 2770/2770/2770 2786/2786/2786
f 2770/2770/2770 2785/2785/2785 2786/2786/2786
f 2772/2772/2772 2771/2771/2771 2787/2787/2787
f 2771/2771/2771 2786/2786/2786 2787/2787/2787
f 2773/2773/2773 2772/2772/2772 2788/2788/2788
f 2772/2772/2772 2787/2787/2787 2788/2788/2788
f 2774/2774/2774 2773/2773/2773 2789/2789/2789
f 2773/2773/2773 2788/2788/2788 2789/2789/2789
f 2775/2775/2775 2774/2774/2774 2790/2790/2790
f 2774/2774/2774 2789/2789/2789 2790/2790/2790
f 2776/2776/2776 2775/2775/2775 2791/2791/2791
f 2775/2775/2775 2790/2790/2790 2791/2791/2791
f 2777/2777/2777 2776/2776/2776 2792/2792/2792
f 2776/2776/2776 2791/2791/2791 2792/2792/2792
f 2778/2778/2778 2777/2777/2777 2793/2793/2793
f 2777/2777/2777 2792/2792/2792 2793/2793/2793
f 2780/2780/2780 2779/2779/2779 2795/2795/2795
f 2779/2779/2779 2794/2794/2794 2795/2795/2795
f 2781/2781/2781 2780/2780/2780 2796/2796/2796
f 2780/2780/2780 2795/2795/2795 2796/2796/2796
f 2782/2782/2782 2781/2781/2781 2797/2797/2797
f 2781/2781/2781 2796/2796/2796 2797/2797/2797
f 2783/2783/2783 2782/2782/2782 2798/2798/2798
f 2782/2782/2782 2797/2797/2797 2798/2798/2798
f 2784/2784/2784 2783/2783/2783 2799/2799/2799
f 2783/2783/2783 2798/2798/2798 2799/2799/2799
f 2785/2785/2785 2784/2784/2784 2800/2800/2800
f 2784/2784/2784 2799/2799/2799 2800/2800/2800
f 2786/2786/2786 2785/2785/2785 2801/2801/2801
f 2785/2785/2785 2800/2800/2800 2801/2801/2801
f 2787/2787/2787 2786/2786/2786 2802/2802/2802
f 2786/2786/2786 2801/2801/2801 2802/2802/2802
f 2788/2788/2788 2787/2787/2787 2803/2803/2803
f 2787/2787/2787 2802/2802/2802 2803/2803/2803
f 2789/2789/2789 2788/2788/2788 2804/2804/2804
f 2788/2788/2788 2803/2803/2803 2804/2804/2804
f 2790/2790/2790 2789/2789/2789 2805/2805/2805
f 2789/2789/2789 2804/2804/2804 2805/2805/2805
f 2791/2791/2791 2790/2790/2790 2806/2806/2806
f 2790/2790/2790 2805/2805/2805 2806/2806/2806
f 2792/2792/2792 2791/2791/2791 2807/2807/2807
f 2791/2791/2791 2806/2806/2806 2807/2807/2807
f 2793/2793/2793 2792/2792/2792 2808/2808/2808
f 2792/2792/2792 2807/2807/2807 2808/2808/2808
f 2795/2795/2795 2794/2794/2794 2810/2810/2810
f 2794/2794/2794 2809/2809/2809 2810/2810/2810
f 2796/2796/2796 2795/2795/2795 2811/2811/2811
f 2795/2795/2795 2810/2810/2810 2811/2811/2811
f 2797/2797/2797 2796/2796/2796 2812/2812/2812
f 2796/2796/2796 2811/2811/2811 2812/2812/2812
f 2798/2798/2798 2797/2797/2797 2813/2813/2813
f 2797/2797/2797 2812/2812/2812 2813/2813/2813
f 2799/2799/2799 2798/2798/2798 2814/2814/2814
f 2798/2798/2798 2813/2813/2813 2814/2814/2814
f 2800/2800/2800 2799/2799/2799 2815/2815/2815
f 2799/2799/2799 2814/2814/2814 2815/2815/2815
f 2801/2801/2801 2800/2800/2800 2816/2816/2816
f 2800/2800/2800 2815/2815/2815 2816/2816/2816
f 2802/2802/2802 2801/2801/2801 2817/2817/2817
f 2801/2801/2801 2816/2816/2816 2817/2817/2817
f 2803/2803/2803 2802/2802/2802 2818/2818/2818
f 2802/2802/2802 2817/2817/2817 2818/2818/2818
f 2804/2804/2804 2803/2803/2803 2819/2819/2819
f 2803/2803/2803 2818/2818/2818 2819/2819/2819
f 2805/2805/2805 2804/2804/2804 2820/2820/2820
f 2804/2804/2804 2819/2819/2819 2820/2820/2820
f 2806/2806/2806 2805/2805/2805 2821/2821/2821
f 2805/2805/2805 2820/2820/2820 2821/2821/2821
f 2807/2807/2807 2806/2806/2806 2822/2822/2822
f 2806/2806/2806 2821/2821/2821 2822/2822/2822
f 2808/2808/2808 2807/2807/2807 2823/2823/2823
f 2807/2807/2807 2822/2822/2822 2823/2823/2823
f 2810/2810/2810 2809/2809/2809 2825/2825/2825
f 2809/2809/2809 2824/2824/2824 2825/2825/2825
f 2811/2811/2811 2810/2810/2810 2826/2826/2826
f 2810/2810/2810 2825/2825/2825 2826/2826/2826
f 2812/2812/2812 2811/2811/2811 2827/2827/2827
f 2811/2811/2811 2826/2826/2826 2827/2827/2827
f 2813/2813/2813 2812/2812/2812 2828/2828/2828
f 2812/2812/2812 2827/2827/2827 2828/2828/2828
f 2814/2814/2814 2813/2813/2813 2829/2829/2829
f 2813/2813/2813 2828/2828/2828 2829/2829/2829
f 2815/2815/2815 2814/2814/2814 2830/2830/2830
f 2814/2814/2814 2829/2829/2829 2830/2830/2830
f 2816/2816/2816 2815/2815/2815 2831/2831/2831
f 2815/2815/2815 2830/2830/2830 2831/2831/2831
f 2817/2817/2817 2816/2816/2816 2832/2832/2832
f 2816/2816/2816 2831/2831/2831 2832/2832/2832
f 2818/2818/2818 2817/2817/2817 2833/2833/2833
f 2817/2817/2817 2832/2832/2832 2833/2833/2833
f 2819/2819/2819 2818/2818/2818 2834/2834/2834
f 2818/2818/2818 2833/2833/2833 2834/2834/2834
f 2820/2820/2820 2819/2819/2819 2835/2835/2835
f 2819/2819/2819 2834/2834/2834 2835/2835/2835
f 2821/2821/2821 2820/2820/2820 2836/2836/2836
f 2820/2820/2820 2835/2835/2835 2836/2836/2836
f 2822/2822/2822 2821/2821/2821 2837/2837/2837
f 2821/2821/2821 2836/2836/2836 2837/2837/2837
f 2823/2823/2823 2822/2822/2822 2838/2838/2838
f 2822/2822/2822 2837/2837/2837 2838/2838/2838
f 2825/2825/2825 2824/2824/2824 2840/2840/2840
f 2824/2824/2824 2839/2839/2839 2840/2840/2840
f 2826/2826/2826 2825/2825/2825 2841/2841/2841
f 2825/2825/2825 2840/2840/2840 2841/2841/2841
f 2827/2827/2827 2826/2826/2826 2842/2842/2842
f 2826/2826/2826 2841/2841/2841 2842/2842/2842
f 2828/2828/2828 2827/2827/2827 2843/2843/2843
f 2827/2827/2827 2842/2842/2842 2843/2843/2843
f 2829/2829/2829 2828/2828/2828 2844/2844/2844
f 2828/2828/2828 2843/2843/2843 2844/2844/2844
f 2830/2830/2830 2829/2829/2829 2845/2845/2845
f 2829/2829/2829 2844/2844/2844 2845/2845/2845
f 2831/2831/2831 2830/2830/2830 2846/2846/2846
f 2830/2830/2830 2845/2845/2845 2846/2846/2846
f 2832/2832/2832 2831/2831/2831 2847/2847/2847
f 2831/2831/2831 2846/2846/2846 2847/2847/2847
f 2833/2833/2833 2832/2832/2832 2848/2848/2848
f 2832/2832/2832 2847/2847/2847 2848/2848/2848
f 2834/2834/2834 2833/2833/2833 2849/2849/2849
f 2833/2833/2833 2848/2848/2848 2849/2849/2849
f 2835/2835/2835 2834/2834/2834 2850/2850/2850
f 2834/2834/2834 2849/2849/2849 2850/2850/2850
f 2836/2836/2836 2835/2835/2835 2851/2851/2851
f 2835/2835/2835 2850/2850/2850 2851/2851/2851
f 2837/2837/2837 2836/2836/2836 2852/2852/2852
f 2836/2836/2836 2851/2851/2851 2852/2852/2852
f 2838/2838/2838 2837/2837/2837 2853/2853/2853
f 2837/2837/2837 2852/2852/2852 2853/2853/2853
f 2840/2840/2840 2839/2839/2839 2855/2855/2855
f 2839/2839/2839 2854/2854/2854 2855/2855/2855
f 2841/2841/2841 2840/2840/2840 2856/2856/2856
f 2840/2840/2840 2855/2855/2855 2856/2856/2856
f 2842/2842/2842 2841/2841/2841 2857/2857/2857
f 2841/2841/2841 2856/2856/2856 2857/2857/2857
f 2843/2843/2843 2842/2842/2842 2858/2858/2858
f 2842/2842/2842 2857/2857/2857 2858/2858/2858
f 2844/2844/2844 2843/2843/2843 2859/2859/2859
f 2843/2843/2843 2858/2858/2858 2859/2859/2859
f 2845/2845/2845 2844/2844/2844 2860/2860/2860
f 2844/2844/2844 2859/2859/2859 2860/2860/2860
f 2846/2846/2846 2845/2845/2845 2861/2861/2861
f 2845/2845/2845 2860/2860/2860 2861/2861/2861
f 2847/2847/2847 2846/2846/2846 2862/2862/2862
f 2846/2846/2846 2861/2861/2861 2862/2862/2862
f 2848/2848/2848 2847/2847/2847 2863/2863/2863
f 2847/2847/2847 2862/2862/2862 2863/2863/2863
f 2849/2849/2849 2848/2848/2848 2864/2864/2864
f 2848/2848/2848 2863/2863/2863 2864/2864/2864
f 2850/2850/2850 2849/2849/2849 2865/2865/2865
f 2849/2849/2849 2864/2864/2864 2865/2865/2865
f 2851/2851/2851 2850/2850/2850 2866/2866/2866
f 2850/2850/2850 2865/2865/2865 2866/2866/2866
f 2852/2852/2852 2851/2851/2851 2867/2867/2867
f 2851/2851/2851 2866/2866/2866 2867/2867/2867
f 2853/2853/2853 2852/2852/2852 2868/2868/2868
f 2852/2852/2852 2867/2867/2867 2868/2868/2868
f 2855/2855/2855 2854/2854/2854 2870/2870/2870
f 2854/2854/2854 2869/2869/2869 2870/2870/2870
f 2856/2856/2856 2855/2855/2855 2871/2871/2871
f 2855/2855/2855 2870/2870/2870 2871/2871/2871
f 2857/2857/2857 2856/2856/2856 2872/2872/2872
f 2856/2856/2856 2871/2871/2871 2872/2872/2872
f 2858/2858/2858 2857/2857/2857 2873/2873/2873
f 2857/2857/2857 2872/2872/2872 2873/2873/2873
f 2859/2859/2859 2858/2858/2858 2874/2874/2874
f 2858/2858/2858 2873/2873/2873 2874/2874/2874
f 2860/2860/2860 2859/2859/2859 2875/2875/2875
f 2859/2859/2859 2874/2874/2874 2875/2875/2875
f 2861/2861/2861 2860/2860/2860 2876/2876/2876
f 2860/2860/2860 2875/2875/2875 2876/2876/2876
f 2862/2862/2862 2861/2861/2861 2877/2877/2877
f 2861/2861/2861 2876/2876/2876 2877/2877/2877
f 2863/2863/2863 2862/2862/2862 2878/2878/2878
f 2862/2862/2862 2877/2877/2877 2878/2878/2878
f 2864/2864/2864 2863/2863/2863 2879/2879/2879
f 2863/2863/2863 2878/2878/2878 2879/2879/2879
f 2865/2865/2865 2864/2864/2864 2880/2880/2880
f 2864/2864/2864 2879/2879/2879 2880/2880/2880
f 2866/2866/2866 2865/2865/2865 2881/2881/2881
f 2865/2865/2865 2880/2880/2880 2881/2881/2881
f 2867/2867/2867 2866/2866/2866 2882/2882/2882
f 2866/2866/2866 2881/2881/2881 2882/2882/2882
f 2868/2868/2868 2867/2867/2867 2883/2883/2883
f 2867/2867/2867 2882/2882/2882 2883/2883/2883
f 2870/2870/2870 2869/2869/2869 2885/2885/2885
f 2871/2871/2871 2870/2870/2870 2886/2886/2886
f 2872/2872/2872 2871/2871/2871 2887/2887/2887
f 2873/2873/2873 2872/2872/2872 2888/2888/2888
f 2874/2874/2874 2873/2873/2873 2889/2889/2889
f 2875/2875/2875 2874/2874/2874 2890/2890/2890
f 2876/2876/2876 2875/2875/2875 2891/2891/2891
f 2877/2877/2877 2876/2876/2876 2892/2892/2892
f 2878/2878/2878 2877/2877/2877 2893/2893/2893
f 2879/2879/2879 2878/2878/2878 2894/2894/2894
f 2880/2880/2880 2879/2879/2879 2895/2895/2895
f 2881/2881/2881 2880/2880/2880 2896/2896/2896
f 2882/2882/2882 2881/2881/2881 2897/2897/2897
f 2883/2883/2883 2882/2882/2882 2898/2898/2898
o watchtower_front_right_slit_0
usemtl dark_granite_trim
v 2.9500000007450584 2.575 2.8874999982118608
v 2.9500000007450584 2.575 2.7275000017881394
v 2.9500000007450584 2.075 2.8874999982118608
v 2.9500000007450584 2.075 2.7275000017881394
v 2.8499999992549423 2.575 2.7275000017881394
v 2.8499999992549423 2.575 2.8874999982118608
v 2.8499999992549423 2.075 2.7275000017881394
v 2.8499999992549423 2.075 2.8874999982118608
v 2.8499999992549423 2.575 2.7275000017881394
v 2.9500000007450584 2.575 2.7275000017881394
v 2.8499999992549423 2.575 2.8874999982118608
v 2.9500000007450584 2.575 2.8874999982118608
v 2.8499999992549423 2.075 2.8874999982118608
v 2.9500000007450584 2.075 2.8874999982118608
v 2.8499999992549423 2.075 2.7275000017881394
v 2.9500000007450584 2.075 2.7275000017881394
v 2.8499999992549423 2.575 2.8874999982118608
v 2.9500000007450584 2.575 2.8874999982118608
v 2.8499999992549423 2.075 2.8874999982118608
v 2.9500000007450584 2.075 2.8874999982118608
v 2.9500000007450584 2.575 2.7275000017881394
v 2.8499999992549423 2.575 2.7275000017881394
v 2.9500000007450584 2.075 2.7275000017881394
v 2.8499999992549423 2.075 2.7275000017881394
vt 0 1
vt 1 1
vt 0 0
vt 1 0
vt 0 1
vt 1 1
vt 0 0
vt 1 0
vt 0 1
vt 1 1
vt 0 0
vt 1 0
vt 0 1
vt 1 1
vt 0 0
vt 1 0
vt 0 1
vt 1 1
vt 0 0
vt 1 0
vt 0 1
vt 1 1
vt 0 0
vt 1 0
vn 1 0 0
vn 1 0 0
vn 1 0 0
vn 1 0 0
vn -1 0 0
vn -1 0 0
vn -1 0 0
vn -1 0 0
vn 0 1 0
vn 0 1 0
vn 0 1 0
vn 0 1 0
vn 0 -1 0
vn 0 -1 0
vn 0 -1 0
vn 0 -1 0
vn 0 0 1
vn 0 0 1
vn 0 0 1
vn 0 0 1
vn 0 0 -1
vn 0 0 -1
vn 0 0 -1
vn 0 0 -1
f 2899/2899/2899 2901/2901/2901 2900/2900/2900
f 2901/2901/2901 2902/2902/2902 2900/2900/2900
f 2903/2903/2903 2905/2905/2905 2904/2904/2904
f 2905/2905/2905 2906/2906/2906 2904/2904/2904
f 2907/2907/2907 2909/2909/2909 2908/2908/2908
f 2909/2909/2909 2910/2910/2910 2908/2908/2908
f 2911/2911/2911 2913/2913/2913 2912/2912/2912
f 2913/2913/2913 2914/2914/2914 2912/2912/2912
f 2915/2915/2915 2917/2917/2917 2916/2916/2916
f 2917/2917/2917 2918/2918/2918 2916/2916/2916
f 2919/2919/2919 2921/2921/2921 2920/2920/2920
f 2921/2921/2921 2922/2922/2922 2920/2920/2920
o watchtower_front_right_slit_1
usemtl dark_granite_trim
v 3.6435975439375863 2.575 1.5129487300596087
v 3.5050334824292246 2.575 1.5929487282714694
v 3.6435975439375863 2.075 1.5129487300596087
v 3.5050334824292246 2.075 1.5929487282714694
v 3.5550334831742827 2.575 1.6795512699403916
v 3.6935975446826443 2.575 1.599551271728531
v 3.5550334831742827 2.075 1.6795512699403916
v 3.6935975446826443 2.075 1.599551271728531
v 3.5550334831742827 2.575 1.6795512699403916
v 3.5050334824292246 2.575 1.5929487282714694
v 3.6935975446826443 2.575 1.599551271728531
v 3.6435975439375863 2.575 1.5129487300596087
v 3.6935975446826443 2.075 1.599551271728531
v 3.6435975439375863 2.075 1.5129487300596087
v 3.5550334831742827 2.075 1.6795512699403916
v 3.5050334824292246 2.075 1.5929487282714694
v 3.6935975446826443 2.575 1.599551271728531
v 3.6435975439375863 2.575 1.5129487300596087
v 3.6935975446826443 2.075 1.599551271728531
v 3.6435975439375863 2.075 1.5129487300596087
v 3.5050334824292246 2.575 1.5929487282714694
v 3.5550334831742827 2.575 1.6795512699403916
v 3.5050334824292246 2.075 1.5929487282714694
v 3.5550334831742827 2.075 1.6795512699403916
vt 0 1
vt 1 1
vt 0 0
vt 1 0
vt 0 1
vt 1 1
vt 0 0
vt 1 0
vt 0 1
vt 1 1
vt 0 0
vt 1 0
vt 0 1
vt 1 1
vt 0 0
vt 1 0
vt 0 1
vt 1 1
vt 0 0
vt 1 0
vt 0 1
vt 1 1
vt 0 0
vt 1 0
vn -0.4999999999999998 0 -0.8660254037844388
vn -0.4999999999999998 0 -0.8660254037844388
vn -0.4999999999999998 0 -0.8660254037844388
vn -0.4999999999999998 0 -0.8660254037844388
vn 0.4999999999999998 0 0.8660254037844388
vn 0.4999999999999998 0 0.8660254037844388
vn 0.4999999999999998 0 0.8660254037844388
vn 0.4999999999999998 0 0.8660254037844388
vn 0 1 0
vn 0 1 0
vn 0 1 0
vn 0 1 0
vn 0 -1 0
vn 0 -1 0
vn 0 -1 0
vn 0 -1 0
vn 0.8660254037844388 0 -0.4999999999999998
vn 0.8660254037844388 0 -0.4999999999999998
vn 0.8660254037844388 0 -0.4999999999999998
vn 0.8660254037844388 0 -0.4999999999999998
vn -0.8660254037844388 0 0.4999999999999998
vn -0.8660254037844388 0 0.4999999999999998
vn -0.8660254037844388 0 0.4999999999999998
vn -0.8660254037844388 0 0.4999999999999998
f 2923/2923/2923 2925/2925/2925 2924/2924/2924
f 2925/2925/2925 2926/2926/2926 2924/2924/2924
f 2927/2927/2927 2929/2929/2929 2928/2928/2928
f 2929/2929/2929 2930/2930/2930 2928/2928/2928
f 2931/2931/2931 2933/2933/2933 2932/2932/2932
f 2933/2933/2933 2934/2934/2934 2932/2932/2932
f 2935/2935/2935 2937/2937/2937 2936/2936/2936
f 2937/2937/2937 2938/2938/2938 2936/2936/2936
f 2939/2939/2939 2941/2941/2941 2940/2940/2940
f 2941/2941/2941 2942/2942/2942 2940/2940/2940
f 2943/2943/2943 2945/2945/2945 2944/2944/2944
f 2945/2945/2945 2946/2946/2946 2944/2944/2944
o watchtower_front_right_slit_2
usemtl dark_granite_trim
v 2.1064024553173564 2.575 1.5995512717285305
v 2.244966516825718 2.575 1.6795512699403912
v 2.1064024553173564 2.075 1.5995512717285305
v 2.244966516825718 2.075 1.6795512699403912
v 2.294966517570776 2.575 1.592948728271469
v 2.1564024560624144 2.575 1.5129487300596083
v 2.294966517570776 2.075 1.592948728271469
v 2.1564024560624144 2.075 1.5129487300596083
v 2.294966517570776 2.575 1.592948728271469
v 2.244966516825718 2.575 1.6795512699403912
v 2.1564024560624144 2.575 1.5129487300596083
v 2.1064024553173564 2.575 1.5995512717285305
v 2.1564024560624144 2.075 1.5129487300596083
v 2.1064024553173564 2.075 1.5995512717285305
v 2.294966517570776 2.075 1.592948728271469
v 2.244966516825718 2.075 1.6795512699403912
v 2.1564024560624144 2.575 1.5129487300596083
v 2.1064024553173564 2.575 1.5995512717285305
v 2.1564024560624144 2.075 1.5129487300596083
v 2.1064024553173564 2.075 1.5995512717285305
v 2.244966516825718 2.575 1.6795512699403912
v 2.294966517570776 2.575 1.592948728271469
v 2.244966516825718 2.075 1.6795512699403912
v 2.294966517570776 2.075 1.592948728271469
vt 0 1
vt 1 1
vt 0 0
vt 1 0
vt 0 1
vt 1 1
vt 0 0
vt 1 0
vt 0 1
vt 1 1
vt 0 0
vt 1 0
vt 0 1
vt 1 1
vt 0 0
vt 1 0
vt 0 1
vt 1 1
vt 0 0
vt 1 0
vt 0 1
vt 1 1
vt 0 0
vt 1 0
vn -0.5000000000000003 0 0.8660254037844386
vn -0.5000000000000003 0 0.8660254037844386
vn -0.5000000000000003 0 0.8660254037844386
vn -0.5000000000000003 0 0.8660254037844386
vn 0.5000000000000003 0 -0.8660254037844386
vn 0.5000000000000003 0 -0.8660254037844386
vn 0.5000000000000003 0 -0.8660254037844386
vn 0.5000000000000003 0 -0.8660254037844386
vn 0 1 0
vn 0 1 0
vn 0 1 0
vn 0 1 0
vn 0 -1 0
vn 0 -1 0
vn 0 -1 0
vn 0 -1 0
vn -0.8660254037844386 0 -0.5000000000000003
vn -0.8660254037844386 0 -0.5000000000000003
vn -0.8660254037844386 0 -0.5000000000000003
vn -0.8660254037844386 0 -0.5000000000000003
vn 0.8660254037844386 0 0.5000000000000003
vn 0.8660254037844386 0 0.5000000000000003
vn 0.8660254037844386 0 0.5000000000000003
vn 0.8660254037844386 0 0.5000000000000003
f 2947/2947/2947 2949/2949/2949 2948/2948/2948
f 2949/2949/2949 2950/2950/2950 2948/2948/2948
f 2951/2951/2951 2953/2953/2953 2952/2952/2952
f 2953/2953/2953 2954/2954/2954 2952/2952/2952
f 2955/2955/2955 2957/2957/2957 2956/2956/2956
f 2957/2957/2957 2958/2958/2958 2956/2956/2956
f 2959/2959/2959 2961/2961/2961 2960/2960/2960
f 2961/2961/2961 2962/2962/2962 2960/2960/2960
f 2963/2963/2963 2965/2965/2965 2964/2964/2964
f 2965/2965/2965 2966/2966/2966 2964/2964/2964
f 2967/2967/2967 2969/2969/2969 2968/2968/2968
f 2969/2969/2969 2970/2970/2970 2968/2968/2968
o watchtower_rear_left_shaft
usemtl weathered_granite
v -2.9000000000000004 4.35 -1.149999976158142
v -2.637335562705994 4.35 -1.1916019320487976
v -2.400382542610169 4.35 -1.3123355507850647
v -2.212335550785065 4.35 -1.5003825426101685
v -2.091601932048798 4.35 -1.7373355627059937
v -2.0499999761581424 4.35 -2
v -2.091601932048798 4.35 -2.2626644372940063
v -2.212335550785065 4.35 -2.4996174573898315
v -2.400382542610169 4.35 -2.6876644492149353
v -2.637335562705994 4.35 -2.8083980679512024
v -2.9000000000000004 4.35 -2.850000023841858
v -3.1626644372940067 4.35 -2.8083980679512024
v -3.399617457389832 4.35 -2.6876644492149353
v -3.5876644492149357 4.35 -2.4996174573898315
v -3.7083980679512027 4.35 -2.2626644372940063
v -3.7500000238418583 4.35 -2
v -3.7083980679512027 4.35 -1.7373355627059937
v -3.5876644492149357 4.35 -1.5003825426101685
v -3.399617457389832 4.35 -1.3123355507850647
v -3.1626644372940067 4.35 -1.1916019320487976
v -2.9000000000000004 4.35 -1.149999976158142
v -2.9000000000000004 -0.1499999999999999 -1.0479999780654907
v -2.605815821886063 -0.1499999999999999 -1.0945941805839539
v -2.34042843580246 -0.1499999999999999 -1.2298158407211304
v -2.1298158407211307 -0.1499999999999999 -1.4404284358024597
v -1.9945941805839542 -0.1499999999999999 -1.7058158218860626
v -1.947999978065491 -0.1499999999999999 -2
v -1.9945941805839542 -0.1499999999999999 -2.2941841781139374
v -2.1298158407211307 -0.1499999999999999 -2.5595715641975403
v -2.34042843580246 -0.1499999999999999 -2.7701841592788696
v -2.605815821886063 -0.1499999999999999 -2.905405819416046
v -2.9000000000000004 -0.1499999999999999 -2.9520000219345093
v -3.1941841781139377 -0.1499999999999999 -2.905405819416046
v -3.4595715641975406 -0.1499999999999999 -2.7701841592788696
v -3.67018415927887 -0.1499999999999999 -2.5595715641975403
v -3.8054058194160465 -0.1499999999999999 -2.2941841781139374
v -3.8520000219345096 -0.1499999999999999 -2
v -3.8054058194160465 -0.1499999999999999 -1.7058158218860626
v -3.67018415927887 -0.1499999999999999 -1.4404284358024597
v -3.4595715641975406 -0.1499999999999999 -1.2298158407211304
v -3.1941841781139377 -0.1499999999999999 -1.0945941805839539
v -2.900000000000001 -0.1499999999999999 -1.0479999780654907
v -2.9000000000000004 4.35 -2
v -2.9000000000000004 4.35 -2
v -2.9000000000000004 4.35 -2
v -2.9000000000000004 4.35 -2
v -2.9000000000000004 4.35 -2
v -2.9000000000000004 4.35 -2
v -2.9000000000000004 4.35 -2
v -2.9000000000000004 4.35 -2
v -2.9000000000000004 4.35 -2
v -2.9000000000000004 4.35 -2
v -2.9000000000000004 4.35 -2
v -2.9000000000000004 4.35 -2
v -2.9000000000000004 4.35 -2
v -2.9000000000000004 4.35 -2
v -2.9000000000000004 4.35 -2
v -2.9000000000000004 4.35 -2
v -2.9000000000000004 4.35 -2
v -2.9000000000000004 4.35 -2
v -2.9000000000000004 4.35 -2
v -2.9000000000000004 4.35 -2
v -2.9000000000000004 4.35 -1.149999976158142
v -2.637335562705994 4.35 -1.1916019320487976
v -2.400382542610169 4.35 -1.3123355507850647
v -2.212335550785065 4.35 -1.5003825426101685
v -2.091601932048798 4.35 -1.7373355627059937
v -2.0499999761581424 4.35 -2
v -2.091601932048798 4.35 -2.2626644372940063
v -2.212335550785065 4.35 -2.4996174573898315
v -2.400382542610169 4.35 -2.6876644492149353
v -2.637335562705994 4.35 -2.8083980679512024
v -2.9000000000000004 4.35 -2.850000023841858
v -3.1626644372940067 4.35 -2.8083980679512024
v -3.399617457389832 4.35 -2.6876644492149353
v -3.5876644492149357 4.35 -2.4996174573898315
v -3.7083980679512027 4.35 -2.2626644372940063
v -3.7500000238418583 4.35 -2
v -3.7083980679512027 4.35 -1.7373355627059937
v -3.5876644492149357 4.35 -1.5003825426101685
v -3.399617457389832 4.35 -1.3123355507850647
v -3.1626644372940067 4.35 -1.1916019320487976
v -2.9000000000000004 4.35 -1.149999976158142
v -2.9000000000000004 -0.1499999999999999 -2
v -2.9000000000000004 -0.1499999999999999 -2
v -2.9000000000000004 -0.1499999999999999 -2
v -2.9000000000000004 -0.1499999999999999 -2
v -2.9000000000000004 -0.1499999999999999 -2
v -2.9000000000000004 -0.1499999999999999 -2
v -2.9000000000000004 -0.1499999999999999 -2
v -2.9000000000000004 -0.1499999999999999 -2
v -2.9000000000000004 -0.1499999999999999 -2
v -2.9000000000000004 -0.1499999999999999 -2
v -2.9000000000000004 -0.1499999999999999 -2
v -2.9000000000000004 -0.1499999999999999 -2
v -2.9000000000000004 -0.1499999999999999 -2
v -2.9000000000000004 -0.1499999999999999 -2
v -2.9000000000000004 -0.1499999999999999 -2
v -2.9000000000000004 -0.1499999999999999 -2
v -2.9000000000000004 -0.1499999999999999 -2
v -2.9000000000000004 -0.1499999999999999 -2
v -2.9000000000000004 -0.1499999999999999 -2
v -2.9000000000000004 -0.1499999999999999 -2
v -2.9000000000000004 -0.1499999999999999 -1.0479999780654907
v -2.605815821886063 -0.1499999999999999 -1.0945941805839539
v -2.34042843580246 -0.1499999999999999 -1.2298158407211304
v -2.1298158407211307 -0.1499999999999999 -1.4404284358024597
v -1.9945941805839542 -0.1499999999999999 -1.7058158218860626
v -1.947999978065491 -0.1499999999999999 -2
v -1.9945941805839542 -0.1499999999999999 -2.2941841781139374
v -2.1298158407211307 -0.1499999999999999 -2.5595715641975403
v -2.34042843580246 -0.1499999999999999 -2.7701841592788696
v -2.605815821886063 -0.1499999999999999 -2.905405819416046
v -2.9000000000000004 -0.1499999999999999 -2.9520000219345093
v -3.1941841781139377 -0.1499999999999999 -2.905405819416046
v -3.4595715641975406 -0.1499999999999999 -2.7701841592788696
v -3.67018415927887 -0.1499999999999999 -2.5595715641975403
v -3.8054058194160465 -0.1499999999999999 -2.2941841781139374
v -3.8520000219345096 -0.1499999999999999 -2
v -3.8054058194160465 -0.1499999999999999 -1.7058158218860626
v -3.67018415927887 -0.1499999999999999 -1.4404284358024597
v -3.4595715641975406 -0.1499999999999999 -1.2298158407211304
v -3.1941841781139377 -0.1499999999999999 -1.0945941805839539
v -2.900000000000001 -0.1499999999999999 -1.0479999780654907
vt 0 1
vt 0.05000000074505806 1
vt 0.10000000149011612 1
vt 0.15000000596046448 1
vt 0.20000000298023224 1
vt 0.25 1
vt 0.30000001192092896 1
vt 0.3499999940395355 1
vt 0.4000000059604645 1
vt 0.44999998807907104 1
vt 0.5 1
vt 0.550000011920929 1
vt 0.6000000238418579 1
vt 0.6499999761581421 1
vt 0.699999988079071 1
vt 0.75 1
vt 0.800000011920929 1
vt 0.8500000238418579 1
vt 0.8999999761581421 1
vt 0.949999988079071 1
vt 1 1
vt 0 0
vt 0.05000000074505806 0
vt 0.10000000149011612 0
vt 0.15000000596046448 0
vt 0.20000000298023224 0
vt 0.25 0
vt 0.30000001192092896 0
vt 0.3499999940395355 0
vt 0.4000000059604645 0
vt 0.44999998807907104 0
vt 0.5 0
vt 0.550000011920929 0
vt 0.6000000238418579 0
vt 0.6499999761581421 0
vt 0.699999988079071 0
vt 0.75 0
vt 0.800000011920929 0
vt 0.8500000238418579 0
vt 0.8999999761581421 0
vt 0.949999988079071 0
vt 1 0
vt 0.5 0.5
vt 0.5 0.5
vt 0.5 0.5
vt 0.5 0.5
vt 0.5 0.5
vt 0.5 0.5
vt 0.5 0.5
vt 0.5 0.5
vt 0.5 0.5
vt 0.5 0.5
vt 0.5 0.5
vt 0.5 0.5
vt 0.5 0.5
vt 0.5 0.5
vt 0.5 0.5
vt 0.5 0.5
vt 0.5 0.5
vt 0.5 0.5
vt 0.5 0.5
vt 0.5 0.5
vt 1 0.5
vt 0.9755282402038574 0.6545084714889526
vt 0.9045084714889526 0.7938926219940186
vt 0.7938926219940186 0.9045084714889526
vt 0.6545084714889526 0.9755282402038574
vt 0.5 1
vt 0.345491498708725 0.9755282402038574
vt 0.20610737800598145 0.9045084714889526
vt 0.09549150615930557 0.7938926219940186
vt 0.024471741169691086 0.6545084714889526
vt 0 0.5
vt 0.024471741169691086 0.345491498708725
vt 0.09549150615930557 0.20610737800598145
vt 0.20610737800598145 0.09549150615930557
vt 0.345491498708725 0.024471741169691086
vt 0.5 0
vt 0.6545084714889526 0.024471741169691086
vt 0.7938926219940186 0.09549150615930557
vt 0.9045084714889526 0.20610737800598145
vt 0.9755282402038574 0.345491498708725
vt 1 0.5
vt 0.5 0.5
vt 0.5 0.5
vt 0.5 0.5
vt 0.5 0.5
vt 0.5 0.5
vt 0.5 0.5
vt 0.5 0.5
vt 0.5 0.5
vt 0.5 0.5
vt 0.5 0.5
vt 0.5 0.5
vt 0.5 0.5
vt 0.5 0.5
vt 0.5 0.5
vt 0.5 0.5
vt 0.5 0.5
vt 0.5 0.5
vt 0.5 0.5
vt 0.5 0.5
vt 0.5 0.5
vt 1 0.5
vt 0.9755282402038574 0.345491498708725
vt 0.9045084714889526 0.20610737800598145
vt 0.7938926219940186 0.09549150615930557
vt 0.6545084714889526 0.024471741169691086
vt 0.5 0
vt 0.345491498708725 0.024471741169691086
vt 0.20610737800598145 0.09549150615930557
vt 0.09549150615930557 0.20610737800598145
vt 0.024471741169691086 0.345491498708725
vt 0 0.5
vt 0.024471741169691086 0.6545084714889526
vt 0.09549150615930557 0.7938926219940186
vt 0.20610737800598145 0.9045084714889526
vt 0.345491498708725 0.9755282402038574
vt 0.5 1
vt 0.6545084714889526 0.9755282402038574
vt 0.7938926219940186 0.9045084714889526
vt 0.9045084714889526 0.7938926219940186
vt 0.9755282402038574 0.6545084714889526
vt 1 0.5
vn 0 0.022660845593201473 0.999743210067966
vn 0.30893764349870034 0.0226608462207692 0.950812294029704
vn 0.5876343339820472 0.022660846235955264 0.8088092331157863
vn 0.8088092331157863 0.022660846235955264 0.5876343339820472
vn 0.950812294029704 0.0226608462207692 0.30893764349870034
vn 0.999743210067966 0.022660845593201473 6.121661215921845e-17
vn 0.950812294029704 0.0226608462207692 -0.30893764349870034
vn 0.8088092331157863 0.022660846235955264 -0.5876343339820472
vn 0.5876343339820472 0.022660846235955264 -0.8088092331157863
vn 0.30893764349870034 0.0226608462207692 -0.950812294029704
vn 1.224332243184369e-16 0.022660845593201473 -0.999743210067966
vn -0.30893764349870034 0.0226608462207692 -0.950812294029704
vn -0.5876343339820472 0.022660846235955264 -0.8088092331157863
vn -0.8088092331157863 0.022660846235955264 -0.5876343339820472
vn -0.950812294029704 0.0226608462207692 -0.30893764349870034
vn -0.999743210067966 0.022660845593201473 -1.8364984309510017e-16
vn -0.950812294029704 0.0226608462207692 0.30893764349870034
vn -0.8088092331157863 0.022660846235955264 0.5876343339820472
vn -0.5876343339820472 0.022660846235955264 0.8088092331157863
vn -0.30893764349870034 0.0226608462207692 0.950812294029704
vn -2.448664486368738e-16 0.022660845593201473 0.999743210067966
vn 0 0.022660845593201473 0.999743210067966
vn 0.30893764349870034 0.0226608462207692 0.950812294029704
vn 0.5876343339820472 0.022660846235955264 0.8088092331157863
vn 0.8088092331157863 0.022660846235955264 0.5876343339820472
vn 0.950812294029704 0.0226608462207692 0.30893764349870034
vn 0.999743210067966 0.022660845593201473 6.121661215921845e-17
vn 0.950812294029704 0.0226608462207692 -0.30893764349870034
vn 0.8088092331157863 0.022660846235955264 -0.5876343339820472
vn 0.5876343339820472 0.022660846235955264 -0.8088092331157863
vn 0.30893764349870034 0.0226608462207692 -0.950812294029704
vn 1.224332243184369e-16 0.022660845593201473 -0.999743210067966
vn -0.30893764349870034 0.0226608462207692 -0.950812294029704
vn -0.5876343339820472 0.022660846235955264 -0.8088092331157863
vn -0.8088092331157863 0.022660846235955264 -0.5876343339820472
vn -0.950812294029704 0.0226608462207692 -0.30893764349870034
vn -0.999743210067966 0.022660845593201473 -1.8364984309510017e-16
vn -0.950812294029704 0.0226608462207692 0.30893764349870034
vn -0.8088092331157863 0.022660846235955264 0.5876343339820472
vn -0.5876343339820472 0.022660846235955264 0.8088092331157863
vn -0.30893764349870034 0.0226608462207692 0.950812294029704
vn -2.448664486368738e-16 0.022660845593201473 0.999743210067966
vn 0 1 0
vn 0 1 0
vn 0 1 0
vn 0 1 0
vn 0 1 0
vn 0 1 0
vn 0 1 0
vn 0 1 0
vn 0 1 0
vn 0 1 0
vn 0 1 0
vn 0 1 0
vn 0 1 0
vn 0 1 0
vn 0 1 0
vn 0 1 0
vn 0 1 0
vn 0 1 0
vn 0 1 0
vn 0 1 0
vn 0 1 0
vn 0 1 0
vn 0 1 0
vn 0 1 0
vn 0 1 0
vn 0 1 0
vn 0 1 0
vn 0 1 0
vn 0 1 0
vn 0 1 0
vn 0 1 0
vn 0 1 0
vn 0 1 0
vn 0 1 0
vn 0 1 0
vn 0 1 0
vn 0 1 0
vn 0 1 0
vn 0 1 0
vn 0 1 0
vn 0 1 0
vn 0 -1 0
vn 0 -1 0
vn 0 -1 0
vn 0 -1 0
vn 0 -1 0
vn 0 -1 0
vn 0 -1 0
vn 0 -1 0
vn 0 -1 0
vn 0 -1 0
vn 0 -1 0
vn 0 -1 0
vn 0 -1 0
vn 0 -1 0
vn 0 -1 0
vn 0 -1 0
vn 0 -1 0
vn 0 -1 0
vn 0 -1 0
vn 0 -1 0
vn 0 -1 0
vn 0 -1 0
vn 0 -1 0
vn 0 -1 0
vn 0 -1 0
vn 0 -1 0
vn 0 -1 0
vn 0 -1 0
vn 0 -1 0
vn 0 -1 0
vn 0 -1 0
vn 0 -1 0
vn 0 -1 0
vn 0 -1 0
vn 0 -1 0
vn 0 -1 0
vn 0 -1 0
vn 0 -1 0
vn 0 -1 0
vn 0 -1 0
vn 0 -1 0
f 2971/2971/2971 2992/2992/2992 2972/2972/2972
f 2992/2992/2992 2993/2993/2993 2972/2972/2972
f 2972/2972/2972 2993/2993/2993 2973/2973/2973
f 2993/2993/2993 2994/2994/2994 2973/2973/2973
f 2973/2973/2973 2994/2994/2994 2974/2974/2974
f 2994/2994/2994 2995/2995/2995 2974/2974/2974
f 2974/2974/2974 2995/2995/2995 2975/2975/2975
f 2995/2995/2995 2996/2996/2996 2975/2975/2975
f 2975/2975/2975 2996/2996/2996 2976/2976/2976
f 2996/2996/2996 2997/2997/2997 2976/2976/2976
f 2976/2976/2976 2997/2997/2997 2977/2977/2977
f 2997/2997/2997 2998/2998/2998 2977/2977/2977
f 2977/2977/2977 2998/2998/2998 2978/2978/2978
f 2998/2998/2998 2999/2999/2999 2978/2978/2978
f 2978/2978/2978 2999/2999/2999 2979/2979/2979
f 2999/2999/2999 3000/3000/3000 2979/2979/2979
f 2979/2979/2979 3000/3000/3000 2980/2980/2980
f 3000/3000/3000 3001/3001/3001 2980/2980/2980
f 2980/2980/2980 3001/3001/3001 2981/2981/2981
f 3001/3001/3001 3002/3002/3002 2981/2981/2981
f 2981/2981/2981 3002/3002/3002 2982/2982/2982
f 3002/3002/3002 3003/3003/3003 2982/2982/2982
f 2982/2982/2982 3003/3003/3003 2983/2983/2983
f 3003/3003/3003 3004/3004/3004 2983/2983/2983
f 2983/2983/2983 3004/3004/3004 2984/2984/2984
f 3004/3004/3004 3005/3005/3005 2984/2984/2984
f 2984/2984/2984 3005/3005/3005 2985/2985/2985
f 3005/3005/3005 3006/3006/3006 2985/2985/2985
f 2985/2985/2985 3006/3006/3006 2986/2986/2986
f 3006/3006/3006 3007/3007/3007 2986/2986/2986
f 2986/2986/2986 3007/3007/3007 2987/2987/2987
f 3007/3007/3007 3008/3008/3008 2987/2987/2987
f 2987/2987/2987 3008/3008/3008 2988/2988/2988
f 3008/3008/3008 3009/3009/3009 2988/2988/2988
f 2988/2988/2988 3009/3009/3009 2989/2989/2989
f 3009/3009/3009 3010/3010/3010 2989/2989/2989
f 2989/2989/2989 3010/3010/3010 2990/2990/2990
f 3010/3010/3010 3011/3011/3011 2990/2990/2990
f 2990/2990/2990 3011/3011/3011 2991/2991/2991
f 3011/3011/3011 3012/3012/3012 2991/2991/2991
f 3033/3033/3033 3034/3034/3034 3013/3013/3013
f 3034/3034/3034 3035/3035/3035 3014/3014/3014
f 3035/3035/3035 3036/3036/3036 3015/3015/3015
f 3036/3036/3036 3037/3037/3037 3016/3016/3016
f 3037/3037/3037 3038/3038/3038 3017/3017/3017
f 3038/3038/3038 3039/3039/3039 3018/3018/3018
f 3039/3039/3039 3040/3040/3040 3019/3019/3019
f 3040/3040/3040 3041/3041/3041 3020/3020/3020
f 3041/3041/3041 3042/3042/3042 3021/3021/3021
f 3042/3042/3042 3043/3043/3043 3022/3022/3022
f 3043/3043/3043 3044/3044/3044 3023/3023/3023
f 3044/3044/3044 3045/3045/3045 3024/3024/3024
f 3045/3045/3045 3046/3046/3046 3025/3025/3025
f 3046/3046/3046 3047/3047/3047 3026/3026/3026
f 3047/3047/3047 3048/3048/3048 3027/3027/3027
f 3048/3048/3048 3049/3049/3049 3028/3028/3028
f 3049/3049/3049 3050/3050/3050 3029/3029/3029
f 3050/3050/3050 3051/3051/3051 3030/3030/3030
f 3051/3051/3051 3052/3052/3052 3031/3031/3031
f 3052/3052/3052 3053/3053/3053 3032/3032/3032
f 3075/3075/3075 3074/3074/3074 3054/3054/3054
f 3076/3076/3076 3075/3075/3075 3055/3055/3055
f 3077/3077/3077 3076/3076/3076 3056/3056/3056
f 3078/3078/3078 3077/3077/3077 3057/3057/3057
f 3079/3079/3079 3078/3078/3078 3058/3058/3058
f 3080/3080/3080 3079/3079/3079 3059/3059/3059
f 3081/3081/3081 3080/3080/3080 3060/3060/3060
f 3082/3082/3082 3081/3081/3081 3061/3061/3061
f 3083/3083/3083 3082/3082/3082 3062/3062/3062
f 3084/3084/3084 3083/3083/3083 3063/3063/3063
f 3085/3085/3085 3084/3084/3084 3064/3064/3064
f 3086/3086/3086 3085/3085/3085 3065/3065/3065
f 3087/3087/3087 3086/3086/3086 3066/3066/3066
f 3088/3088/3088 3087/3087/3087 3067/3067/3067
f 3089/3089/3089 3088/3088/3088 3068/3068/3068
f 3090/3090/3090 3089/3089/3089 3069/3069/3069
f 3091/3091/3091 3090/3090/3090 3070/3070/3070
f 3092/3092/3092 3091/3091/3091 3071/3071/3071
f 3093/3093/3093 3092/3092/3092 3072/3072/3072
f 3094/3094/3094 3093/3093/3093 3073/3073/3073
o watchtower_rear_left_cap_step1
usemtl dark_granite_trim
v -2.9000000000000004 4.5699999994039535 -1.0820000171661377
v -2.616322392225266 4.5699999994039535 -1.1269301176071167
v -2.3604131579399112 4.5699999994039535 -1.257322371006012
v -2.1573223710060123 4.5699999994039535 -1.4604131579399109
v -2.026930117607117 4.5699999994039535 -1.7163223922252655
v -1.982000017166138 4.5699999994039535 -2
v -2.026930117607117 4.5699999994039535 -2.2836776077747345
v -2.1573223710060123 4.5699999994039535 -2.539586842060089
v -2.3604131579399112 4.5699999994039535 -2.742677628993988
v -2.616322392225266 4.5699999994039535 -2.8730698823928833
v -2.9000000000000004 4.5699999994039535 -2.9179999828338623
v -3.183677607774735 4.5699999994039535 -2.8730698823928833
v -3.4395868420600895 4.5699999994039535 -2.742677628993988
v -3.6426776289939884 4.5699999994039535 -2.539586842060089
v -3.7730698823928837 4.5699999994039535 -2.2836776077747345
v -3.8179999828338627 4.5699999994039535 -2
v -3.7730698823928837 4.5699999994039535 -1.7163223922252655
v -3.6426776289939884 4.5699999994039535 -1.4604131579399109
v -3.4395868420600895 4.5699999994039535 -1.257322371006012
v -3.183677607774735 4.5699999994039535 -1.1269301176071167
v -2.900000000000001 4.5699999994039535 -1.0820000171661377
v -2.9000000000000004 4.350000000596046 -1.0649999976158142
v -2.6110691070556644 4.350000000596046 -1.1107621788978577
v -2.3504207968711857 4.350000000596046 -1.2435691356658936
v -2.143569135665894 4.350000000596046 -1.4504207968711853
v -2.010762178897858 4.350000000596046 -1.711069107055664
v -1.9649999976158146 4.350000000596046 -2
v -2.010762178897858 4.350000000596046 -2.288930892944336
v -2.143569135665894 4.350000000596046 -2.5495792031288147
v -2.3504207968711857 4.350000000596046 -2.7564308643341064
v -2.6110691070556644 4.350000000596046 -2.8892378211021423
v -2.9000000000000004 4.350000000596046 -2.935000002384186
v -3.1889308929443363 4.350000000596046 -2.8892378211021423
v -3.449579203128815 4.350000000596046 -2.7564308643341064
v -3.656430864334107 4.350000000596046 -2.5495792031288147
v -3.7892378211021427 4.350000000596046 -2.288930892944336
v -3.835000002384186 4.350000000596046 -2
v -3.7892378211021427 4.350000000596046 -1.711069107055664
v -3.656430864334107 4.350000000596046 -1.4504207968711853
v -3.449579203128815 4.350000000596046 -1.2435691356658936
v -3.1889308929443363 4.350000000596046 -1.1107621788978577
v -2.900000000000001 4.350000000596046 -1.0649999976158142
v -2.9000000000000004 4.5699999994039535 -2
v -2.9000000000000004 4.5699999994039535 -2
v -2.9000000000000004 4.5699999994039535 -2
v -2.9000000000000004 4.5699999994039535 -2
v -2.9000000000000004 4.5699999994039535 -2
v -2.9000000000000004 4.5699999994039535 -2
v -2.9000000000000004 4.5699999994039535 -2
v -2.9000000000000004 4.5699999994039535 -2
v -2.9000000000000004 4.5699999994039535 -2
v -2.9000000000000004 4.5699999994039535 -2
v -2.9000000000000004 4.5699999994039535 -2
v -2.9000000000000004 4.5699999994039535 -2
v -2.9000000000000004 4.5699999994039535 -2
v -2.9000000000000004 4.5699999994039535 -2
v -2.9000000000000004 4.5699999994039535 -2
v -2.9000000000000004 4.5699999994039535 -2
v -2.9000000000000004 4.5699999994039535 -2
v -2.9000000000000004 4.5699999994039535 -2
v -2.9000000000000004 4.5699999994039535 -2
v -2.9000000000000004 4.5699999994039535 -2
v -2.9000000000000004 4.5699999994039535 -1.0820000171661377
v -2.616322392225266 4.5699999994039535 -1.1269301176071167
v -2.3604131579399112 4.5699999994039535 -1.257322371006012
v -2.1573223710060123 4.5699999994039535 -1.4604131579399109
v -2.026930117607117 4.5699999994039535 -1.7163223922252655
v -1.982000017166138 4.5699999994039535 -2
v -2.026930117607117 4.5699999994039535 -2.2836776077747345
v -2.1573223710060123 4.5699999994039535 -2.539586842060089
v -2.3604131579399112 4.5699999994039535 -2.742677628993988
v -2.616322392225266 4.5699999994039535 -2.8730698823928833
v -2.9000000000000004 4.5699999994039535 -2.9179999828338623
v -3.183677607774735 4.5699999994039535 -2.8730698823928833
v -3.4395868420600895 4.5699999994039535 -2.742677628993988
v -3.6426776289939884 4.5699999994039535 -2.539586842060089
v -3.7730698823928837 4.5699999994039535 -2.2836776077747345
v -3.8179999828338627 4.5699999994039535 -2
v -3.7730698823928837 4.5699999994039535 -1.7163223922252655
v -3.6426776289939884 4.5699999994039535 -1.4604131579399109
v -3.4395868420600895 4.5699999994039535 -1.257322371006012
v -3.183677607774735 4.5699999994039535 -1.1269301176071167
v -2.900000000000001 4.5699999994039535 -1.0820000171661377
v -2.9000000000000004 4.350000000596046 -2
v -2.9000000000000004 4.350000000596046 -2
v -2.9000000000000004 4.350000000596046 -2
v -2.9000000000000004 4.350000000596046 -2
v -2.9000000000000004 4.350000000596046 -2
v -2.9000000000000004 4.350000000596046 -2
v -2.9000000000000004 4.350000000596046 -2
v -2.9000000000000004 4.350000000596046 -2
v -2.9000000000000004 4.350000000596046 -2
v -2.9000000000000004 4.350000000596046 -2
v -2.9000000000000004 4.350000000596046 -2
v -2.9000000000000004 4.350000000596046 -2
v -2.9000000000000004 4.350000000596046 -2
v -2.9000000000000004 4.350000000596046 -2
v -2.9000000000000004 4.350000000596046 -2
v -2.9000000000000004 4.350000000596046 -2
v -2.9000000000000004 4.350000000596046 -2
v -2.9000000000000004 4.350000000596046 -2
v -2.9000000000000004 4.350000000596046 -2
v -2.9000000000000004 4.350000000596046 -2
v -2.9000000000000004 4.350000000596046 -1.0649999976158142
v -2.6110691070556644 4.350000000596046 -1.1107621788978577
v -2.3504207968711857 4.350000000596046 -1.2435691356658936
v -2.143569135665894 4.350000000596046 -1.4504207968711853
v -2.010762178897858 4.350000000596046 -1.711069107055664
v -1.9649999976158146 4.350000000596046 -2
v -2.010762178897858 4.350000000596046 -2.288930892944336
v -2.143569135665894 4.350000000596046 -2.5495792031288147
v -2.3504207968711857 4.350000000596046 -2.7564308643341064
v -2.6110691070556644 4.350000000596046 -2.8892378211021423
v -2.9000000000000004 4.350000000596046 -2.935000002384186
v -3.1889308929443363 4.350000000596046 -2.8892378211021423
v -3.449579203128815 4.350000000596046 -2.7564308643341064
v -3.656430864334107 4.350000000596046 -2.5495792031288147
v -3.7892378211021427 4.350000000596046 -2.288930892944336
v -3.835000002384186 4.350000000596046 -2
v -3.7892378211021427 4.350000000596046 -1.711069107055664
v -3.656430864334107 4.350000000596046 -1.4504207968711853
v -3.449579203128815 4.350000000596046 -1.2435691356658936
v -3.1889308929443363 4.350000000596046 -1.1107621788978577
v -2.900000000000001 4.350000000596046 -1.0649999976158142
vt 0 1
vt 0.05000000074505806 1
vt 0.10000000149011612 1
vt 0.15000000596046448 1
vt 0.20000000298023224 1
vt 0.25 1
vt 0.30000001192092896 1
vt 0.3499999940395355 1
vt 0.4000000059604645 1
vt 0.44999998807907104 1
vt 0.5 1
vt 0.550000011920929 1
vt 0.6000000238418579 1
vt 0.6499999761581421 1
vt 0.699999988079071 1
vt 0.75 1
vt 0.800000011920929 1
vt 0.8500000238418579 1
vt 0.8999999761581421 1
vt 0.949999988079071 1
vt 1 1
vt 0 0
vt 0.05000000074505806 0
vt 0.10000000149011612 0
vt 0.15000000596046448 0
vt 0.20000000298023224 0
vt 0.25 0
vt 0.30000001192092896 0
vt 0.3499999940395355 0
vt 0.4000000059604645 0
vt 0.44999998807907104 0
vt 0.5 0
vt 0.550000011920929 0
vt 0.6000000238418579 0
vt 0.6499999761581421 0
vt 0.699999988079071 0
vt 0.75 0
vt 0.800000011920929 0
vt 0.8500000238418579 0
vt 0.8999999761581421 0
vt 0.949999988079071 0
vt 1 0
vt 0.5 0.5
vt 0.5 0.5
vt 0.5 0.5
vt 0.5 0.5
vt 0.5 0.5
vt 0.5 0.5
vt 0.5 0.5
vt 0.5 0.5
vt 0.5 0.5
vt 0.5 0.5
vt 0.5 0.5
vt 0.5 0.5
vt 0.5 0.5
vt 0.5 0.5
vt 0.5 0.5
vt 0.5 0.5
vt 0.5 0.5
vt 0.5 0.5
vt 0.5 0.5
vt 0.5 0.5
vt 1 0.5
vt 0.9755282402038574 0.6545084714889526
vt 0.9045084714889526 0.7938926219940186
vt 0.7938926219940186 0.9045084714889526
vt 0.6545084714889526 0.9755282402038574
vt 0.5 1
vt 0.345491498708725 0.9755282402038574
vt 0.20610737800598145 0.9045084714889526
vt 0.09549150615930557 0.7938926219940186
vt 0.024471741169691086 0.6545084714889526
vt 0 0.5
vt 0.024471741169691086 0.345491498708725
vt 0.09549150615930557 0.20610737800598145
vt 0.20610737800598145 0.09549150615930557
vt 0.345491498708725 0.024471741169691086
vt 0.5 0
vt 0.6545084714889526 0.024471741169691086
vt 0.7938926219940186 0.09549150615930557
vt 0.9045084714889526 0.20610737800598145
vt 0.9755282402038574 0.345491498708725
vt 1 0.5
vt 0.5 0.5
vt 0.5 0.5
vt 0.5 0.5
vt 0.5 0.5
vt 0.5 0.5
vt 0.5 0.5
vt 0.5 0.5
vt 0.5 0.5
vt 0.5 0.5
vt 0.5 0.5
vt 0.5 0.5
vt 0.5 0.5
vt 0.5 0.5
vt 0.5 0.5
vt 0.5 0.5
vt 0.5 0.5
vt 0.5 0.5
vt 0.5 0.5
vt 0.5 0.5
vt 0.5 0.5
vt 1 0.5
vt 0.9755282402038574 0.345491498708725
vt 0.9045084714889526 0.20610737800598145
vt 0.7938926219940186 0.09549150615930557
vt 0.6545084714889526 0.024471741169691086
vt 0.5 0
vt 0.345491498708725 0.024471741169691086
vt 0.20610737800598145 0.09549150615930557
vt 0.09549150615930557 0.20610737800598145
vt 0.024471741169691086 0.345491498708725
vt 0 0.5
vt 0.024471741169691086 0.6545084714889526
vt 0.09549150615930557 0.7938926219940186
vt 0.20610737800598145 0.9045084714889526
vt 0.345491498708725 0.9755282402038574
vt 0.5 1
vt 0.6545084714889526 0.9755282402038574
vt 0.7938926219940186 0.9045084714889526
vt 0.9045084714889526 0.7938926219940186
vt 0.9755282402038574 0.6545084714889526
vt 1 0.5
vn 0 0.07704305739861264 0.9970277665675485
vn 0.308098531796034 0.07704305823524255 0.9482297516334789
vn 0.5860382150877073 0.07704305428443878 0.8066124089321581
vn 0.8066124089321581 0.07704305428443878 0.5860382150877073
vn 0.9482297516334789 0.07704305823524255 0.308098531796034
vn 0.9970277665675485 0.07704305739861264 6.105034376371892e-17
vn 0.9482297516334789 0.07704305823524255 -0.308098531796034
vn 0.8066124089321581 0.07704305428443878 -0.5860382150877073
vn 0.5860382150877073 0.07704305428443878 -0.8066124089321581
vn 0.308098531796034 0.07704305823524255 -0.9482297516334789
vn 1.2210068752743784e-16 0.07704305739861264 -0.9970277665675485
vn -0.308098531796034 0.07704305823524255 -0.9482297516334789
vn -0.5860382150877073 0.07704305428443878 -0.8066124089321581
vn -0.8066124089321581 0.07704305428443878 -0.5860382150877073
vn -0.9482297516334789 0.07704305823524255 -0.308098531796034
vn -0.9970277665675485 0.07704305739861264 -1.8315103790860174e-16
vn -0.9482297516334789 0.07704305823524255 0.308098531796034
vn -0.8066124089321581 0.07704305428443878 0.5860382150877073
vn -0.5860382150877073 0.07704305428443878 0.8066124089321581
vn -0.308098531796034 0.07704305823524255 0.9482297516334789
vn -2.442013750548757e-16 0.07704305739861264 0.9970277665675485
vn 0 0.07704305739861264 0.9970277665675485
vn 0.308098531796034 0.07704305823524255 0.9482297516334789
vn 0.5860382150877073 0.07704305428443878 0.8066124089321581
vn 0.8066124089321581 0.07704305428443878 0.5860382150877073
vn 0.9482297516334789 0.07704305823524255 0.308098531796034
vn 0.9970277665675485 0.07704305739861264 6.105034376371892e-17
vn 0.9482297516334789 0.07704305823524255 -0.308098531796034
vn 0.8066124089321581 0.07704305428443878 -0.5860382150877073
vn 0.5860382150877073 0.07704305428443878 -0.8066124089321581
vn 0.308098531796034 0.07704305823524255 -0.9482297516334789
vn 1.2210068752743784e-16 0.07704305739861264 -0.9970277665675485
vn -0.308098531796034 0.07704305823524255 -0.9482297516334789
vn -0.5860382150877073 0.07704305428443878 -0.8066124089321581
vn -0.8066124089321581 0.07704305428443878 -0.5860382150877073
vn -0.9482297516334789 0.07704305823524255 -0.308098531796034
vn -0.9970277665675485 0.07704305739861264 -1.8315103790860174e-16
vn -0.9482297516334789 0.07704305823524255 0.308098531796034
vn -0.8066124089321581 0.07704305428443878 0.5860382150877073
vn -0.5860382150877073 0.07704305428443878 0.8066124089321581
vn -0.308098531796034 0.07704305823524255 0.9482297516334789
vn -2.442013750548757e-16 0.07704305739861264 0.9970277665675485
vn 0 1 0
vn 0 1 0
vn 0 1 0
vn 0 1 0
vn 0 1 0
vn 0 1 0
vn 0 1 0
vn 0 1 0
vn 0 1 0
vn 0 1 0
vn 0 1 0
vn 0 1 0
vn 0 1 0
vn 0 1 0
vn 0 1 0
vn 0 1 0
vn 0 1 0
vn 0 1 0
vn 0 1 0
vn 0 1 0
vn 0 1 0
vn 0 1 0
vn 0 1 0
vn 0 1 0
vn 0 1 0
vn 0 1 0
vn 0 1 0
vn 0 1 0
vn 0 1 0
vn 0 1 0
vn 0 1 0
vn 0 1 0
vn 0 1 0
vn 0 1 0
vn 0 1 0
vn 0 1 0
vn 0 1 0
vn 0 1 0
vn 0 1 0
vn 0 1 0
vn 0 1 0
vn 0 -1 0
vn 0 -1 0
vn 0 -1 0
vn 0 -1 0
vn 0 -1 0
vn 0 -1 0
vn 0 -1 0
vn 0 -1 0
vn 0 -1 0
vn 0 -1 0
vn 0 -1 0
vn 0 -1 0
vn 0 -1 0
vn 0 -1 0
vn 0 -1 0
vn 0 -1 0
vn 0 -1 0
vn 0 -1 0
vn 0 -1 0
vn 0 -1 0
vn 0 -1 0
vn 0 -1 0
vn 0 -1 0
vn 0 -1 0
vn 0 -1 0
vn 0 -1 0
vn 0 -1 0
vn 0 -1 0
vn 0 -1 0
vn 0 -1 0
vn 0 -1 0
vn 0 -1 0
vn 0 -1 0
vn 0 -1 0
vn 0 -1 0
vn 0 -1 0
vn 0 -1 0
vn 0 -1 0
vn 0 -1 0
vn 0 -1 0
vn 0 -1 0
f 3095/3095/3095 3116/3116/3116 3096/3096/3096
f 3116/3116/3116 3117/3117/3117 3096/3096/3096
f 3096/3096/3096 3117/3117/3117 3097/3097/3097
f 3117/3117/3117 3118/3118/3118 3097/3097/3097
f 3097/3097/3097 3118/3118/3118 3098/3098/3098
f 3118/3118/3118 3119/3119/3119 3098/3098/3098
f 3098/3098/3098 3119/3119/3119 3099/3099/3099
f 3119/3119/3119 3120/3120/3120 3099/3099/3099
f 3099/3099/3099 3120/3120/3120 3100/3100/3100
f 3120/3120/3120 3121/3121/3121 3100/3100/3100
f 3100/3100/3100 3121/3121/3121 3101/3101/3101
f 3121/3121/3121 3122/3122/3122 3101/3101/3101
f 3101/3101/3101 3122/3122/3122 3102/3102/3102
f 3122/3122/3122 3123/3123/3123 3102/3102/3102
f 3102/3102/3102 3123/3123/3123 3103/3103/3103
f 3123/3123/3123 3124/3124/3124 3103/3103/3103
f 3103/3103/3103 3124/3124/3124 3104/3104/3104
f 3124/3124/3124 3125/3125/3125 3104/3104/3104
f 3104/3104/3104 3125/3125/3125 3105/3105/3105
f 3125/3125/3125 3126/3126/3126 3105/3105/3105
f 3105/3105/3105 3126/3126/3126 3106/3106/3106
f 3126/3126/3126 3127/3127/3127 3106/3106/3106
f 3106/3106/3106 3127/3127/3127 3107/3107/3107
f 3127/3127/3127 3128/3128/3128 3107/3107/3107
f 3107/3107/3107 3128/3128/3128 3108/3108/3108
f 3128/3128/3128 3129/3129/3129 3108/3108/3108
f 3108/3108/3108 3129/3129/3129 3109/3109/3109
f 3129/3129/3129 3130/3130/3130 3109/3109/3109
f 3109/3109/3109 3130/3130/3130 3110/3110/3110
f 3130/3130/3130 3131/3131/3131 3110/3110/3110
f 3110/3110/3110 3131/3131/3131 3111/3111/3111
f 3131/3131/3131 3132/3132/3132 3111/3111/3111
f 3111/3111/3111 3132/3132/3132 3112/3112/3112
f 3132/3132/3132 3133/3133/3133 3112/3112/3112
f 3112/3112/3112 3133/3133/3133 3113/3113/3113
f 3133/3133/3133 3134/3134/3134 3113/3113/3113
f 3113/3113/3113 3134/3134/3134 3114/3114/3114
f 3134/3134/3134 3135/3135/3135 3114/3114/3114
f 3114/3114/3114 3135/3135/3135 3115/3115/3115
f 3135/3135/3135 3136/3136/3136 3115/3115/3115
f 3157/3157/3157 3158/3158/3158 3137/3137/3137
f 3158/3158/3158 3159/3159/3159 3138/3138/3138
f 3159/3159/3159 3160/3160/3160 3139/3139/3139
f 3160/3160/3160 3161/3161/3161 3140/3140/3140
f 3161/3161/3161 3162/3162/3162 3141/3141/3141
f 3162/3162/3162 3163/3163/3163 3142/3142/3142
f 3163/3163/3163 3164/3164/3164 3143/3143/3143
f 3164/3164/3164 3165/3165/3165 3144/3144/3144
f 3165/3165/3165 3166/3166/3166 3145/3145/3145
f 3166/3166/3166 3167/3167/3167 3146/3146/3146
f 3167/3167/3167 3168/3168/3168 3147/3147/3147
f 3168/3168/3168 3169/3169/3169 3148/3148/3148
f 3169/3169/3169 3170/3170/3170 3149/3149/3149
f 3170/3170/3170 3171/3171/3171 3150/3150/3150
f 3171/3171/3171 3172/3172/3172 3151/3151/3151
f 3172/3172/3172 3173/3173/3173 3152/3152/3152
f 3173/3173/3173 3174/3174/3174 3153/3153/3153
f 3174/3174/3174 3175/3175/3175 3154/3154/3154
f 3175/3175/3175 3176/3176/3176 3155/3155/3155
f 3176/3176/3176 3177/3177/3177 3156/3156/3156
f 3199/3199/3199 3198/3198/3198 3178/3178/3178
f 3200/3200/3200 3199/3199/3199 3179/3179/3179
f 3201/3201/3201 3200/3200/3200 3180/3180/3180
f 3202/3202/3202 3201/3201/3201 3181/3181/3181
f 3203/3203/3203 3202/3202/3202 3182/3182/3182
f 3204/3204/3204 3203/3203/3203 3183/3183/3183
f 3205/3205/3205 3204/3204/3204 3184/3184/3184
f 3206/3206/3206 3205/3205/3205 3185/3185/3185
f 3207/3207/3207 3206/3206/3206 3186/3186/3186
f 3208/3208/3208 3207/3207/3207 3187/3187/3187
f 3209/3209/3209 3208/3208/3208 3188/3188/3188
f 3210/3210/3210 3209/3209/3209 3189/3189/3189
f 3211/3211/3211 3210/3210/3210 3190/3190/3190
f 3212/3212/3212 3211/3211/3211 3191/3191/3191
f 3213/3213/3213 3212/3212/3212 3192/3192/3192
f 3214/3214/3214 3213/3213/3213 3193/3193/3193
f 3215/3215/3215 3214/3214/3214 3194/3194/3194
f 3216/3216/3216 3215/3215/3215 3195/3195/3195
f 3217/3217/3217 3216/3216/3216 3196/3196/3196
f 3218/3218/3218 3217/3217/3217 3197/3197/3197
o watchtower_rear_left_cap_step2
usemtl sandstone_trim
v -2.9000000000000004 5.069999999999999 -1.3370000123977661
v -2.6951217293739322 5.069999999999999 -1.3694495558738708
v -2.5102983653545383 5.069999999999999 -1.463621735572815
v -2.3636217355728153 5.069999999999999 -1.610298365354538
v -2.269449555873871 5.069999999999999 -1.7951217293739319
v -2.2370000123977665 5.069999999999999 -2
v -2.269449555873871 5.069999999999999 -2.204878270626068
v -2.3636217355728153 5.069999999999999 -2.389701634645462
v -2.5102983653545383 5.069999999999999 -2.536378264427185
v -2.6951217293739322 5.069999999999999 -2.630550444126129
v -2.9000000000000004 5.069999999999999 -2.662999987602234
v -3.1048782706260685 5.069999999999999 -2.630550444126129
v -3.2897016346454624 5.069999999999999 -2.536378264427185
v -3.4363782644271854 5.069999999999999 -2.389701634645462
v -3.5305504441261295 5.069999999999999 -2.204878270626068
v -3.5629999876022342 5.069999999999999 -2
v -3.5305504441261295 5.069999999999999 -1.7951217293739319
v -3.4363782644271854 5.069999999999999 -1.610298365354538
v -3.2897016346454624 5.069999999999999 -1.463621735572815
v -3.1048782706260685 5.069999999999999 -1.3694495558738708
v -2.9000000000000004 5.069999999999999 -1.3370000123977661
v -2.9000000000000004 4.569999999999999 -1.149999976158142
v -2.637335562705994 4.569999999999999 -1.1916019320487976
v -2.400382542610169 4.569999999999999 -1.3123355507850647
v -2.212335550785065 4.569999999999999 -1.5003825426101685
v -2.091601932048798 4.569999999999999 -1.7373355627059937
v -2.0499999761581424 4.569999999999999 -2
v -2.091601932048798 4.569999999999999 -2.2626644372940063
v -2.212335550785065 4.569999999999999 -2.4996174573898315
v -2.400382542610169 4.569999999999999 -2.6876644492149353
v -2.637335562705994 4.569999999999999 -2.8083980679512024
v -2.9000000000000004 4.569999999999999 -2.850000023841858
v -3.1626644372940067 4.569999999999999 -2.8083980679512024
v -3.399617457389832 4.569999999999999 -2.6876644492149353
v -3.5876644492149357 4.569999999999999 -2.4996174573898315
v -3.7083980679512027 4.569999999999999 -2.2626644372940063
v -3.7500000238418583 4.569999999999999 -2
v -3.7083980679512027 4.569999999999999 -1.7373355627059937
v -3.5876644492149357 4.569999999999999 -1.5003825426101685
v -3.399617457389832 4.569999999999999 -1.3123355507850647
v -3.1626644372940067 4.569999999999999 -1.1916019320487976
v -2.9000000000000004 4.569999999999999 -1.149999976158142
v -2.9000000000000004 5.069999999999999 -2
v -2.9000000000000004 5.069999999999999 -2
v -2.9000000000000004 5.069999999999999 -2
v -2.9000000000000004 5.069999999999999 -2
v -2.9000000000000004 5.069999999999999 -2
v -2.9000000000000004 5.069999999999999 -2
v -2.9000000000000004 5.069999999999999 -2
v -2.9000000000000004 5.069999999999999 -2
v -2.9000000000000004 5.069999999999999 -2
v -2.9000000000000004 5.069999999999999 -2
v -2.9000000000000004 5.069999999999999 -2
v -2.9000000000000004 5.069999999999999 -2
v -2.9000000000000004 5.069999999999999 -2
v -2.9000000000000004 5.069999999999999 -2
v -2.9000000000000004 5.069999999999999 -2
v -2.9000000000000004 5.069999999999999 -2
v -2.9000000000000004 5.069999999999999 -2
v -2.9000000000000004 5.069999999999999 -2
v -2.9000000000000004 5.069999999999999 -2
v -2.9000000000000004 5.069999999999999 -2
v -2.9000000000000004 5.069999999999999 -1.3370000123977661
v -2.6951217293739322 5.069999999999999 -1.3694495558738708
v -2.5102983653545383 5.069999999999999 -1.463621735572815
v -2.3636217355728153 5.069999999999999 -1.610298365354538
v -2.269449555873871 5.069999999999999 -1.7951217293739319
v -2.2370000123977665 5.069999999999999 -2
v -2.269449555873871 5.069999999999999 -2.204878270626068
v -2.3636217355728153 5.069999999999999 -2.389701634645462
v -2.5102983653545383 5.069999999999999 -2.536378264427185
v -2.6951217293739322 5.069999999999999 -2.630550444126129
v -2.9000000000000004 5.069999999999999 -2.662999987602234
v -3.1048782706260685 5.069999999999999 -2.630550444126129
v -3.2897016346454624 5.069999999999999 -2.536378264427185
v -3.4363782644271854 5.069999999999999 -2.389701634645462
v -3.5305504441261295 5.069999999999999 -2.204878270626068
v -3.5629999876022342 5.069999999999999 -2
v -3.5305504441261295 5.069999999999999 -1.7951217293739319
v -3.4363782644271854 5.069999999999999 -1.610298365354538
v -3.2897016346454624 5.069999999999999 -1.463621735572815
v -3.1048782706260685 5.069999999999999 -1.3694495558738708
v -2.9000000000000004 5.069999999999999 -1.3370000123977661
v -2.9000000000000004 4.569999999999999 -2
v -2.9000000000000004 4.569999999999999 -2
v -2.9000000000000004 4.569999999999999 -2
v -2.9000000000000004 4.569999999999999 -2
v -2.9000000000000004 4.569999999999999 -2
v -2.9000000000000004 4.569999999999999 -2
v -2.9000000000000004 4.569999999999999 -2
v -2.9000000000000004 4.569999999999999 -2
v -2.9000000000000004 4.569999999999999 -2
v -2.9000000000000004 4.569999999999999 -2
v -2.9000000000000004 4.569999999999999 -2
v -2.9000000000000004 4.569999999999999 -2
v -2.9000000000000004 4.569999999999999 -2
v -2.9000000000000004 4.569999999999999 -2
v -2.9000000000000004 4.569999999999999 -2
v -2.9000000000000004 4.569999999999999 -2
v -2.9000000000000004 4.569999999999999 -2
v -2.9000000000000004 4.569999999999999 -2
v -2.9000000000000004 4.569999999999999 -2
v -2.9000000000000004 4.569999999999999 -2
v -2.9000000000000004 4.569999999999999 -1.149999976158142
v -2.637335562705994 4.569999999999999 -1.1916019320487976
v -2.400382542610169 4.569999999999999 -1.3123355507850647
v -2.212335550785065 4.569999999999999 -1.5003825426101685
v -2.091601932048798 4.569999999999999 -1.7373355627059937
v -2.0499999761581424 4.569999999999999 -2
v -2.091601932048798 4.569999999999999 -2.2626644372940063
v -2.212335550785065 4.569999999999999 -2.4996174573898315
v -2.400382542610169 4.569999999999999 -2.6876644492149353
v -2.637335562705994 4.569999999999999 -2.8083980679512024
v -2.9000000000000004 4.569999999999999 -2.850000023841858
v -3.1626644372940067 4.569999999999999 -2.8083980679512024
v -3.399617457389832 4.569999999999999 -2.6876644492149353
v -3.5876644492149357 4.569999999999999 -2.4996174573898315
v -3.7083980679512027 4.569999999999999 -2.2626644372940063
v -3.7500000238418583 4.569999999999999 -2
v -3.7083980679512027 4.569999999999999 -1.7373355627059937
v -3.5876644492149357 4.569999999999999 -1.5003825426101685
v -3.399617457389832 4.569999999999999 -1.3123355507850647
v -3.1626644372940067 4.569999999999999 -1.1916019320487976
v -2.9000000000000004 4.569999999999999 -1.149999976158142
vt 0 1
vt 0.05000000074505806 1
vt 0.10000000149011612 1
vt 0.15000000596046448 1
vt 0.20000000298023224 1
vt 0.25 1
vt 0.30000001192092896 1
vt 0.3499999940395355 1
vt 0.4000000059604645 1
vt 0.44999998807907104 1
vt 0.5 1
vt 0.550000011920929 1
vt 0.6000000238418579 1
vt 0.6499999761581421 1
vt 0.699999988079071 1
vt 0.75 1
vt 0.800000011920929 1
vt 0.8500000238418579 1
vt 0.8999999761581421 1
vt 0.949999988079071 1
vt 1 1
vt 0 0
vt 0.05000000074505806 0
vt 0.10000000149011612 0
vt 0.15000000596046448 0
vt 0.20000000298023224 0
vt 0.25 0
vt 0.30000001192092896 0
vt 0.3499999940395355 0
vt 0.4000000059604645 0
vt 0.44999998807907104 0
vt 0.5 0
vt 0.550000011920929 0
vt 0.6000000238418579 0
vt 0.6499999761581421 0
vt 0.699999988079071 0
vt 0.75 0
vt 0.800000011920929 0
vt 0.8500000238418579 0
vt 0.8999999761581421 0
vt 0.949999988079071 0
vt 1 0
vt 0.5 0.5
vt 0.5 0.5
vt 0.5 0.5
vt 0.5 0.5
vt 0.5 0.5
vt 0.5 0.5
vt 0.5 0.5
vt 0.5 0.5
vt 0.5 0.5
vt 0.5 0.5
vt 0.5 0.5
vt 0.5 0.5
vt 0.5 0.5
vt 0.5 0.5
vt 0.5 0.5
vt 0.5 0.5
vt 0.5 0.5
vt 0.5 0.5
vt 0.5 0.5
vt 0.5 0.5
vt 1 0.5
vt 0.9755282402038574 0.6545084714889526
vt 0.9045084714889526 0.7938926219940186
vt 0.7938926219940186 0.9045084714889526
vt 0.6545084714889526 0.9755282402038574
vt 0.5 1
vt 0.345491498708725 0.9755282402038574
vt 0.20610737800598145 0.9045084714889526
vt 0.09549150615930557 0.7938926219940186
vt 0.024471741169691086 0.6545084714889526
vt 0 0.5
vt 0.024471741169691086 0.345491498708725
vt 0.09549150615930557 0.20610737800598145
vt 0.20610737800598145 0.09549150615930557
vt 0.345491498708725 0.024471741169691086
vt 0.5 0
vt 0.6545084714889526 0.024471741169691086
vt 0.7938926219940186 0.09549150615930557
vt 0.9045084714889526 0.20610737800598145
vt 0.9755282402038574 0.345491498708725
vt 1 0.5
vt 0.5 0.5
vt 0.5 0.5
vt 0.5 0.5
vt 0.5 0.5
vt 0.5 0.5
vt 0.5 0.5
vt 0.5 0.5
vt 0.5 0.5
vt 0.5 0.5
vt 0.5 0.5
vt 0.5 0.5
vt 0.5 0.5
vt 0.5 0.5
vt 0.5 0.5
vt 0.5 0.5
vt 0.5 0.5
vt 0.5 0.5
vt 0.5 0.5
vt 0.5 0.5
vt 0.5 0.5
vt 1 0.5
vt 0.9755282402038574 0.345491498708725
vt 0.9045084714889526 0.20610737800598145
vt 0.7938926219940186 0.09549150615930557
vt 0.6545084714889526 0.024471741169691086
vt 0.5 0
vt 0.345491498708725 0.024471741169691086
vt 0.20610737800598145 0.09549150615930557
vt 0.09549150615930557 0.20610737800598145
vt 0.024471741169691086 0.345491498708725
vt 0 0.5
vt 0.024471741169691086 0.6545084714889526
vt 0.09549150615930557 0.7938926219940186
vt 0.20610737800598145 0.9045084714889526
vt 0.345491498708725 0.9755282402038574
vt 0.5 1
vt 0.6545084714889526 0.9755282402038574
vt 0.7938926219940186 0.9045084714889526
vt 0.9045084714889526 0.7938926219940186
vt 0.9755282402038574 0.6545084714889526
vt 1 0.5
vn 0 0.35030216031575784 0.9366367473455828
vn 0.2894366598991615 0.3503021497911502 0.8907944901929489
vn 0.5505412794006925 0.3503021583231199 0.7577550379575265
vn 0.7577550379575265 0.3503021583231199 0.5505412794006925
vn 0.8907944901929489 0.3503021497911502 0.2894366598991615
vn 0.9366367473455828 0.35030216031575784 5.735246197894248e-17
vn 0.8907944901929489 0.3503021497911502 -0.2894366598991615
vn 0.7577550379575265 0.3503021583231199 -0.5505412794006925
vn 0.5505412794006925 0.3503021583231199 -0.7577550379575265
vn 0.2894366598991615 0.3503021497911502 -0.8907944901929489
vn 1.1470492395788496e-16 0.35030216031575784 -0.9366367473455828
vn -0.2894366598991615 0.3503021497911502 -0.8907944901929489
vn -0.5505412794006925 0.3503021583231199 -0.7577550379575265
vn -0.7577550379575265 0.3503021583231199 -0.5505412794006925
vn -0.8907944901929489 0.3503021497911502 -0.2894366598991615
vn -0.9366367473455828 0.35030216031575784 -1.7205737931938255e-16
vn -0.8907944901929489 0.3503021497911502 0.2894366598991615
vn -0.7577550379575265 0.3503021583231199 0.5505412794006925
vn -0.5505412794006925 0.3503021583231199 0.7577550379575265
vn -0.2894366598991615 0.3503021497911502 0.8907944901929489
vn -2.294098479157699e-16 0.35030216031575784 0.9366367473455828
vn 0 0.35030216031575784 0.9366367473455828
vn 0.2894366598991615 0.3503021497911502 0.8907944901929489
vn 0.5505412794006925 0.3503021583231199 0.7577550379575265
vn 0.7577550379575265 0.3503021583231199 0.5505412794006925
vn 0.8907944901929489 0.3503021497911502 0.2894366598991615
vn 0.9366367473455828 0.35030216031575784 5.735246197894248e-17
vn 0.8907944901929489 0.3503021497911502 -0.2894366598991615
vn 0.7577550379575265 0.3503021583231199 -0.5505412794006925
vn 0.5505412794006925 0.3503021583231199 -0.7577550379575265
vn 0.2894366598991615 0.3503021497911502 -0.8907944901929489
vn 1.1470492395788496e-16 0.35030216031575784 -0.9366367473455828
vn -0.2894366598991615 0.3503021497911502 -0.8907944901929489
vn -0.5505412794006925 0.3503021583231199 -0.7577550379575265
vn -0.7577550379575265 0.3503021583231199 -0.5505412794006925
vn -0.8907944901929489 0.3503021497911502 -0.2894366598991615
vn -0.9366367473455828 0.35030216031575784 -1.7205737931938255e-16
vn -0.8907944901929489 0.3503021497911502 0.2894366598991615
vn -0.7577550379575265 0.3503021583231199 0.5505412794006925
vn -0.5505412794006925 0.3503021583231199 0.7577550379575265
vn -0.2894366598991615 0.3503021497911502 0.8907944901929489
vn -2.294098479157699e-16 0.35030216031575784 0.9366367473455828
vn 0 1 0
vn 0 1 0
vn 0 1 0
vn 0 1 0
vn 0 1 0
vn 0 1 0
vn 0 1 0
vn 0 1 0
vn 0 1 0
vn 0 1 0
vn 0 1 0
vn 0 1 0
vn 0 1 0
vn 0 1 0
vn 0 1 0
vn 0 1 0
vn 0 1 0
vn 0 1 0
vn 0 1 0
vn 0 1 0
vn 0 1 0
vn 0 1 0
vn 0 1 0
vn 0 1 0
vn 0 1 0
vn 0 1 0
vn 0 1 0
vn 0 1 0
vn 0 1 0
vn 0 1 0
vn 0 1 0
vn 0 1 0
vn 0 1 0
vn 0 1 0
vn 0 1 0
vn 0 1 0
vn 0 1 0
vn 0 1 0
vn 0 1 0
vn 0 1 0
vn 0 1 0
vn 0 -1 0
vn 0 -1 0
vn 0 -1 0
vn 0 -1 0
vn 0 -1 0
vn 0 -1 0
vn 0 -1 0
vn 0 -1 0
vn 0 -1 0
vn 0 -1 0
vn 0 -1 0
vn 0 -1 0
vn 0 -1 0
vn 0 -1 0
vn 0 -1 0
vn 0 -1 0
vn 0 -1 0
vn 0 -1 0
vn 0 -1 0
vn 0 -1 0
vn 0 -1 0
vn 0 -1 0
vn 0 -1 0
vn 0 -1 0
vn 0 -1 0
vn 0 -1 0
vn 0 -1 0
vn 0 -1 0
vn 0 -1 0
vn 0 -1 0
vn 0 -1 0
vn 0 -1 0
vn 0 -1 0
vn 0 -1 0
vn 0 -1 0
vn 0 -1 0
vn 0 -1 0
vn 0 -1 0
vn 0 -1 0
vn 0 -1 0
vn 0 -1 0
f 3219/3219/3219 3240/3240/3240 3220/3220/3220
f 3240/3240/3240 3241/3241/3241 3220/3220/3220
f 3220/3220/3220 3241/3241/3241 3221/3221/3221
f 3241/3241/3241 3242/3242/3242 3221/3221/3221
f 3221/3221/3221 3242/3242/3242 3222/3222/3222
f 3242/3242/3242 3243/3243/3243 3222/3222/3222
f 3222/3222/3222 3243/3243/3243 3223/3223/3223
f 3243/3243/3243 3244/3244/3244 3223/3223/3223
f 3223/3223/3223 3244/3244/3244 3224/3224/3224
f 3244/3244/3244 3245/3245/3245 3224/3224/3224
f 3224/3224/3224 3245/3245/3245 3225/3225/3225
f 3245/3245/3245 3246/3246/3246 3225/3225/3225
f 3225/3225/3225 3246/3246/3246 3226/3226/3226
f 3246/3246/3246 3247/3247/3247 3226/3226/3226
f 3226/3226/3226 3247/3247/3247 3227/3227/3227
f 3247/3247/3247 3248/3248/3248 3227/3227/3227
f 3227/3227/3227 3248/3248/3248 3228/3228/3228
f 3248/3248/3248 3249/3249/3249 3228/3228/3228
f 3228/3228/3228 3249/3249/3249 3229/3229/3229
f 3249/3249/3249 3250/3250/3250 3229/3229/3229
f 3229/3229/3229 3250/3250/3250 3230/3230/3230
f 3250/3250/3250 3251/3251/3251 3230/3230/3230
f 3230/3230/3230 3251/3251/3251 3231/3231/3231
f 3251/3251/3251 3252/3252/3252 3231/3231/3231
f 3231/3231/3231 3252/3252/3252 3232/3232/3232
f 3252/3252/3252 3253/3253/3253 3232/3232/3232
f 3232/3232/3232 3253/3253/3253 3233/3233/3233
f 3253/3253/3253 3254/3254/3254 3233/3233/3233
f 3233/3233/3233 3254/3254/3254 3234/3234/3234
f 3254/3254/3254 3255/3255/3255 3234/3234/3234
f 3234/3234/3234 3255/3255/3255 3235/3235/3235
f 3255/3255/3255 3256/3256/3256 3235/3235/3235
f 3235/3235/3235 3256/3256/3256 3236/3236/3236
f 3256/3256/3256 3257/3257/3257 3236/3236/3236
f 3236/3236/3236 3257/3257/3257 3237/3237/3237
f 3257/3257/3257 3258/3258/3258 3237/3237/3237
f 3237/3237/3237 3258/3258/3258 3238/3238/3238
f 3258/3258/3258 3259/3259/3259 3238/3238/3238
f 3238/3238/3238 3259/3259/3259 3239/3239/3239
f 3259/3259/3259 3260/3260/3260 3239/3239/3239
f 3281/3281/3281 3282/3282/3282 3261/3261/3261
f 3282/3282/3282 3283/3283/3283 3262/3262/3262
f 3283/3283/3283 3284/3284/3284 3263/3263/3263
f 3284/3284/3284 3285/3285/3285 3264/3264/3264
f 3285/3285/3285 3286/3286/3286 3265/3265/3265
f 3286/3286/3286 3287/3287/3287 3266/3266/3266
f 3287/3287/3287 3288/3288/3288 3267/3267/3267
f 3288/3288/3288 3289/3289/3289 3268/3268/3268
f 3289/3289/3289 3290/3290/3290 3269/3269/3269
f 3290/3290/3290 3291/3291/3291 3270/3270/3270
f 3291/3291/3291 3292/3292/3292 3271/3271/3271
f 3292/3292/3292 3293/3293/3293 3272/3272/3272
f 3293/3293/3293 3294/3294/3294 3273/3273/3273
f 3294/3294/3294 3295/3295/3295 3274/3274/3274
f 3295/3295/3295 3296/3296/3296 3275/3275/3275
f 3296/3296/3296 3297/3297/3297 3276/3276/3276
f 3297/3297/3297 3298/3298/3298 3277/3277/3277
f 3298/3298/3298 3299/3299/3299 3278/3278/3278
f 3299/3299/3299 3300/3300/3300 3279/3279/3279
f 3300/3300/3300 3301/3301/3301 3280/3280/3280
f 3323/3323/3323 3322/3322/3322 3302/3302/3302
f 3324/3324/3324 3323/3323/3323 3303/3303/3303
f 3325/3325/3325 3324/3324/3324 3304/3304/3304
f 3326/3326/3326 3325/3325/3325 3305/3305/3305
f 3327/3327/3327 3326/3326/3326 3306/3306/3306
f 3328/3328/3328 3327/3327/3327 3307/3307/3307
f 3329/3329/3329 3328/3328/3328 3308/3308/3308
f 3330/3330/3330 3329/3329/3329 3309/3309/3309
f 3331/3331/3331 3330/3330/3330 3310/3310/3310
f 3332/3332/3332 3331/3331/3331 3311/3311/3311
f 3333/3333/3333 3332/3332/3332 3312/3312/3312
f 3334/3334/3334 3333/3333/3333 3313/3313/3313
f 3335/3335/3335 3334/3334/3334 3314/3314/3314
f 3336/3336/3336 3335/3335/3335 3315/3315/3315
f 3337/3337/3337 3336/3336/3336 3316/3316/3316
f 3338/3338/3338 3337/3337/3337 3317/3317/3317
f 3339/3339/3339 3338/3338/3338 3318/3318/3318
f 3340/3340/3340 3339/3339/3339 3319/3319/3319
f 3341/3341/3341 3340/3340/3340 3320/3320/3320
f 3342/3342/3342 3341/3341/3341 3321/3321/3321
o watchtower_rear_left_cap_top
usemtl dark_granite_trim
v -2.9000000000000004 5.1000000005960455 -1.574999988079071
v -2.768667781352997 5.1000000005960455 -1.5958009660243988
v -2.6501912713050846 5.1000000005960455 -1.6561677753925323
v -2.5561677753925327 5.1000000005960455 -1.7501912713050842
v -2.495800966024399 5.1000000005960455 -1.8686677813529968
v -2.4749999880790714 5.1000000005960455 -2
v -2.495800966024399 5.1000000005960455 -2.131332218647003
v -2.5561677753925327 5.1000000005960455 -2.2498087286949158
v -2.6501912713050846 5.1000000005960455 -2.3438322246074677
v -2.768667781352997 5.1000000005960455 -2.404199033975601
v -2.9000000000000004 5.1000000005960455 -2.425000011920929
v -3.0313322186470035 5.1000000005960455 -2.404199033975601
v -3.149808728694916 5.1000000005960455 -2.3438322246074677
v -3.243832224607468 5.1000000005960455 -2.2498087286949158
v -3.3041990339756016 5.1000000005960455 -2.131332218647003
v -3.3250000119209293 5.1000000005960455 -2
v -3.3041990339756016 5.1000000005960455 -1.8686677813529968
v -3.243832224607468 5.1000000005960455 -1.7501912713050842
v -3.149808728694916 5.1000000005960455 -1.6561677753925323
v -3.0313322186470035 5.1000000005960455 -1.5958009660243988
v -2.9000000000000004 5.1000000005960455 -1.574999988079071
v -2.9000000000000004 4.819999999403953 -1.3370000123977661
v -2.6951217293739322 4.819999999403953 -1.3694495558738708
v -2.5102983653545383 4.819999999403953 -1.463621735572815
v -2.3636217355728153 4.819999999403953 -1.610298365354538
v -2.269449555873871 4.819999999403953 -1.7951217293739319
v -2.2370000123977665 4.819999999403953 -2
v -2.269449555873871 4.819999999403953 -2.204878270626068
v -2.3636217355728153 4.819999999403953 -2.389701634645462
v -2.5102983653545383 4.819999999403953 -2.536378264427185
v -2.6951217293739322 4.819999999403953 -2.630550444126129
v -2.9000000000000004 4.819999999403953 -2.662999987602234
v -3.1048782706260685 4.819999999403953 -2.630550444126129
v -3.2897016346454624 4.819999999403953 -2.536378264427185
v -3.4363782644271854 4.819999999403953 -2.389701634645462
v -3.5305504441261295 4.819999999403953 -2.204878270626068
v -3.5629999876022342 4.819999999403953 -2
v -3.5305504441261295 4.819999999403953 -1.7951217293739319
v -3.4363782644271854 4.819999999403953 -1.610298365354538
v -3.2897016346454624 4.819999999403953 -1.463621735572815
v -3.1048782706260685 4.819999999403953 -1.3694495558738708
v -2.9000000000000004 4.819999999403953 -1.3370000123977661
v -2.9000000000000004 5.1000000005960455 -2
v -2.9000000000000004 5.1000000005960455 -2
v -2.9000000000000004 5.1000000005960455 -2
v -2.9000000000000004 5.1000000005960455 -2
v -2.9000000000000004 5.1000000005960455 -2
v -2.9000000000000004 5.1000000005960455 -2
v -2.9000000000000004 5.1000000005960455 -2
v -2.9000000000000004 5.1000000005960455 -2
v -2.9000000000000004 5.1000000005960455 -2
v -2.9000000000000004 5.1000000005960455 -2
v -2.9000000000000004 5.1000000005960455 -2
v -2.9000000000000004 5.1000000005960455 -2
v -2.9000000000000004 5.1000000005960455 -2
v -2.9000000000000004 5.1000000005960455 -2
v -2.9000000000000004 5.1000000005960455 -2
v -2.9000000000000004 5.1000000005960455 -2
v -2.9000000000000004 5.1000000005960455 -2
v -2.9000000000000004 5.1000000005960455 -2
v -2.9000000000000004 5.1000000005960455 -2
v -2.9000000000000004 5.1000000005960455 -2
v -2.9000000000000004 5.1000000005960455 -1.574999988079071
v -2.768667781352997 5.1000000005960455 -1.5958009660243988
v -2.6501912713050846 5.1000000005960455 -1.6561677753925323
v -2.5561677753925327 5.1000000005960455 -1.7501912713050842
v -2.495800966024399 5.1000000005960455 -1.8686677813529968
v -2.4749999880790714 5.1000000005960455 -2
v -2.495800966024399 5.1000000005960455 -2.131332218647003
v -2.5561677753925327 5.1000000005960455 -2.2498087286949158
v -2.6501912713050846 5.1000000005960455 -2.3438322246074677
v -2.768667781352997 5.1000000005960455 -2.404199033975601
v -2.9000000000000004 5.1000000005960455 -2.425000011920929
v -3.0313322186470035 5.1000000005960455 -2.404199033975601
v -3.149808728694916 5.1000000005960455 -2.3438322246074677
v -3.243832224607468 5.1000000005960455 -2.2498087286949158
v -3.3041990339756016 5.1000000005960455 -2.131332218647003
v -3.3250000119209293 5.1000000005960455 -2
v -3.3041990339756016 5.1000000005960455 -1.8686677813529968
v -3.243832224607468 5.1000000005960455 -1.7501912713050842
v -3.149808728694916 5.1000000005960455 -1.6561677753925323
v -3.0313322186470035 5.1000000005960455 -1.5958009660243988
v -2.9000000000000004 5.1000000005960455 -1.574999988079071
v -2.9000000000000004 4.819999999403953 -2
v -2.9000000000000004 4.819999999403953 -2
v -2.9000000000000004 4.819999999403953 -2
v -2.9000000000000004 4.819999999403953 -2
v -2.9000000000000004 4.819999999403953 -2
v -2.9000000000000004 4.819999999403953 -2
v -2.9000000000000004 4.819999999403953 -2
v -2.9000000000000004 4.819999999403953 -2
v -2.9000000000000004 4.819999999403953 -2
v -2.9000000000000004 4.819999999403953 -2
v -2.9000000000000004 4.819999999403953 -2
v -2.9000000000000004 4.819999999403953 -2
v -2.9000000000000004 4.819999999403953 -2
v -2.9000000000000004 4.819999999403953 -2
v -2.9000000000000004 4.819999999403953 -2
v -2.9000000000000004 4.819999999403953 -2
v -2.9000000000000004 4.819999999403953 -2
v -2.9000000000000004 4.819999999403953 -2
v -2.9000000000000004 4.819999999403953 -2
v -2.9000000000000004 4.819999999403953 -2
v -2.9000000000000004 4.819999999403953 -1.3370000123977661
v -2.6951217293739322 4.819999999403953 -1.3694495558738708
v -2.5102983653545383 4.819999999403953 -1.463621735572815
v -2.3636217355728153 4.819999999403953 -1.610298365354538
v -2.269449555873871 4.819999999403953 -1.7951217293739319
v -2.2370000123977665 4.819999999403953 -2
v -2.269449555873871 4.819999999403953 -2.204878270626068
v -2.3636217355728153 4.819999999403953 -2.389701634645462
v -2.5102983653545383 4.819999999403953 -2.536378264427185
v -2.6951217293739322 4.819999999403953 -2.630550444126129
v -2.9000000000000004 4.819999999403953 -2.662999987602234
v -3.1048782706260685 4.819999999403953 -2.630550444126129
v -3.2897016346454624 4.819999999403953 -2.536378264427185
v -3.4363782644271854 4.819999999403953 -2.389701634645462
v -3.5305504441261295 4.819999999403953 -2.204878270626068
v -3.5629999876022342 4.819999999403953 -2
v -3.5305504441261295 4.819999999403953 -1.7951217293739319
v -3.4363782644271854 4.819999999403953 -1.610298365354538
v -3.2897016346454624 4.819999999403953 -1.463621735572815
v -3.1048782706260685 4.819999999403953 -1.3694495558738708
v -2.9000000000000004 4.819999999403953 -1.3370000123977661
vt 0 1
vt 0.05000000074505806 1
vt 0.10000000149011612 1
vt 0.15000000596046448 1
vt 0.20000000298023224 1
vt 0.25 1
vt 0.30000001192092896 1
vt 0.3499999940395355 1
vt 0.4000000059604645 1
vt 0.44999998807907104 1
vt 0.5 1
vt 0.550000011920929 1
vt 0.6000000238418579 1
vt 0.6499999761581421 1
vt 0.699999988079071 1
vt 0.75 1
vt 0.800000011920929 1
vt 0.8500000238418579 1
vt 0.8999999761581421 1
vt 0.949999988079071 1
vt 1 1
vt 0 0
vt 0.05000000074505806 0
vt 0.10000000149011612 0
vt 0.15000000596046448 0
vt 0.20000000298023224 0
vt 0.25 0
vt 0.30000001192092896 0
vt 0.3499999940395355 0
vt 0.4000000059604645 0
vt 0.44999998807907104 0
vt 0.5 0
vt 0.550000011920929 0
vt 0.6000000238418579 0
vt 0.6499999761581421 0
vt 0.699999988079071 0
vt 0.75 0
vt 0.800000011920929 0
vt 0.8500000238418579 0
vt 0.8999999761581421 0
vt 0.949999988079071 0
vt 1 0
vt 0.5 0.5
vt 0.5 0.5
vt 0.5 0.5
vt 0.5 0.5
vt 0.5 0.5
vt 0.5 0.5
vt 0.5 0.5
vt 0.5 0.5
vt 0.5 0.5
vt 0.5 0.5
vt 0.5 0.5
vt 0.5 0.5
vt 0.5 0.5
vt 0.5 0.5
vt 0.5 0.5
vt 0.5 0.5
vt 0.5 0.5
vt 0.5 0.5
vt 0.5 0.5
vt 0.5 0.5
vt 1 0.5
vt 0.9755282402038574 0.6545084714889526
vt 0.9045084714889526 0.7938926219940186
vt 0.7938926219940186 0.9045084714889526
vt 0.6545084714889526 0.9755282402038574
vt 0.5 1
vt 0.345491498708725 0.9755282402038574
vt 0.20610737800598145 0.9045084714889526
vt 0.09549150615930557 0.7938926219940186
vt 0.024471741169691086 0.6545084714889526
vt 0 0.5
vt 0.024471741169691086 0.345491498708725
vt 0.09549150615930557 0.20610737800598145
vt 0.20610737800598145 0.09549150615930557
vt 0.345491498708725 0.024471741169691086
vt 0.5 0
vt 0.6545084714889526 0.024471741169691086
vt 0.7938926219940186 0.09549150615930557
vt 0.9045084714889526 0.20610737800598145
vt 0.9755282402038574 0.345491498708725
vt 1 0.5
vt 0.5 0.5
vt 0.5 0.5
vt 0.5 0.5
vt 0.5 0.5
vt 0.5 0.5
vt 0.5 0.5
vt 0.5 0.5
vt 0.5 0.5
vt 0.5 0.5
vt 0.5 0.5
vt 0.5 0.5
vt 0.5 0.5
vt 0.5 0.5
vt 0.5 0.5
vt 0.5 0.5
vt 0.5 0.5
vt 0.5 0.5
vt 0.5 0.5
vt 0.5 0.5
vt 0.5 0.5
vt 1 0.5
vt 0.9755282402038574 0.345491498708725
vt 0.9045084714889526 0.20610737800598145
vt 0.7938926219940186 0.09549150615930557
vt 0.6545084714889526 0.024471741169691086
vt 0.5 0
vt 0.345491498708725 0.024471741169691086
vt 0.20610737800598145 0.09549150615930557
vt 0.09549150615930557 0.20610737800598145
vt 0.024471741169691086 0.345491498708725
vt 0 0.5
vt 0.024471741169691086 0.6545084714889526
vt 0.09549150615930557 0.7938926219940186
vt 0.20610737800598145 0.9045084714889526
vt 0.345491498708725 0.9755282402038574
vt 0.5 1
vt 0.6545084714889526 0.9755282402038574
vt 0.7938926219940186 0.9045084714889526
vt 0.9045084714889526 0.7938926219940186
vt 0.9755282402038574 0.6545084714889526
vt 1 0.5
vn 0 0.6476483906825078 0.761939342760536
vn 0.2354522102227413 0.6476484086313953 0.7246473594090074
vn 0.4478566959699595 0.6476483962915032 0.6164218804162579
vn 0.6164218804162579 0.6476483962915032 0.4478566959699595
vn 0.7246473594090074 0.6476484086313953 0.2354522102227413
vn 0.761939342760536 0.6476483906825078 4.665532556801036e-17
vn 0.7246473594090074 0.6476484086313953 -0.2354522102227413
vn 0.6164218804162579 0.6476483962915032 -0.4478566959699595
vn 0.4478566959699595 0.6476483962915032 -0.6164218804162579
vn 0.2354522102227413 0.6476484086313953 -0.7246473594090074
vn 9.331065113602072e-17 0.6476483906825078 -0.761939342760536
vn -0.2354522102227413 0.6476484086313953 -0.7246473594090074
vn -0.4478566959699595 0.6476483962915032 -0.6164218804162579
vn -0.6164218804162579 0.6476483962915032 -0.4478566959699595
vn -0.7246473594090074 0.6476484086313953 -0.2354522102227413
vn -0.761939342760536 0.6476483906825078 -1.3996598663019838e-16
vn -0.7246473594090074 0.6476484086313953 0.2354522102227413
vn -0.6164218804162579 0.6476483962915032 0.4478566959699595
vn -0.4478566959699595 0.6476483962915032 0.6164218804162579
vn -0.2354522102227413 0.6476484086313953 0.7246473594090074
vn -1.8662130227204143e-16 0.6476483906825078 0.761939342760536
vn 0 0.6476483906825078 0.761939342760536
vn 0.2354522102227413 0.6476484086313953 0.7246473594090074
vn 0.4478566959699595 0.6476483962915032 0.6164218804162579
vn 0.6164218804162579 0.6476483962915032 0.4478566959699595
vn 0.7246473594090074 0.6476484086313953 0.2354522102227413
vn 0.761939342760536 0.6476483906825078 4.665532556801036e-17
vn 0.7246473594090074 0.6476484086313953 -0.2354522102227413
vn 0.6164218804162579 0.6476483962915032 -0.4478566959699595
vn 0.4478566959699595 0.6476483962915032 -0.6164218804162579
vn 0.2354522102227413 0.6476484086313953 -0.7246473594090074
vn 9.331065113602072e-17 0.6476483906825078 -0.761939342760536
vn -0.2354522102227413 0.6476484086313953 -0.7246473594090074
vn -0.4478566959699595 0.6476483962915032 -0.6164218804162579
vn -0.6164218804162579 0.6476483962915032 -0.4478566959699595
vn -0.7246473594090074 0.6476484086313953 -0.2354522102227413
vn -0.761939342760536 0.6476483906825078 -1.3996598663019838e-16
vn -0.7246473594090074 0.6476484086313953 0.2354522102227413
vn -0.6164218804162579 0.6476483962915032 0.4478566959699595
vn -0.4478566959699595 0.6476483962915032 0.6164218804162579
vn -0.2354522102227413 0.6476484086313953 0.7246473594090074
vn -1.8662130227204143e-16 0.6476483906825078 0.761939342760536
vn 0 1 0
vn 0 1 0
vn 0 1 0
vn 0 1 0
vn 0 1 0
vn 0 1 0
vn 0 1 0
vn 0 1 0
vn 0 1 0
vn 0 1 0
vn 0 1 0
vn 0 1 0
vn 0 1 0
vn 0 1 0
vn 0 1 0
vn 0 1 0
vn 0 1 0
vn 0 1 0
vn 0 1 0
vn 0 1 0
vn 0 1 0
vn 0 1 0
vn 0 1 0
vn 0 1 0
vn 0 1 0
vn 0 1 0
vn 0 1 0
vn 0 1 0
vn 0 1 0
vn 0 1 0
vn 0 1 0
vn 0 1 0
vn 0 1 0
vn 0 1 0
vn 0 1 0
vn 0 1 0
vn 0 1 0
vn 0 1 0
vn 0 1 0
vn 0 1 0
vn 0 1 0
vn 0 -1 0
vn 0 -1 0
vn 0 -1 0
vn 0 -1 0
vn 0 -1 0
vn 0 -1 0
vn 0 -1 0
vn 0 -1 0
vn 0 -1 0
vn 0 -1 0
vn 0 -1 0
vn 0 -1 0
vn 0 -1 0
vn 0 -1 0
vn 0 -1 0
vn 0 -1 0
vn 0 -1 0
vn 0 -1 0
vn 0 -1 0
vn 0 -1 0
vn 0 -1 0
vn 0 -1 0
vn 0 -1 0
vn 0 -1 0
vn 0 -1 0
vn 0 -1 0
vn 0 -1 0
vn 0 -1 0
vn 0 -1 0
vn 0 -1 0
vn 0 -1 0
vn 0 -1 0
vn 0 -1 0
vn 0 -1 0
vn 0 -1 0
vn 0 -1 0
vn 0 -1 0
vn 0 -1 0
vn 0 -1 0
vn 0 -1 0
vn 0 -1 0
f 3343/3343/3343 3364/3364/3364 3344/3344/3344
f 3364/3364/3364 3365/3365/3365 3344/3344/3344
f 3344/3344/3344 3365/3365/3365 3345/3345/3345
f 3365/3365/3365 3366/3366/3366 3345/3345/3345
f 3345/3345/3345 3366/3366/3366 3346/3346/3346
f 3366/3366/3366 3367/3367/3367 3346/3346/3346
f 3346/3346/3346 3367/3367/3367 3347/3347/3347
f 3367/3367/3367 3368/3368/3368 3347/3347/3347
f 3347/3347/3347 3368/3368/3368 3348/3348/3348
f 3368/3368/3368 3369/3369/3369 3348/3348/3348
f 3348/3348/3348 3369/3369/3369 3349/3349/3349
f 3369/3369/3369 3370/3370/3370 3349/3349/3349
f 3349/3349/3349 3370/3370/3370 3350/3350/3350
f 3370/3370/3370 3371/3371/3371 3350/3350/3350
f 3350/3350/3350 3371/3371/3371 3351/3351/3351
f 3371/3371/3371 3372/3372/3372 3351/3351/3351
f 3351/3351/3351 3372/3372/3372 3352/3352/3352
f 3372/3372/3372 3373/3373/3373 3352/3352/3352
f 3352/3352/3352 3373/3373/3373 3353/3353/3353
f 3373/3373/3373 3374/3374/3374 3353/3353/3353
f 3353/3353/3353 3374/3374/3374 3354/3354/3354
f 3374/3374/3374 3375/3375/3375 3354/3354/3354
f 3354/3354/3354 3375/3375/3375 3355/3355/3355
f 3375/3375/3375 3376/3376/3376 3355/3355/3355
f 3355/3355/3355 3376/3376/3376 3356/3356/3356
f 3376/3376/3376 3377/3377/3377 3356/3356/3356
f 3356/3356/3356 3377/3377/3377 3357/3357/3357
f 3377/3377/3377 3378/3378/3378 3357/3357/3357
f 3357/3357/3357 3378/3378/3378 3358/3358/3358
f 3378/3378/3378 3379/3379/3379 3358/3358/3358
f 3358/3358/3358 3379/3379/3379 3359/3359/3359
f 3379/3379/3379 3380/3380/3380 3359/3359/3359
f 3359/3359/3359 3380/3380/3380 3360/3360/3360
f 3380/3380/3380 3381/3381/3381 3360/3360/3360
f 3360/3360/3360 3381/3381/3381 3361/3361/3361
f 3381/3381/3381 3382/3382/3382 3361/3361/3361
f 3361/3361/3361 3382/3382/3382 3362/3362/3362
f 3382/3382/3382 3383/3383/3383 3362/3362/3362
f 3362/3362/3362 3383/3383/3383 3363/3363/3363
f 3383/3383/3383 3384/3384/3384 3363/3363/3363
f 3405/3405/3405 3406/3406/3406 3385/3385/3385
f 3406/3406/3406 3407/3407/3407 3386/3386/3386
f 3407/3407/3407 3408/3408/3408 3387/3387/3387
f 3408/3408/3408 3409/3409/3409 3388/3388/3388
f 3409/3409/3409 3410/3410/3410 3389/3389/3389
f 3410/3410/3410 3411/3411/3411 3390/3390/3390
f 3411/3411/3411 3412/3412/3412 3391/3391/3391
f 3412/3412/3412 3413/3413/3413 3392/3392/3392
f 3413/3413/3413 3414/3414/3414 3393/3393/3393
f 3414/3414/3414 3415/3415/3415 3394/3394/3394
f 3415/3415/3415 3416/3416/3416 3395/3395/3395
f 3416/3416/3416 3417/3417/3417 3396/3396/3396
f 3417/3417/3417 3418/3418/3418 3397/3397/3397
f 3418/3418/3418 3419/3419/3419 3398/3398/3398
f 3419/3419/3419 3420/3420/3420 3399/3399/3399
f 3420/3420/3420 3421/3421/3421 3400/3400/3400
f 3421/3421/3421 3422/3422/3422 3401/3401/3401
f 3422/3422/3422 3423/3423/3423 3402/3402/3402
f 3423/3423/3423 3424/3424/3424 3403/3403/3403
f 3424/3424/3424 3425/3425/3425 3404/3404/3404
f 3447/3447/3447 3446/3446/3446 3426/3426/3426
f 3448/3448/3448 3447/3447/3447 3427/3427/3427
f 3449/3449/3449 3448/3448/3448 3428/3428/3428
f 3450/3450/3450 3449/3449/3449 3429/3429/3429
f 3451/3451/3451 3450/3450/3450 3430/3430/3430
f 3452/3452/3452 3451/3451/3451 3431/3431/3431
f 3453/3453/3453 3452/3452/3452 3432/3432/3432
f 3454/3454/3454 3453/3453/3453 3433/3433/3433
f 3455/3455/3455 3454/3454/3454 3434/3434/3434
f 3456/3456/3456 3455/3455/3455 3435/3435/3435
f 3457/3457/3457 3456/3456/3456 3436/3436/3436
f 3458/3458/3458 3457/3457/3457 3437/3437/3437
f 3459/3459/3459 3458/3458/3458 3438/3438/3438
f 3460/3460/3460 3459/3459/3459 3439/3439/3439
f 3461/3461/3461 3460/3460/3460 3440/3440/3440
f 3462/3462/3462 3461/3461/3461 3441/3441/3441
f 3463/3463/3463 3462/3462/3462 3442/3442/3442
f 3464/3464/3464 3463/3463/3463 3443/3443/3443
f 3465/3465/3465 3464/3464/3464 3444/3444/3444
f 3466/3466/3466 3465/3465/3465 3445/3445/3445
o watchtower_rear_left_finial
usemtl dark_granite_trim
v -2.9000000000000004 5.467000006437301 -2
v -2.9000000000000004 5.467000006437301 -2
v -2.9000000000000004 5.467000006437301 -2
v -2.9000000000000004 5.467000006437301 -2
v -2.9000000000000004 5.467000006437301 -2
v -2.9000000000000004 5.467000006437301 -2
v -2.9000000000000004 5.467000006437301 -2
v -2.9000000000000004 5.467000006437301 -2
v -2.9000000000000004 5.467000006437301 -2
v -2.9000000000000004 5.467000006437301 -2
v -2.9000000000000004 5.467000006437301 -2
v -2.9000000000000004 5.467000006437301 -2
v -2.9000000000000004 5.467000006437301 -2
v -2.9000000000000004 5.467000006437301 -2
v -2.9000000000000004 5.467000006437301 -2
v -2.9483991615474228 5.460628135800361 -2
v -2.9436061359941963 5.460628135800361 -1.9790003914386034
v -2.9301763843744997 5.460628135800361 -1.962160013616085
v -2.910769826360047 5.460628135800361 -1.952814307063818
v -2.8892301736399535 5.460628135800361 -1.952814307063818
v -2.869823615625501 5.460628135800361 -1.962160013616085
v -2.8563938640058044 5.460628135800361 -1.9790003914386034
v -2.851600838452578 5.460628135800361 -2
v -2.8563938640058044 5.460628135800361 -2.0209996085613966
v -2.869823615625501 5.460628135800361 -2.037839986383915
v -2.8892301736399535 5.460628135800361 -2.047185692936182
v -2.910769826360047 5.460628135800361 -2.047185692936182
v -2.9301763843744997 5.460628135800361 -2.037839986383915
v -2.9436061359941963 5.460628135800361 -2.0209996085613966
v -2.9483991615474228 5.460628135800361 -2
v -2.993500003218651 5.44194674372673 -2
v -2.9842405855655674 5.44194674372673 -1.9594318717718124
v -2.958296296745539 5.44194674372673 -1.926898755133152
v -2.920805707201362 5.44194674372673 -1.9088442400097847
v -2.8791942927986387 5.44194674372673 -1.9088442400097847
v -2.8417037032544616 5.44194674372673 -1.926898755133152
v -2.8157594144344333 5.44194674372673 -1.9594318717718124
v -2.8064999967813495 5.44194674372673 -2
v -2.8157594144344333 5.44194674372673 -2.0405681282281876
v -2.8417037032544616 5.44194674372673 -2.073101244866848
v -2.8791942927986387 5.44194674372673 -2.0911557599902153
v -2.920805707201362 5.44194674372673 -2.0911557599902153
v -2.958296296745539 5.44194674372673 -2.073101244866848
v -2.9842405855655674 5.44194674372673 -2.0405681282281876
v -2.993500003218651 5.44194674372673 -2
v -3.0322289705276493 5.412228970527648 -2
v -3.019134180247784 5.412228970527648 -1.9426279999315739
v -2.982443416118622 5.412228970527648 -1.8966192305088043
v -2.9294237136840824 5.412228970527648 -1.8710862845182419
v -2.8705762863159183 5.412228970527648 -1.8710862845182419
v -2.8175565838813785 5.412228970527648 -1.8966192305088043
v -2.7808658197522167 5.412228970527648 -1.9426279999315739
v -2.7677710294723514 5.412228970527648 -2
v -2.7808658197522167 5.412228970527648 -2.057372000068426
v -2.8175565838813785 5.412228970527648 -2.1033807694911957
v -2.8705762863159183 5.412228970527648 -2.128913715481758
v -2.9294237136840824 5.412228970527648 -2.128913715481758
v -2.982443416118622 5.412228970527648 -2.1033807694911957
v -3.019134180247784 5.412228970527648 -2.057372000068426
v -3.0322289705276493 5.412228970527648 -2
v -3.0619467437267307 5.37350000321865 -2
v -3.045908981561661 5.37350000321865 -1.9297339394688606
v -3.0009721457958225 5.37350000321865 -1.8733849376440048
v -2.9360365435481075 5.37350000321865 -1.8421135991811752
v -2.863963456451893 5.37350000321865 -1.8421135991811752
v -2.799027854204178 5.37350000321865 -1.8733849376440048
v -2.7540910184383396 5.37350000321865 -1.9297339394688606
v -2.73805325627327 5.37350000321865 -2
v -2.7540910184383396 5.37350000321865 -2.0702660605311394
v -2.799027854204178 5.37350000321865 -2.126615062355995
v -2.863963456451893 5.37350000321865 -2.1578864008188248
v -2.9360365435481075 5.37350000321865 -2.1578864008188248
v -3.0009721457958225 5.37350000321865 -2.126615062355995
v -3.045908981561661 5.37350000321865 -2.0702660605311394
v -3.0619467437267307 5.37350000321865 -2
v -3.080628135800362 5.328399161547422 -2
v -3.0627403199672703 5.328399161547422 -1.9216283932328224
v -3.012619794905186 5.328399161547422 -1.8587792366743088
v -2.9401935391128067 5.328399161547422 -1.8239005953073502
v -2.859806460887194 5.328399161547422 -1.8239005953073502
v -2.7873802050948147 5.328399161547422 -1.8587792366743088
v -2.7372596800327305 5.328399161547422 -1.9216283932328224
v -2.7193718641996387 5.328399161547422 -2
v -2.7372596800327305 5.328399161547422 -2.0783716067671776
v -2.7873802050948147 5.328399161547422 -2.1412207633256912
v -2.859806460887194 5.328399161547422 -2.17609940469265
v -2.9401935391128067 5.328399161547422 -2.17609940469265
v -3.012619794905186 5.328399161547422 -2.1412207633256912
v -3.0627403199672703 5.328399161547422 -2.0783716067671776
v -3.080628135800362 5.328399161547422 -2
v -3.087000006437302 5.279999999999999 -2
v -3.0684811711311344 5.279999999999999 -1.9188637435436249
v -3.016592593491078 5.279999999999999 -1.853797510266304
v -2.9416114144027237 5.279999999999999 -1.8176884800195694
v -2.858388585597277 5.279999999999999 -1.8176884800195694
v -2.783407406508923 5.279999999999999 -1.853797510266304
v -2.7315188288688663 5.279999999999999 -1.9188637435436249
v -2.7129999935626987 5.279999999999999 -2
v -2.7315188288688663 5.279999999999999 -2.081136256456375
v -2.783407406508923 5.279999999999999 -2.146202489733696
v -2.858388585597277 5.279999999999999 -2.1823115199804306
v -2.9416114144027237 5.279999999999999 -2.1823115199804306
v -3.016592593491078 5.279999999999999 -2.146202489733696
v -3.0684811711311344 5.279999999999999 -2.081136256456375
v -3.087000006437302 5.279999999999999 -2
v -3.080628135800362 5.231600838452577 -2
v -3.0627403199672703 5.231600838452577 -1.9216283932328224
v -3.012619794905186 5.231600838452577 -1.8587792366743088
v -2.9401935391128067 5.231600838452577 -1.8239005953073502
v -2.859806460887194 5.231600838452577 -1.8239005953073502
v -2.7873802050948147 5.231600838452577 -1.8587792366743088
v -2.7372596800327305 5.231600838452577 -1.9216283932328224
v -2.7193718641996387 5.231600838452577 -2
v -2.7372596800327305 5.231600838452577 -2.0783716067671776
v -2.7873802050948147 5.231600838452577 -2.1412207633256912
v -2.859806460887194 5.231600838452577 -2.17609940469265
v -2.9401935391128067 5.231600838452577 -2.17609940469265
v -3.012619794905186 5.231600838452577 -2.1412207633256912
v -3.0627403199672703 5.231600838452577 -2.0783716067671776
v -3.080628135800362 5.231600838452577 -2
v -3.0619467437267307 5.1864999967813485 -2
v -3.045908981561661 5.1864999967813485 -1.9297339394688606
v -3.0009721457958225 5.1864999967813485 -1.8733849376440048
v -2.9360365435481075 5.1864999967813485 -1.8421135991811752
v -2.863963456451893 5.1864999967813485 -1.8421135991811752
v -2.799027854204178 5.1864999967813485 -1.8733849376440048
v -2.7540910184383396 5.1864999967813485 -1.9297339394688606
v -2.73805325627327 5.1864999967813485 -2
v -2.7540910184383396 5.1864999967813485 -2.0702660605311394
v -2.799027854204178 5.1864999967813485 -2.126615062355995
v -2.863963456451893 5.1864999967813485 -2.1578864008188248
v -2.9360365435481075 5.1864999967813485 -2.1578864008188248
v -3.0009721457958225 5.1864999967813485 -2.126615062355995
v -3.045908981561661 5.1864999967813485 -2.0702660605311394
v -3.0619467437267307 5.1864999967813485 -2
v -3.0322289705276493 5.14777102947235 -2
v -3.019134180247784 5.14777102947235 -1.9426279999315739
v -2.982443416118622 5.14777102947235 -1.8966192305088043
v -2.9294237136840824 5.14777102947235 -1.8710862845182419
v -2.8705762863159183 5.14777102947235 -1.8710862845182419
v -2.8175565838813785 5.14777102947235 -1.8966192305088043
v -2.7808658197522167 5.14777102947235 -1.9426279999315739
v -2.7677710294723514 5.14777102947235 -2
v -2.7808658197522167 5.14777102947235 -2.057372000068426
v -2.8175565838813785 5.14777102947235 -2.1033807694911957
v -2.8705762863159183 5.14777102947235 -2.128913715481758
v -2.9294237136840824 5.14777102947235 -2.128913715481758
v -2.982443416118622 5.14777102947235 -2.1033807694911957
v -3.019134180247784 5.14777102947235 -2.057372000068426
v -3.0322289705276493 5.14777102947235 -2
v -2.993500003218651 5.118053256273269 -2
v -2.9842405855655674 5.118053256273269 -1.9594318717718124
v -2.958296296745539 5.118053256273269 -1.926898755133152
v -2.920805707201362 5.118053256273269 -1.9088442400097847
v -2.8791942927986387 5.118053256273269 -1.9088442400097847
v -2.8417037032544616 5.118053256273269 -1.926898755133152
v -2.8157594144344333 5.118053256273269 -1.9594318717718124
v -2.8064999967813495 5.118053256273269 -2
v -2.8157594144344333 5.118053256273269 -2.0405681282281876
v -2.8417037032544616 5.118053256273269 -2.073101244866848
v -2.8791942927986387 5.118053256273269 -2.0911557599902153
v -2.920805707201362 5.118053256273269 -2.0911557599902153
v -2.958296296745539 5.118053256273269 -2.073101244866848
v -2.9842405855655674 5.118053256273269 -2.0405681282281876
v -2.993500003218651 5.118053256273269 -2
v -2.9483991615474228 5.099371864199638 -2
v -2.9436061359941963 5.099371864199638 -1.9790003914386034
v -2.9301763843744997 5.099371864199638 -1.962160013616085
v -2.910769826360047 5.099371864199638 -1.952814307063818
v -2.8892301736399535 5.099371864199638 -1.952814307063818
v -2.869823615625501 5.099371864199638 -1.962160013616085
v -2.8563938640058044 5.099371864199638 -1.9790003914386034
v -2.851600838452578 5.099371864199638 -2
v -2.8563938640058044 5.099371864199638 -2.0209996085613966
v -2.869823615625501 5.099371864199638 -2.037839986383915
v -2.8892301736399535 5.099371864199638 -2.047185692936182
v -2.910769826360047 5.099371864199638 -2.047185692936182
v -2.9301763843744997 5.099371864199638 -2.037839986383915
v -2.9436061359941963 5.099371864199638 -2.0209996085613966
v -2.9483991615474228 5.099371864199638 -2
v -2.9000000000000004 5.092999993562698 -2
v -2.9000000000000004 5.092999993562698 -2
v -2.9000000000000004 5.092999993562698 -2
v -2.9000000000000004 5.092999993562698 -2
v -2.9000000000000004 5.092999993562698 -2
v -2.9000000000000004 5.092999993562698 -2
v -2.9000000000000004 5.092999993562698 -2
v -2.9000000000000004 5.092999993562698 -2
v -2.9000000000000004 5.092999993562698 -2
v -2.9000000000000004 5.092999993562698 -2
v -2.9000000000000004 5.092999993562698 -2
v -2.9000000000000004 5.092999993562698 -2
v -2.9000000000000004 5.092999993562698 -2
v -2.9000000000000004 5.092999993562698 -2
v -2.9000000000000004 5.092999993562698 -2
vt 0.0357142873108387 1
vt 0.1071428582072258 1
vt 0.1785714328289032 1
vt 0.25 1
vt 0.3214285671710968 1
vt 0.3928571343421936 1
vt 0.4642857015132904 1
vt 0.5357142686843872 1
vt 0.6071428656578064 1
vt 0.6785714030265808 1
vt 0.75 1
vt 0.8214285969734192 1
vt 0.8928571343421936 1
vt 0.9642857313156128 1
vt 1.0357142686843872 1
vt 0 0.9166666865348816
vt 0.0714285746216774 0.9166666865348816
vt 0.1428571492433548 0.9166666865348816
vt 0.2142857164144516 0.9166666865348816
vt 0.2857142984867096 0.9166666865348816
vt 0.3571428656578064 0.9166666865348816
vt 0.4285714328289032 0.9166666865348816
vt 0.5 0.9166666865348816
vt 0.5714285969734192 0.9166666865348816
vt 0.6428571343421936 0.9166666865348816
vt 0.7142857313156128 0.9166666865348816
vt 0.7857142686843872 0.9166666865348816
vt 0.8571428656578064 0.9166666865348816
vt 0.9285714030265808 0.9166666865348816
vt 1 0.9166666865348816
vt 0 0.8333333134651184
vt 0.0714285746216774 0.8333333134651184
vt 0.1428571492433548 0.8333333134651184
vt 0.2142857164144516 0.8333333134651184
vt 0.2857142984867096 0.8333333134651184
vt 0.3571428656578064 0.8333333134651184
vt 0.4285714328289032 0.8333333134651184
vt 0.5 0.8333333134651184
vt 0.5714285969734192 0.8333333134651184
vt 0.6428571343421936 0.8333333134651184
vt 0.7142857313156128 0.8333333134651184
vt 0.7857142686843872 0.8333333134651184
vt 0.8571428656578064 0.8333333134651184
vt 0.9285714030265808 0.8333333134651184
vt 1 0.8333333134651184
vt 0 0.75
vt 0.0714285746216774 0.75
vt 0.1428571492433548 0.75
vt 0.2142857164144516 0.75
vt 0.2857142984867096 0.75
vt 0.3571428656578064 0.75
vt 0.4285714328289032 0.75
vt 0.5 0.75
vt 0.5714285969734192 0.75
vt 0.6428571343421936 0.75
vt 0.7142857313156128 0.75
vt 0.7857142686843872 0.75
vt 0.8571428656578064 0.75
vt 0.9285714030265808 0.75
vt 1 0.75
vt 0 0.6666666865348816
vt 0.0714285746216774 0.6666666865348816
vt 0.1428571492433548 0.6666666865348816
vt 0.2142857164144516 0.6666666865348816
vt 0.2857142984867096 0.6666666865348816
vt 0.3571428656578064 0.6666666865348816
vt 0.4285714328289032 0.6666666865348816
vt 0.5 0.6666666865348816
vt 0.5714285969734192 0.6666666865348816
vt 0.6428571343421936 0.6666666865348816
vt 0.7142857313156128 0.6666666865348816
vt 0.7857142686843872 0.6666666865348816
vt 0.8571428656578064 0.6666666865348816
vt 0.9285714030265808 0.6666666865348816
vt 1 0.6666666865348816
vt 0 0.5833333134651184
vt 0.0714285746216774 0.5833333134651184
vt 0.1428571492433548 0.5833333134651184
vt 0.2142857164144516 0.5833333134651184
vt 0.2857142984867096 0.5833333134651184
vt 0.3571428656578064 0.5833333134651184
vt 0.4285714328289032 0.5833333134651184
vt 0.5 0.5833333134651184
vt 0.5714285969734192 0.5833333134651184
vt 0.6428571343421936 0.5833333134651184
vt 0.7142857313156128 0.5833333134651184
vt 0.7857142686843872 0.5833333134651184
vt 0.8571428656578064 0.5833333134651184
vt 0.9285714030265808 0.5833333134651184
vt 1 0.5833333134651184
vt 0 0.5
vt 0.0714285746216774 0.5
vt 0.1428571492433548 0.5
vt 0.2142857164144516 0.5
vt 0.2857142984867096 0.5
vt 0.3571428656578064 0.5
vt 0.4285714328289032 0.5
vt 0.5 0.5
vt 0.5714285969734192 0.5
vt 0.6428571343421936 0.5
vt 0.7142857313156128 0.5
vt 0.7857142686843872 0.5
vt 0.8571428656578064 0.5
vt 0.9285714030265808 0.5
vt 1 0.5
vt 0 0.4166666567325592
vt 0.0714285746216774 0.4166666567325592
vt 0.1428571492433548 0.4166666567325592
vt 0.2142857164144516 0.4166666567325592
vt 0.2857142984867096 0.4166666567325592
vt 0.3571428656578064 0.4166666567325592
vt 0.4285714328289032 0.4166666567325592
vt 0.5 0.4166666567325592
vt 0.5714285969734192 0.4166666567325592
vt 0.6428571343421936 0.4166666567325592
vt 0.7142857313156128 0.4166666567325592
vt 0.7857142686843872 0.4166666567325592
vt 0.8571428656578064 0.4166666567325592
vt 0.9285714030265808 0.4166666567325592
vt 1 0.4166666567325592
vt 0 0.3333333432674408
vt 0.0714285746216774 0.3333333432674408
vt 0.1428571492433548 0.3333333432674408
vt 0.2142857164144516 0.3333333432674408
vt 0.2857142984867096 0.3333333432674408
vt 0.3571428656578064 0.3333333432674408
vt 0.4285714328289032 0.3333333432674408
vt 0.5 0.3333333432674408
vt 0.5714285969734192 0.3333333432674408
vt 0.6428571343421936 0.3333333432674408
vt 0.7142857313156128 0.3333333432674408
vt 0.7857142686843872 0.3333333432674408
vt 0.8571428656578064 0.3333333432674408
vt 0.9285714030265808 0.3333333432674408
vt 1 0.3333333432674408
vt 0 0.25
vt 0.0714285746216774 0.25
vt 0.1428571492433548 0.25
vt 0.2142857164144516 0.25
vt 0.2857142984867096 0.25
vt 0.3571428656578064 0.25
vt 0.4285714328289032 0.25
vt 0.5 0.25
vt 0.5714285969734192 0.25
vt 0.6428571343421936 0.25
vt 0.7142857313156128 0.25
vt 0.7857142686843872 0.25
vt 0.8571428656578064 0.25
vt 0.9285714030265808 0.25
vt 1 0.25
vt 0 0.1666666716337204
vt 0.0714285746216774 0.1666666716337204
vt 0.1428571492433548 0.1666666716337204
vt 0.2142857164144516 0.1666666716337204
vt 0.2857142984867096 0.1666666716337204
vt 0.3571428656578064 0.1666666716337204
vt 0.4285714328289032 0.1666666716337204
vt 0.5 0.1666666716337204
vt 0.5714285969734192 0.1666666716337204
vt 0.6428571343421936 0.1666666716337204
vt 0.7142857313156128 0.1666666716337204
vt 0.7857142686843872 0.1666666716337204
vt 0.8571428656578064 0.1666666716337204
vt 0.9285714030265808 0.1666666716337204
vt 1 0.1666666716337204
vt 0 0.0833333358168602
vt 0.0714285746216774 0.0833333358168602
vt 0.1428571492433548 0.0833333358168602
vt 0.2142857164144516 0.0833333358168602
vt 0.2857142984867096 0.0833333358168602
vt 0.3571428656578064 0.0833333358168602
vt 0.4285714328289032 0.0833333358168602
vt 0.5 0.0833333358168602
vt 0.5714285969734192 0.0833333358168602
vt 0.6428571343421936 0.0833333358168602
vt 0.7142857313156128 0.0833333358168602
vt 0.7857142686843872 0.0833333358168602
vt 0.8571428656578064 0.0833333358168602
vt 0.9285714030265808 0.0833333358168602
vt 1 0.0833333358168602
vt -0.0357142873108387 0
vt 0.0357142873108387 0
vt 0.1071428582072258 0
vt 0.1785714328289032 0
vt 0.25 0
vt 0.3214285671710968 0
vt 0.3928571343421936 0
vt 0.4642857015132904 0
vt 0.5357142686843872 0
vt 0.6071428656578064 0
vt 0.6785714030265808 0
vt 0.75 0
vt 0.8214285969734192 0
vt 0.8928571343421936 0
vt 0.9642857313156128 0
vn 0 1 0
vn 0 1 0
vn 0 1 0
vn 0 1 0
vn 0 1 0
vn 0 1 0
vn 0 1 0
vn 0 1 0
vn 0 1 0
vn 0 1 0
vn 0 1 0
vn 0 1 0
vn 0 1 0
vn 0 1 0
vn 0 1 0
vn -0.2588190471264927 0.9659258257467466 0
vn -0.23318790212616303 0.965925825697602 0.11229737998904929
vn -0.1613710393000704 0.9659258243100393 0.20235288385932754
vn -0.057592657150230264 0.9659258242408101 0.25232991877121497
vn 0.057592657150230264 0.9659258242408101 0.25232991877121497
vn 0.1613710393000704 0.9659258243100393 0.20235288385932754
vn 0.23318790212616303 0.965925825697602 0.11229737998904929
vn 0.2588190471264927 0.9659258257467466 3.1696191689360264e-17
vn 0.23318790212616303 0.965925825697602 -0.11229737998904929
vn 0.1613710393000704 0.9659258243100393 -0.20235288385932754
vn 0.057592657150230264 0.9659258242408101 -0.25232991877121497
vn -0.057592657150230264 0.9659258242408101 -0.25232991877121497
vn -0.1613710393000704 0.9659258243100393 -0.20235288385932754
vn -0.23318790212616303 0.965925825697602 -0.11229737998904929
vn -0.2588190471264927 0.9659258257467466 -6.339238337872053e-17
vn -0.5000000067305869 0.8660253998985324 0
vn -0.45048443335647964 0.8660254046333798 0.21694186740480123
vn -0.3117449017387486 0.8660253970778502 0.3909157554461697
vn -0.11126046805406449 0.8660254020684025 0.4874639588940422
vn 0.11126046805406449 0.8660254020684025 0.4874639588940422
vn 0.3117449017387486 0.8660253970778502 0.3909157554461697
vn 0.45048443335647964 0.8660254046333798 0.21694186740480123
vn 0.5000000067305869 0.8660253998985324 6.12323434535176e-17
vn 0.45048443335647964 0.8660254046333798 -0.21694186740480123
vn 0.3117449017387486 0.8660253970778502 -0.3909157554461697
vn 0.11126046805406449 0.8660254020684025 -0.4874639588940422
vn -0.11126046805406449 0.8660254020684025 -0.4874639588940422
vn -0.3117449017387486 0.8660253970778502 -0.3909157554461697
vn -0.45048443335647964 0.8660254046333798 -0.21694186740480123
vn -0.5000000067305869 0.8660253998985324 -1.224646869070352e-16
vn -0.7071067811865476 0.7071067811865476 0
vn -0.6370812093853011 0.7071067730145022 0.3068021254899962
vn -0.4408738704352456 0.7071067837160909 0.5528383369395901
vn -0.15734605593110657 0.7071067736664909 0.6893781468235639
vn 0.15734605593110657 0.7071067736664909 0.6893781468235639
vn 0.4408738704352456 0.7071067837160909 0.5528383369395901
vn 0.6370812093853011 0.7071067730145022 0.3068021254899962
vn 0.7071067811865476 0.7071067811865476 8.659560751628624e-17
vn 0.6370812093853011 0.7071067730145022 -0.3068021254899962
vn 0.4408738704352456 0.7071067837160909 -0.5528383369395901
vn 0.15734605593110657 0.7071067736664909 -0.6893781468235639
vn -0.15734605593110657 0.7071067736664909 -0.6893781468235639
vn -0.4408738704352456 0.7071067837160909 -0.5528383369395901
vn -0.6370812093853011 0.7071067730145022 -0.3068021254899962
vn -0.7071067811865476 0.7071067811865476 -1.7319121503257247e-16
vn -0.8660253998985324 0.5000000067305869 0
vn -0.7802619340813601 0.5000000001780183 0.3757543267157372
vn -0.5399579983513427 0.4999999983037915 0.6770859337725307
vn -0.19270878028593394 0.5000000126740947 0.8443123316205994
vn 0.19270878028593394 0.5000000126740947 0.8443123316205994
vn 0.5399579983513427 0.4999999983037915 0.6770859337725307
vn 0.7802619340813601 0.5000000001780183 0.3757543267157372
vn 0.8660253998985324 0.5000000067305869 1.0605752614896174e-16
vn 0.7802619340813601 0.5000000001780183 -0.3757543267157372
vn 0.5399579983513427 0.4999999983037915 -0.6770859337725307
vn 0.19270878028593394 0.5000000126740947 -0.8443123316205994
vn -0.19270878028593394 0.5000000126740947 -0.8443123316205994
vn -0.5399579983513427 0.4999999983037915 -0.6770859337725307
vn -0.7802619340813601 0.5000000001780183 -0.3757543267157372
vn -0.8660253998985324 0.5000000067305869 -2.1211505229792348e-16
vn -0.9659258257467466 0.2588190471264927 0
vn -0.8702691035676434 0.2588190388267835 0.41909950192806283
vn -0.6022449158945845 0.2588190446318764 0.755191209836931
vn -0.21493871948573373 0.25881904891706803 0.941708047530389
vn 0.21493871948573373 0.25881904891706803 0.941708047530389
vn 0.6022449158945845 0.2588190446318764 0.755191209836931
vn 0.8702691035676434 0.2588190388267835 0.41909950192806283
vn 0.9659258257467466 0.2588190471264927 1.1829179227392118e-16
vn 0.8702691035676434 0.2588190388267835 -0.41909950192806283
vn 0.6022449158945845 0.2588190446318764 -0.755191209836931
vn 0.21493871948573373 0.25881904891706803 -0.941708047530389
vn -0.21493871948573373 0.25881904891706803 -0.941708047530389
vn -0.6022449158945845 0.2588190446318764 -0.755191209836931
vn -0.8702691035676434 0.2588190388267835 -0.41909950192806283
vn -0.9659258257467466 0.2588190471264927 -2.3658358454784237e-16
vn -1 6.123234262925839e-17 0
vn -0.9009688693625448 6.123234396836827e-17 0.4338837360855756
vn -0.6234897889923936 6.123234183151289e-17 0.7818314927285933
vn -0.22252093478534796 6.123234324294117e-17 0.9749279119926021
vn 0.22252093478534796 6.123234324294117e-17 0.9749279119926021
vn 0.6234897889923936 6.123234183151289e-17 0.7818314927285933
vn 0.9009688693625448 6.123234396836827e-17 0.4338837360855756
vn 1 6.123234262925839e-17 1.2246468525851679e-16
vn 0.9009688693625448 6.123234396836827e-17 -0.4338837360855756
vn 0.6234897889923936 6.123234183151289e-17 -0.7818314927285933
vn 0.22252093478534796 6.123234324294117e-17 -0.9749279119926021
vn -0.22252093478534796 6.123234324294117e-17 -0.9749279119926021
vn -0.6234897889923936 6.123234183151289e-17 -0.7818314927285933
vn -0.9009688693625448 6.123234396836827e-17 -0.4338837360855756
vn -1 6.123234262925839e-17 -2.4492937051703357e-16
vn -0.9659258257467466 -0.2588190471264927 0
vn -0.8702691035676434 -0.2588190388267835 0.41909950192806283
vn -0.6022449158945845 -0.2588190446318764 0.755191209836931
vn -0.21493871948573373 -0.25881904891706803 0.941708047530389
vn 0.21493871948573373 -0.25881904891706803 0.941708047530389
vn 0.6022449158945845 -0.2588190446318764 0.755191209836931
vn 0.8702691035676434 -0.2588190388267835 0.41909950192806283
vn 0.9659258257467466 -0.2588190471264927 1.1829179227392118e-16
vn 0.8702691035676434 -0.2588190388267835 -0.41909950192806283
vn 0.6022449158945845 -0.2588190446318764 -0.755191209836931
vn 0.21493871948573373 -0.25881904891706803 -0.941708047530389
vn -0.21493871948573373 -0.25881904891706803 -0.941708047530389
vn -0.6022449158945845 -0.2588190446318764 -0.755191209836931
vn -0.8702691035676434 -0.2588190388267835 -0.41909950192806283
vn -0.9659258257467466 -0.2588190471264927 -2.3658358454784237e-16
vn -0.8660253998985324 -0.5000000067305869 0
vn -0.7802619340813601 -0.5000000001780183 0.3757543267157372
vn -0.5399579983513427 -0.4999999983037915 0.6770859337725307
vn -0.19270878028593394 -0.5000000126740947 0.8443123316205994
vn 0.19270878028593394 -0.5000000126740947 0.8443123316205994
vn 0.5399579983513427 -0.4999999983037915 0.6770859337725307
vn 0.7802619340813601 -0.5000000001780183 0.3757543267157372
vn 0.8660253998985324 -0.5000000067305869 1.0605752614896174e-16
vn 0.7802619340813601 -0.5000000001780183 -0.3757543267157372
vn 0.5399579983513427 -0.4999999983037915 -0.6770859337725307
vn 0.19270878028593394 -0.5000000126740947 -0.8443123316205994
vn -0.19270878028593394 -0.5000000126740947 -0.8443123316205994
vn -0.5399579983513427 -0.4999999983037915 -0.6770859337725307
vn -0.7802619340813601 -0.5000000001780183 -0.3757543267157372
vn -0.8660253998985324 -0.5000000067305869 -2.1211505229792348e-16
vn -0.7071067811865476 -0.7071067811865476 0
vn -0.6370812093853011 -0.7071067730145022 0.3068021254899962
vn -0.4408738704352456 -0.7071067837160909 0.5528383369395901
vn -0.15734605593110657 -0.7071067736664909 0.6893781468235639
vn 0.15734605593110657 -0.7071067736664909 0.6893781468235639
vn 0.4408738704352456 -0.7071067837160909 0.5528383369395901
vn 0.6370812093853011 -0.7071067730145022 0.3068021254899962
vn 0.7071067811865476 -0.7071067811865476 8.659560751628624e-17
vn 0.6370812093853011 -0.7071067730145022 -0.3068021254899962
vn 0.4408738704352456 -0.7071067837160909 -0.5528383369395901
vn 0.15734605593110657 -0.7071067736664909 -0.6893781468235639
vn -0.15734605593110657 -0.7071067736664909 -0.6893781468235639
vn -0.4408738704352456 -0.7071067837160909 -0.5528383369395901
vn -0.6370812093853011 -0.7071067730145022 -0.3068021254899962
vn -0.7071067811865476 -0.7071067811865476 -1.7319121503257247e-16
vn -0.5000000067305869 -0.8660253998985324 0
vn -0.45048443335647964 -0.8660254046333798 0.21694186740480123
vn -0.3117449017387486 -0.8660253970778502 0.3909157554461697
vn -0.11126046805406449 -0.8660254020684025 0.4874639588940422
vn 0.11126046805406449 -0.8660254020684025 0.4874639588940422
vn 0.3117449017387486 -0.8660253970778502 0.3909157554461697
vn 0.45048443335647964 -0.8660254046333798 0.21694186740480123
vn 0.5000000067305869 -0.8660253998985324 6.12323434535176e-17
vn 0.45048443335647964 -0.8660254046333798 -0.21694186740480123
vn 0.3117449017387486 -0.8660253970778502 -0.3909157554461697
vn 0.11126046805406449 -0.8660254020684025 -0.4874639588940422
vn -0.11126046805406449 -0.8660254020684025 -0.4874639588940422
vn -0.3117449017387486 -0.8660253970778502 -0.3909157554461697
vn -0.45048443335647964 -0.8660254046333798 -0.21694186740480123
vn -0.5000000067305869 -0.8660253998985324 -1.224646869070352e-16
vn -0.2588190471264927 -0.9659258257467466 0
vn -0.23318790212616303 -0.965925825697602 0.11229737998904929
vn -0.1613710393000704 -0.9659258243100393 0.20235288385932754
vn -0.057592657150230264 -0.9659258242408101 0.25232991877121497
vn 0.057592657150230264 -0.9659258242408101 0.25232991877121497
vn 0.1613710393000704 -0.9659258243100393 0.20235288385932754
vn 0.23318790212616303 -0.965925825697602 0.11229737998904929
vn 0.2588190471264927 -0.9659258257467466 3.1696191689360264e-17
vn 0.23318790212616303 -0.965925825697602 -0.11229737998904929
vn 0.1613710393000704 -0.9659258243100393 -0.20235288385932754
vn 0.057592657150230264 -0.9659258242408101 -0.25232991877121497
vn -0.057592657150230264 -0.9659258242408101 -0.25232991877121497
vn -0.1613710393000704 -0.9659258243100393 -0.20235288385932754
vn -0.23318790212616303 -0.965925825697602 -0.11229737998904929
vn -0.2588190471264927 -0.9659258257467466 -6.339238337872053e-17
vn -1.2246468525851679e-16 -1 0
vn -1.1033686090228481e-16 -1 5.313543226372388e-17
vn -7.635548062777348e-17 -1 9.574674485560909e-17
vn -2.7250955737302164e-17 -1 1.1939423052938935e-16
vn 2.7250955737302164e-17 -1 1.1939423052938935e-16
vn 7.635548062777348e-17 -1 9.574674485560909e-17
vn 1.1033686090228481e-16 -1 5.313543226372388e-17
vn 1.2246468525851679e-16 -1 1.4997597572211942e-32
vn 1.1033686090228481e-16 -1 -5.313543226372388e-17
vn 7.635548062777348e-17 -1 -9.574674485560909e-17
vn 2.7250955737302164e-17 -1 -1.1939423052938935e-16
vn -2.7250955737302164e-17 -1 -1.1939423052938935e-16
vn -7.635548062777348e-17 -1 -9.574674485560909e-17
vn -1.1033686090228481e-16 -1 -5.313543226372388e-17
vn -1.2246468525851679e-16 -1 -2.9995195144423884e-32
f 3467/3467/3467 3482/3482/3482 3483/3483/3483
f 3468/3468/3468 3483/3483/3483 3484/3484/3484
f 3469/3469/3469 3484/3484/3484 3485/3485/3485
f 3470/3470/3470 3485/3485/3485 3486/3486/3486
f 3471/3471/3471 3486/3486/3486 3487/3487/3487
f 3472/3472/3472 3487/3487/3487 3488/3488/3488
f 3473/3473/3473 3488/3488/3488 3489/3489/3489
f 3474/3474/3474 3489/3489/3489 3490/3490/3490
f 3475/3475/3475 3490/3490/3490 3491/3491/3491
f 3476/3476/3476 3491/3491/3491 3492/3492/3492
f 3477/3477/3477 3492/3492/3492 3493/3493/3493
f 3478/3478/3478 3493/3493/3493 3494/3494/3494
f 3479/3479/3479 3494/3494/3494 3495/3495/3495
f 3480/3480/3480 3495/3495/3495 3496/3496/3496
f 3483/3483/3483 3482/3482/3482 3498/3498/3498
f 3482/3482/3482 3497/3497/3497 3498/3498/3498
f 3484/3484/3484 3483/3483/3483 3499/3499/3499
f 3483/3483/3483 3498/3498/3498 3499/3499/3499
f 3485/3485/3485 3484/3484/3484 3500/3500/3500
f 3484/3484/3484 3499/3499/3499 3500/3500/3500
f 3486/3486/3486 3485/3485/3485 3501/3501/3501
f 3485/3485/3485 3500/3500/3500 3501/3501/3501
f 3487/3487/3487 3486/3486/3486 3502/3502/3502
f 3486/3486/3486 3501/3501/3501 3502/3502/3502
f 3488/3488/3488 3487/3487/3487 3503/3503/3503
f 3487/3487/3487 3502/3502/3502 3503/3503/3503
f 3489/3489/3489 3488/3488/3488 3504/3504/3504
f 3488/3488/3488 3503/3503/3503 3504/3504/3504
f 3490/3490/3490 3489/3489/3489 3505/3505/3505
f 3489/3489/3489 3504/3504/3504 3505/3505/3505
f 3491/3491/3491 3490/3490/3490 3506/3506/3506
f 3490/3490/3490 3505/3505/3505 3506/3506/3506
f 3492/3492/3492 3491/3491/3491 3507/3507/3507
f 3491/3491/3491 3506/3506/3506 3507/3507/3507
f 3493/3493/3493 3492/3492/3492 3508/3508/3508
f 3492/3492/3492 3507/3507/3507 3508/3508/3508
f 3494/3494/3494 3493/3493/3493 3509/3509/3509
f 3493/3493/3493 3508/3508/3508 3509/3509/3509
f 3495/3495/3495 3494/3494/3494 3510/3510/3510
f 3494/3494/3494 3509/3509/3509 3510/3510/3510
f 3496/3496/3496 3495/3495/3495 3511/3511/3511
f 3495/3495/3495 3510/3510/3510 3511/3511/3511
f 3498/3498/3498 3497/3497/3497 3513/3513/3513
f 3497/3497/3497 3512/3512/3512 3513/3513/3513
f 3499/3499/3499 3498/3498/3498 3514/3514/3514
f 3498/3498/3498 3513/3513/3513 3514/3514/3514
f 3500/3500/3500 3499/3499/3499 3515/3515/3515
f 3499/3499/3499 3514/3514/3514 3515/3515/3515
f 3501/3501/3501 3500/3500/3500 3516/3516/3516
f 3500/3500/3500 3515/3515/3515 3516/3516/3516
f 3502/3502/3502 3501/3501/3501 3517/3517/3517
f 3501/3501/3501 3516/3516/3516 3517/3517/3517
f 3503/3503/3503 3502/3502/3502 3518/3518/3518
f 3502/3502/3502 3517/3517/3517 3518/3518/3518
f 3504/3504/3504 3503/3503/3503 3519/3519/3519
f 3503/3503/3503 3518/3518/3518 3519/3519/3519
f 3505/3505/3505 3504/3504/3504 3520/3520/3520
f 3504/3504/3504 3519/3519/3519 3520/3520/3520
f 3506/3506/3506 3505/3505/3505 3521/3521/3521
f 3505/3505/3505 3520/3520/3520 3521/3521/3521
f 3507/3507/3507 3506/3506/3506 3522/3522/3522
f 3506/3506/3506 3521/3521/3521 3522/3522/3522
f 3508/3508/3508 3507/3507/3507 3523/3523/3523
f 3507/3507/3507 3522/3522/3522 3523/3523/3523
f 3509/3509/3509 3508/3508/3508 3524/3524/3524
f 3508/3508/3508 3523/3523/3523 3524/3524/3524
f 3510/3510/3510 3509/3509/3509 3525/3525/3525
f 3509/3509/3509 3524/3524/3524 3525/3525/3525
f 3511/3511/3511 3510/3510/3510 3526/3526/3526
f 3510/3510/3510 3525/3525/3525 3526/3526/3526
f 3513/3513/3513 3512/3512/3512 3528/3528/3528
f 3512/3512/3512 3527/3527/3527 3528/3528/3528
f 3514/3514/3514 3513/3513/3513 3529/3529/3529
f 3513/3513/3513 3528/3528/3528 3529/3529/3529
f 3515/3515/3515 3514/3514/3514 3530/3530/3530
f 3514/3514/3514 3529/3529/3529 3530/3530/3530
f 3516/3516/3516 3515/3515/3515 3531/3531/3531
f 3515/3515/3515 3530/3530/3530 3531/3531/3531
f 3517/3517/3517 3516/3516/3516 3532/3532/3532
f 3516/3516/3516 3531/3531/3531 3532/3532/3532
f 3518/3518/3518 3517/3517/3517 3533/3533/3533
f 3517/3517/3517 3532/3532/3532 3533/3533/3533
f 3519/3519/3519 3518/3518/3518 3534/3534/3534
f 3518/3518/3518 3533/3533/3533 3534/3534/3534
f 3520/3520/3520 3519/3519/3519 3535/3535/3535
f 3519/3519/3519 3534/3534/3534 3535/3535/3535
f 3521/3521/3521 3520/3520/3520 3536/3536/3536
f 3520/3520/3520 3535/3535/3535 3536/3536/3536
f 3522/3522/3522 3521/3521/3521 3537/3537/3537
f 3521/3521/3521 3536/3536/3536 3537/3537/3537
f 3523/3523/3523 3522/3522/3522 3538/3538/3538
f 3522/3522/3522 3537/3537/3537 3538/3538/3538
f 3524/3524/3524 3523/3523/3523 3539/3539/3539
f 3523/3523/3523 3538/3538/3538 3539/3539/3539
f 3525/3525/3525 3524/3524/3524 3540/3540/3540
f 3524/3524/3524 3539/3539/3539 3540/3540/3540
f 3526/3526/3526 3525/3525/3525 3541/3541/3541
f 3525/3525/3525 3540/3540/3540 3541/3541/3541
f 3528/3528/3528 3527/3527/3527 3543/3543/3543
f 3527/3527/3527 3542/3542/3542 3543/3543/3543
f 3529/3529/3529 3528/3528/3528 3544/3544/3544
f 3528/3528/3528 3543/3543/3543 3544/3544/3544
f 3530/3530/3530 3529/3529/3529 3545/3545/3545
f 3529/3529/3529 3544/3544/3544 3545/3545/3545
f 3531/3531/3531 3530/3530/3530 3546/3546/3546
f 3530/3530/3530 3545/3545/3545 3546/3546/3546
f 3532/3532/3532 3531/3531/3531 3547/3547/3547
f 3531/3531/3531 3546/3546/3546 3547/3547/3547
f 3533/3533/3533 3532/3532/3532 3548/3548/3548
f 3532/3532/3532 3547/3547/3547 3548/3548/3548
f 3534/3534/3534 3533/3533/3533 3549/3549/3549
f 3533/3533/3533 3548/3548/3548 3549/3549/3549
f 3535/3535/3535 3534/3534/3534 3550/3550/3550
f 3534/3534/3534 3549/3549/3549 3550/3550/3550
f 3536/3536/3536 3535/3535/3535 3551/3551/3551
f 3535/3535/3535 3550/3550/3550 3551/3551/3551
f 3537/3537/3537 3536/3536/3536 3552/3552/3552
f 3536/3536/3536 3551/3551/3551 3552/3552/3552
f 3538/3538/3538 3537/3537/3537 3553/3553/3553
f 3537/3537/3537 3552/3552/3552 3553/3553/3553
f 3539/3539/3539 3538/3538/3538 3554/3554/3554
f 3538/3538/3538 3553/3553/3553 3554/3554/3554
f 3540/3540/3540 3539/3539/3539 3555/3555/3555
f 3539/3539/3539 3554/3554/3554 3555/3555/3555
f 3541/3541/3541 3540/3540/3540 3556/3556/3556
f 3540/3540/3540 3555/3555/3555 3556/3556/3556
f 3543/3543/3543 3542/3542/3542 3558/3558/3558
f 3542/3542/3542 3557/3557/3557 3558/3558/3558
f 3544/3544/3544 3543/3543/3543 3559/3559/3559
f 3543/3543/3543 3558/3558/3558 3559/3559/3559
f 3545/3545/3545 3544/3544/3544 3560/3560/3560
f 3544/3544/3544 3559/3559/3559 3560/3560/3560
f 3546/3546/3546 3545/3545/3545 3561/3561/3561
f 3545/3545/3545 3560/3560/3560 3561/3561/3561
f 3547/3547/3547 3546/3546/3546 3562/3562/3562
f 3546/3546/3546 3561/3561/3561 3562/3562/3562
f 3548/3548/3548 3547/3547/3547 3563/3563/3563
f 3547/3547/3547 3562/3562/3562 3563/3563/3563
f 3549/3549/3549 3548/3548/3548 3564/3564/3564
f 3548/3548/3548 3563/3563/3563 3564/3564/3564
f 3550/3550/3550 3549/3549/3549 3565/3565/3565
f 3549/3549/3549 3564/3564/3564 3565/3565/3565
f 3551/3551/3551 3550/3550/3550 3566/3566/3566
f 3550/3550/3550 3565/3565/3565 3566/3566/3566
f 3552/3552/3552 3551/3551/3551 3567/3567/3567
f 3551/3551/3551 3566/3566/3566 3567/3567/3567
f 3553/3553/3553 3552/3552/3552 3568/3568/3568
f 3552/3552/3552 3567/3567/3567 3568/3568/3568
f 3554/3554/3554 3553/3553/3553 3569/3569/3569
f 3553/3553/3553 3568/3568/3568 3569/3569/3569
f 3555/3555/3555 3554/3554/3554 3570/3570/3570
f 3554/3554/3554 3569/3569/3569 3570/3570/3570
f 3556/3556/3556 3555/3555/3555 3571/3571/3571
f 3555/3555/3555 3570/3570/3570 3571/3571/3571
f 3558/3558/3558 3557/3557/3557 3573/3573/3573
f 3557/3557/3557 3572/3572/3572 3573/3573/3573
f 3559/3559/3559 3558/3558/3558 3574/3574/3574
f 3558/3558/3558 3573/3573/3573 3574/3574/3574
f 3560/3560/3560 3559/3559/3559 3575/3575/3575
f 3559/3559/3559 3574/3574/3574 3575/3575/3575
f 3561/3561/3561 3560/3560/3560 3576/3576/3576
f 3560/3560/3560 3575/3575/3575 3576/3576/3576
f 3562/3562/3562 3561/3561/3561 3577/3577/3577
f 3561/3561/3561 3576/3576/3576 3577/3577/3577
f 3563/3563/3563 3562/3562/3562 3578/3578/3578
f 3562/3562/3562 3577/3577/3577 3578/3578/3578
f 3564/3564/3564 3563/3563/3563 3579/3579/3579
f 3563/3563/3563 3578/3578/3578 3579/3579/3579
f 3565/3565/3565 3564/3564/3564 3580/3580/3580
f 3564/3564/3564 3579/3579/3579 3580/3580/3580
f 3566/3566/3566 3565/3565/3565 3581/3581/3581
f 3565/3565/3565 3580/3580/3580 3581/3581/3581
f 3567/3567/3567 3566/3566/3566 3582/3582/3582
f 3566/3566/3566 3581/3581/3581 3582/3582/3582
f 3568/3568/3568 3567/3567/3567 3583/3583/3583
f 3567/3567/3567 3582/3582/3582 3583/3583/3583
f 3569/3569/3569 3568/3568/3568 3584/3584/3584
f 3568/3568/3568 3583/3583/3583 3584/3584/3584
f 3570/3570/3570 3569/3569/3569 3585/3585/3585
f 3569/3569/3569 3584/3584/3584 3585/3585/3585
f 3571/3571/3571 3570/3570/3570 3586/3586/3586
f 3570/3570/3570 3585/3585/3585 3586/3586/3586
f 3573/3573/3573 3572/3572/3572 3588/3588/3588
f 3572/3572/3572 3587/3587/3587 3588/3588/3588
f 3574/3574/3574 3573/3573/3573 3589/3589/3589
f 3573/3573/3573 3588/3588/3588 3589/3589/3589
f 3575/3575/3575 3574/3574/3574 3590/3590/3590
f 3574/3574/3574 3589/3589/3589 3590/3590/3590
f 3576/3576/3576 3575/3575/3575 3591/3591/3591
f 3575/3575/3575 3590/3590/3590 3591/3591/3591
f 3577/3577/3577 3576/3576/3576 3592/3592/3592
f 3576/3576/3576 3591/3591/3591 3592/3592/3592
f 3578/3578/3578 3577/3577/3577 3593/3593/3593
f 3577/3577/3577 3592/3592/3592 3593/3593/3593
f 3579/3579/3579 3578/3578/3578 3594/3594/3594
f 3578/3578/3578 3593/3593/3593 3594/3594/3594
f 3580/3580/3580 3579/3579/3579 3595/3595/3595
f 3579/3579/3579 3594/3594/3594 3595/3595/3595
f 3581/3581/3581 3580/3580/3580 3596/3596/3596
f 3580/3580/3580 3595/3595/3595 3596/3596/3596
f 3582/3582/3582 3581/3581/3581 3597/3597/3597
f 3581/3581/3581 3596/3596/3596 3597/3597/3597
f 3583/3583/3583 3582/3582/3582 3598/3598/3598
f 3582/3582/3582 3597/3597/3597 3598/3598/3598
f 3584/3584/3584 3583/3583/3583 3599/3599/3599
f 3583/3583/3583 3598/3598/3598 3599/3599/3599
f 3585/3585/3585 3584/3584/3584 3600/3600/3600
f 3584/3584/3584 3599/3599/3599 3600/3600/3600
f 3586/3586/3586 3585/3585/3585 3601/3601/3601
f 3585/3585/3585 3600/3600/3600 3601/3601/3601
f 3588/3588/3588 3587/3587/3587 3603/3603/3603
f 3587/3587/3587 3602/3602/3602 3603/3603/3603
f 3589/3589/3589 3588/3588/3588 3604/3604/3604
f 3588/3588/3588 3603/3603/3603 3604/3604/3604
f 3590/3590/3590 3589/3589/3589 3605/3605/3605
f 3589/3589/3589 3604/3604/3604 3605/3605/3605
f 3591/3591/3591 3590/3590/3590 3606/3606/3606
f 3590/3590/3590 3605/3605/3605 3606/3606/3606
f 3592/3592/3592 3591/3591/3591 3607/3607/3607
f 3591/3591/3591 3606/3606/3606 3607/3607/3607
f 3593/3593/3593 3592/3592/3592 3608/3608/3608
f 3592/3592/3592 3607/3607/3607 3608/3608/3608
f 3594/3594/3594 3593/3593/3593 3609/3609/3609
f 3593/3593/3593 3608/3608/3608 3609/3609/3609
f 3595/3595/3595 3594/3594/3594 3610/3610/3610
f 3594/3594/3594 3609/3609/3609 3610/3610/3610
f 3596/3596/3596 3595/3595/3595 3611/3611/3611
f 3595/3595/3595 3610/3610/3610 3611/3611/3611
f 3597/3597/3597 3596/3596/3596 3612/3612/3612
f 3596/3596/3596 3611/3611/3611 3612/3612/3612
f 3598/3598/3598 3597/3597/3597 3613/3613/3613
f 3597/3597/3597 3612/3612/3612 3613/3613/3613
f 3599/3599/3599 3598/3598/3598 3614/3614/3614
f 3598/3598/3598 3613/3613/3613 3614/3614/3614
f 3600/3600/3600 3599/3599/3599 3615/3615/3615
f 3599/3599/3599 3614/3614/3614 3615/3615/3615
f 3601/3601/3601 3600/3600/3600 3616/3616/3616
f 3600/3600/3600 3615/3615/3615 3616/3616/3616
f 3603/3603/3603 3602/3602/3602 3618/3618/3618
f 3602/3602/3602 3617/3617/3617 3618/3618/3618
f 3604/3604/3604 3603/3603/3603 3619/3619/3619
f 3603/3603/3603 3618/3618/3618 3619/3619/3619
f 3605/3605/3605 3604/3604/3604 3620/3620/3620
f 3604/3604/3604 3619/3619/3619 3620/3620/3620
f 3606/3606/3606 3605/3605/3605 3621/3621/3621
f 3605/3605/3605 3620/3620/3620 3621/3621/3621
f 3607/3607/3607 3606/3606/3606 3622/3622/3622
f 3606/3606/3606 3621/3621/3621 3622/3622/3622
f 3608/3608/3608 3607/3607/3607 3623/3623/3623
f 3607/3607/3607 3622/3622/3622 3623/3623/3623
f 3609/3609/3609 3608/3608/3608 3624/3624/3624
f 3608/3608/3608 3623/3623/3623 3624/3624/3624
f 3610/3610/3610 3609/3609/3609 3625/3625/3625
f 3609/3609/3609 3624/3624/3624 3625/3625/3625
f 3611/3611/3611 3610/3610/3610 3626/3626/3626
f 3610/3610/3610 3625/3625/3625 3626/3626/3626
f 3612/3612/3612 3611/3611/3611 3627/3627/3627
f 3611/3611/3611 3626/3626/3626 3627/3627/3627
f 3613/3613/3613 3612/3612/3612 3628/3628/3628
f 3612/3612/3612 3627/3627/3627 3628/3628/3628
f 3614/3614/3614 3613/3613/3613 3629/3629/3629
f 3613/3613/3613 3628/3628/3628 3629/3629/3629
f 3615/3615/3615 3614/3614/3614 3630/3630/3630
f 3614/3614/3614 3629/3629/3629 3630/3630/3630
f 3616/3616/3616 3615/3615/3615 3631/3631/3631
f 3615/3615/3615 3630/3630/3630 3631/3631/3631
f 3618/3618/3618 3617/3617/3617 3633/3633/3633
f 3617/3617/3617 3632/3632/3632 3633/3633/3633
f 3619/3619/3619 3618/3618/3618 3634/3634/3634
f 3618/3618/3618 3633/3633/3633 3634/3634/3634
f 3620/3620/3620 3619/3619/3619 3635/3635/3635
f 3619/3619/3619 3634/3634/3634 3635/3635/3635
f 3621/3621/3621 3620/3620/3620 3636/3636/3636
f 3620/3620/3620 3635/3635/3635 3636/3636/3636
f 3622/3622/3622 3621/3621/3621 3637/3637/3637
f 3621/3621/3621 3636/3636/3636 3637/3637/3637
f 3623/3623/3623 3622/3622/3622 3638/3638/3638
f 3622/3622/3622 3637/3637/3637 3638/3638/3638
f 3624/3624/3624 3623/3623/3623 3639/3639/3639
f 3623/3623/3623 3638/3638/3638 3639/3639/3639
f 3625/3625/3625 3624/3624/3624 3640/3640/3640
f 3624/3624/3624 3639/3639/3639 3640/3640/3640
f 3626/3626/3626 3625/3625/3625 3641/3641/3641
f 3625/3625/3625 3640/3640/3640 3641/3641/3641
f 3627/3627/3627 3626/3626/3626 3642/3642/3642
f 3626/3626/3626 3641/3641/3641 3642/3642/3642
f 3628/3628/3628 3627/3627/3627 3643/3643/3643
f 3627/3627/3627 3642/3642/3642 3643/3643/3643
f 3629/3629/3629 3628/3628/3628 3644/3644/3644
f 3628/3628/3628 3643/3643/3643 3644/3644/3644
f 3630/3630/3630 3629/3629/3629 3645/3645/3645
f 3629/3629/3629 3644/3644/3644 3645/3645/3645
f 3631/3631/3631 3630/3630/3630 3646/3646/3646
f 3630/3630/3630 3645/3645/3645 3646/3646/3646
f 3633/3633/3633 3632/3632/3632 3648/3648/3648
f 3634/3634/3634 3633/3633/3633 3649/3649/3649
f 3635/3635/3635 3634/3634/3634 3650/3650/3650
f 3636/3636/3636 3635/3635/3635 3651/3651/3651
f 3637/3637/3637 3636/3636/3636 3652/3652/3652
f 3638/3638/3638 3637/3637/3637 3653/3653/3653
f 3639/3639/3639 3638/3638/3638 3654/3654/3654
f 3640/3640/3640 3639/3639/3639 3655/3655/3655
f 3641/3641/3641 3640/3640/3640 3656/3656/3656
f 3642/3642/3642 3641/3641/3641 3657/3657/3657
f 3643/3643/3643 3642/3642/3642 3658/3658/3658
f 3644/3644/3644 3643/3643/3643 3659/3659/3659
f 3645/3645/3645 3644/3644/3644 3660/3660/3660
f 3646/3646/3646 3645/3645/3645 3661/3661/3661
o watchtower_rear_left_slit_0
usemtl dark_granite_trim
v -2.8499999992549423 2.575 -1.1125000017881392
v -2.8499999992549423 2.575 -1.2724999982118606
v -2.8499999992549423 2.075 -1.1125000017881392
v -2.8499999992549423 2.075 -1.2724999982118606
v -2.9500000007450584 2.575 -1.2724999982118606
v -2.9500000007450584 2.575 -1.1125000017881392
v -2.9500000007450584 2.075 -1.2724999982118606
v -2.9500000007450584 2.075 -1.1125000017881392
v -2.9500000007450584 2.575 -1.2724999982118606
v -2.8499999992549423 2.575 -1.2724999982118606
v -2.9500000007450584 2.575 -1.1125000017881392
v -2.8499999992549423 2.575 -1.1125000017881392
v -2.9500000007450584 2.075 -1.1125000017881392
v -2.8499999992549423 2.075 -1.1125000017881392
v -2.9500000007450584 2.075 -1.2724999982118606
v -2.8499999992549423 2.075 -1.2724999982118606
v -2.9500000007450584 2.575 -1.1125000017881392
v -2.8499999992549423 2.575 -1.1125000017881392
v -2.9500000007450584 2.075 -1.1125000017881392
v -2.8499999992549423 2.075 -1.1125000017881392
v -2.8499999992549423 2.575 -1.2724999982118606
v -2.9500000007450584 2.575 -1.2724999982118606
v -2.8499999992549423 2.075 -1.2724999982118606
v -2.9500000007450584 2.075 -1.2724999982118606
vt 0 1
vt 1 1
vt 0 0
vt 1 0
vt 0 1
vt 1 1
vt 0 0
vt 1 0
vt 0 1
vt 1 1
vt 0 0
vt 1 0
vt 0 1
vt 1 1
vt 0 0
vt 1 0
vt 0 1
vt 1 1
vt 0 0
vt 1 0
vt 0 1
vt 1 1
vt 0 0
vt 1 0
vn 1 0 0
vn 1 0 0
vn 1 0 0
vn 1 0 0
vn -1 0 0
vn -1 0 0
vn -1 0 0
vn -1 0 0
vn 0 1 0
vn 0 1 0
vn 0 1 0
vn 0 1 0
vn 0 -1 0
vn 0 -1 0
vn 0 -1 0
vn 0 -1 0
vn 0 0 1
vn 0 0 1
vn 0 0 1
vn 0 0 1
vn 0 0 -1
vn 0 0 -1
vn 0 0 -1
vn 0 0 -1
f 3662/3662/3662 3664/3664/3664 3663/3663/3663
f 3664/3664/3664 3665/3665/3665 3663/3663/3663
f 3666/3666/3666 3668/3668/3668 3667/3667/3667
f 3668/3668/3668 3669/3669/3669 3667/3667/3667
f 3670/3670/3670 3672/3672/3672 3671/3671/3671
f 3672/3672/3672 3673/3673/3673 3671/3671/3671
f 3674/3674/3674 3676/3676/3676 3675/3675/3675
f 3676/3676/3676 3677/3677/3677 3675/3675/3675
f 3678/3678/3678 3680/3680/3680 3679/3679/3679
f 3680/3680/3680 3681/3681/3681 3679/3679/3679
f 3682/3682/3682 3684/3684/3684 3683/3683/3683
f 3684/3684/3684 3685/3685/3685 3683/3683/3683
o watchtower_rear_left_slit_1
usemtl dark_granite_trim
v -2.1564024560624144 2.575 -2.487051269940391
v -2.294966517570776 2.575 -2.4070512717285304
v -2.1564024560624144 2.075 -2.487051269940391
v -2.294966517570776 2.075 -2.4070512717285304
v -2.244966516825718 2.575 -2.320448730059608
v -2.1064024553173564 2.575 -2.400448728271469
v -2.244966516825718 2.075 -2.320448730059608
v -2.1064024553173564 2.075 -2.400448728271469
v -2.244966516825718 2.575 -2.320448730059608
v -2.294966517570776 2.575 -2.4070512717285304
v -2.1064024553173564 2.575 -2.400448728271469
v -2.1564024560624144 2.575 -2.487051269940391
v -2.1064024553173564 2.075 -2.400448728271469
v -2.1564024560624144 2.075 -2.487051269940391
v -2.244966516825718 2.075 -2.320448730059608
v -2.294966517570776 2.075 -2.4070512717285304
v -2.1064024553173564 2.575 -2.400448728271469
v -2.1564024560624144 2.575 -2.487051269940391
v -2.1064024553173564 2.075 -2.400448728271469
v -2.1564024560624144 2.075 -2.487051269940391
v -2.294966517570776 2.575 -2.4070512717285304
v -2.244966516825718 2.575 -2.320448730059608
v -2.294966517570776 2.075 -2.4070512717285304
v -2.244966516825718 2.075 -2.320448730059608
vt 0 1
vt 1 1
vt 0 0
vt 1 0
vt 0 1
vt 1 1
vt 0 0
vt 1 0
vt 0 1
vt 1 1
vt 0 0
vt 1 0
vt 0 1
vt 1 1
vt 0 0
vt 1 0
vt 0 1
vt 1 1
vt 0 0
vt 1 0
vt 0 1
vt 1 1
vt 0 0
vt 1 0
vn -0.4999999999999998 0 -0.8660254037844388
vn -0.4999999999999998 0 -0.8660254037844388
vn -0.4999999999999998 0 -0.8660254037844388
vn -0.4999999999999998 0 -0.8660254037844388
vn 0.4999999999999998 0 0.8660254037844388
vn 0.4999999999999998 0 0.8660254037844388
vn 0.4999999999999998 0 0.8660254037844388
vn 0.4999999999999998 0 0.8660254037844388
vn 0 1 0
vn 0 1 0
vn 0 1 0
vn 0 1 0
vn 0 -1 0
vn 0 -1 0
vn 0 -1 0
vn 0 -1 0
vn 0.8660254037844388 0 -0.4999999999999998
vn 0.8660254037844388 0 -0.4999999999999998
vn 0.8660254037844388 0 -0.4999999999999998
vn 0.8660254037844388 0 -0.4999999999999998
vn -0.8660254037844388 0 0.4999999999999998
vn -0.8660254037844388 0 0.4999999999999998
vn -0.8660254037844388 0 0.4999999999999998
vn -0.8660254037844388 0 0.4999999999999998
f 3686/3686/3686 3688/3688/3688 3687/3687/3687
f 3688/3688/3688 3689/3689/3689 3687/3687/3687
f 3690/3690/3690 3692/3692/3692 3691/3691/3691
f 3692/3692/3692 3693/3693/3693 3691/3691/3691
f 3694/3694/3694 3696/3696/3696 3695/3695/3695
f 3696/3696/3696 3697/3697/3697 3695/3695/3695
f 3698/3698/3698 3700/3700/3700 3699/3699/3699
f 3700/3700/3700 3701/3701/3701 3699/3699/3699
f 3702/3702/3702 3704/3704/3704 3703/3703/3703
f 3704/3704/3704 3705/3705/3705 3703/3703/3703
f 3706/3706/3706 3708/3708/3708 3707/3707/3707
f 3708/3708/3708 3709/3709/3709 3707/3707/3707
o watchtower_rear_left_slit_2
usemtl dark_granite_trim
v -3.6935975446826443 2.575 -2.4004487282714697
v -3.5550334831742827 2.575 -2.320448730059609
v -3.6935975446826443 2.075 -2.4004487282714697
v -3.5550334831742827 2.075 -2.320448730059609
v -3.5050334824292246 2.575 -2.4070512717285313
v -3.6435975439375863 2.575 -2.487051269940392
v -3.5050334824292246 2.075 -2.4070512717285313
v -3.6435975439375863 2.075 -2.487051269940392
v -3.5050334824292246 2.575 -2.4070512717285313
v -3.5550334831742827 2.575 -2.320448730059609
v -3.6435975439375863 2.575 -2.487051269940392
v -3.6935975446826443 2.575 -2.4004487282714697
v -3.6435975439375863 2.075 -2.487051269940392
v -3.6935975446826443 2.075 -2.4004487282714697
v -3.5050334824292246 2.075 -2.4070512717285313
v -3.5550334831742827 2.075 -2.320448730059609
v -3.6435975439375863 2.575 -2.487051269940392
v -3.6935975446826443 2.575 -2.4004487282714697
v -3.6435975439375863 2.075 -2.487051269940392
v -3.6935975446826443 2.075 -2.4004487282714697
v -3.5550334831742827 2.575 -2.320448730059609
v -3.5050334824292246 2.575 -2.4070512717285313
v -3.5550334831742827 2.075 -2.320448730059609
v -3.5050334824292246 2.075 -2.4070512717285313
vt 0 1
vt 1 1
vt 0 0
vt 1 0
vt 0 1
vt 1 1
vt 0 0
vt 1 0
vt 0 1
vt 1 1
vt 0 0
vt 1 0
vt 0 1
vt 1 1
vt 0 0
vt 1 0
vt 0 1
vt 1 1
vt 0 0
vt 1 0
vt 0 1
vt 1 1
vt 0 0
vt 1 0
vn -0.5000000000000003 0 0.8660254037844386
vn -0.5000000000000003 0 0.8660254037844386
vn -0.5000000000000003 0 0.8660254037844386
vn -0.5000000000000003 0 0.8660254037844386
vn 0.5000000000000003 0 -0.8660254037844386
vn 0.5000000000000003 0 -0.8660254037844386
vn 0.5000000000000003 0 -0.8660254037844386
vn 0.5000000000000003 0 -0.8660254037844386
vn 0 1 0
vn 0 1 0
vn 0 1 0
vn 0 1 0
vn 0 -1 0
vn 0 -1 0
vn 0 -1 0
vn 0 -1 0
vn -0.8660254037844386 0 -0.5000000000000003
vn -0.8660254037844386 0 -0.5000000000000003
vn -0.8660254037844386 0 -0.5000000000000003
vn -0.8660254037844386 0 -0.5000000000000003
vn 0.8660254037844386 0 0.5000000000000003
vn 0.8660254037844386 0 0.5000000000000003
vn 0.8660254037844386 0 0.5000000000000003
vn 0.8660254037844386 0 0.5000000000000003
f 3710/3710/3710 3712/3712/3712 3711/3711/3711
f 3712/3712/3712 3713/3713/3713 3711/3711/3711
f 3714/3714/3714 3716/3716/3716 3715/3715/3715
f 3716/3716/3716 3717/3717/3717 3715/3715/3715
f 3718/3718/3718 3720/3720/3720 3719/3719/3719
f 3720/3720/3720 3721/3721/3721 3719/3719/3719
f 3722/3722/3722 3724/3724/3724 3723/3723/3723
f 3724/3724/3724 3725/3725/3725 3723/3723/3723
f 3726/3726/3726 3728/3728/3728 3727/3727/3727
f 3728/3728/3728 3729/3729/3729 3727/3727/3727
f 3730/3730/3730 3732/3732/3732 3731/3731/3731
f 3732/3732/3732 3733/3733/3733 3731/3731/3731
o watchtower_rear_right_shaft
usemtl weathered_granite
v 2.9000000000000004 4.35 -1.149999976158142
v 3.1626644372940067 4.35 -1.1916019320487976
v 3.399617457389832 4.35 -1.3123355507850647
v 3.5876644492149357 4.35 -1.5003825426101685
v 3.7083980679512027 4.35 -1.7373355627059937
v 3.7500000238418583 4.35 -2
v 3.7083980679512027 4.35 -2.2626644372940063
v 3.5876644492149357 4.35 -2.4996174573898315
v 3.399617457389832 4.35 -2.6876644492149353
v 3.1626644372940067 4.35 -2.8083980679512024
v 2.9000000000000004 4.35 -2.850000023841858
v 2.637335562705994 4.35 -2.8083980679512024
v 2.400382542610169 4.35 -2.6876644492149353
v 2.212335550785065 4.35 -2.4996174573898315
v 2.091601932048798 4.35 -2.2626644372940063
v 2.0499999761581424 4.35 -2
v 2.091601932048798 4.35 -1.7373355627059937
v 2.212335550785065 4.35 -1.5003825426101685
v 2.400382542610169 4.35 -1.3123355507850647
v 2.637335562705994 4.35 -1.1916019320487976
v 2.9000000000000004 4.35 -1.149999976158142
v 2.9000000000000004 -0.1499999999999999 -1.0479999780654907
v 3.1941841781139377 -0.1499999999999999 -1.0945941805839539
v 3.4595715641975406 -0.1499999999999999 -1.2298158407211304
v 3.67018415927887 -0.1499999999999999 -1.4404284358024597
v 3.8054058194160465 -0.1499999999999999 -1.7058158218860626
v 3.8520000219345096 -0.1499999999999999 -2
v 3.8054058194160465 -0.1499999999999999 -2.2941841781139374
v 3.67018415927887 -0.1499999999999999 -2.5595715641975403
v 3.4595715641975406 -0.1499999999999999 -2.7701841592788696
v 3.1941841781139377 -0.1499999999999999 -2.905405819416046
v 2.9000000000000004 -0.1499999999999999 -2.9520000219345093
v 2.605815821886063 -0.1499999999999999 -2.905405819416046
v 2.34042843580246 -0.1499999999999999 -2.7701841592788696
v 2.1298158407211307 -0.1499999999999999 -2.5595715641975403
v 1.9945941805839542 -0.1499999999999999 -2.2941841781139374
v 1.947999978065491 -0.1499999999999999 -2
v 1.9945941805839542 -0.1499999999999999 -1.7058158218860626
v 2.1298158407211307 -0.1499999999999999 -1.4404284358024597
v 2.34042843580246 -0.1499999999999999 -1.2298158407211304
v 2.605815821886063 -0.1499999999999999 -1.0945941805839539
v 2.9 -0.1499999999999999 -1.0479999780654907
v 2.9000000000000004 4.35 -2
v 2.9000000000000004 4.35 -2
v 2.9000000000000004 4.35 -2
v 2.9000000000000004 4.35 -2
v 2.9000000000000004 4.35 -2
v 2.9000000000000004 4.35 -2
v 2.9000000000000004 4.35 -2
v 2.9000000000000004 4.35 -2
v 2.9000000000000004 4.35 -2
v 2.9000000000000004 4.35 -2
v 2.9000000000000004 4.35 -2
v 2.9000000000000004 4.35 -2
v 2.9000000000000004 4.35 -2
v 2.9000000000000004 4.35 -2
v 2.9000000000000004 4.35 -2
v 2.9000000000000004 4.35 -2
v 2.9000000000000004 4.35 -2
v 2.9000000000000004 4.35 -2
v 2.9000000000000004 4.35 -2
v 2.9000000000000004 4.35 -2
v 2.9000000000000004 4.35 -1.149999976158142
v 3.1626644372940067 4.35 -1.1916019320487976
v 3.399617457389832 4.35 -1.3123355507850647
v 3.5876644492149357 4.35 -1.5003825426101685
v 3.7083980679512027 4.35 -1.7373355627059937
v 3.7500000238418583 4.35 -2
v 3.7083980679512027 4.35 -2.2626644372940063
v 3.5876644492149357 4.35 -2.4996174573898315
v 3.399617457389832 4.35 -2.6876644492149353
v 3.1626644372940067 4.35 -2.8083980679512024
v 2.9000000000000004 4.35 -2.850000023841858
v 2.637335562705994 4.35 -2.8083980679512024
v 2.400382542610169 4.35 -2.6876644492149353
v 2.212335550785065 4.35 -2.4996174573898315
v 2.091601932048798 4.35 -2.2626644372940063
v 2.0499999761581424 4.35 -2
v 2.091601932048798 4.35 -1.7373355627059937
v 2.212335550785065 4.35 -1.5003825426101685
v 2.400382542610169 4.35 -1.3123355507850647
v 2.637335562705994 4.35 -1.1916019320487976
v 2.9000000000000004 4.35 -1.149999976158142
v 2.9000000000000004 -0.1499999999999999 -2
v 2.9000000000000004 -0.1499999999999999 -2
v 2.9000000000000004 -0.1499999999999999 -2
v 2.9000000000000004 -0.1499999999999999 -2
v 2.9000000000000004 -0.1499999999999999 -2
v 2.9000000000000004 -0.1499999999999999 -2
v 2.9000000000000004 -0.1499999999999999 -2
v 2.9000000000000004 -0.1499999999999999 -2
v 2.9000000000000004 -0.1499999999999999 -2
v 2.9000000000000004 -0.1499999999999999 -2
v 2.9000000000000004 -0.1499999999999999 -2
v 2.9000000000000004 -0.1499999999999999 -2
v 2.9000000000000004 -0.1499999999999999 -2
v 2.9000000000000004 -0.1499999999999999 -2
v 2.9000000000000004 -0.1499999999999999 -2
v 2.9000000000000004 -0.1499999999999999 -2
v 2.9000000000000004 -0.1499999999999999 -2
v 2.9000000000000004 -0.1499999999999999 -2
v 2.9000000000000004 -0.1499999999999999 -2
v 2.9000000000000004 -0.1499999999999999 -2
v 2.9000000000000004 -0.1499999999999999 -1.0479999780654907
v 3.1941841781139377 -0.1499999999999999 -1.0945941805839539
v 3.4595715641975406 -0.1499999999999999 -1.2298158407211304
v 3.67018415927887 -0.1499999999999999 -1.4404284358024597
v 3.8054058194160465 -0.1499999999999999 -1.7058158218860626
v 3.8520000219345096 -0.1499999999999999 -2
v 3.8054058194160465 -0.1499999999999999 -2.2941841781139374
v 3.67018415927887 -0.1499999999999999 -2.5595715641975403
v 3.4595715641975406 -0.1499999999999999 -2.7701841592788696
v 3.1941841781139377 -0.1499999999999999 -2.905405819416046
v 2.9000000000000004 -0.1499999999999999 -2.9520000219345093
v 2.605815821886063 -0.1499999999999999 -2.905405819416046
v 2.34042843580246 -0.1499999999999999 -2.7701841592788696
v 2.1298158407211307 -0.1499999999999999 -2.5595715641975403
v 1.9945941805839542 -0.1499999999999999 -2.2941841781139374
v 1.947999978065491 -0.1499999999999999 -2
v 1.9945941805839542 -0.1499999999999999 -1.7058158218860626
v 2.1298158407211307 -0.1499999999999999 -1.4404284358024597
v 2.34042843580246 -0.1499999999999999 -1.2298158407211304
v 2.605815821886063 -0.1499999999999999 -1.0945941805839539
v 2.9 -0.1499999999999999 -1.0479999780654907
vt 0 1
vt 0.05000000074505806 1
vt 0.10000000149011612 1
vt 0.15000000596046448 1
vt 0.20000000298023224 1
vt 0.25 1
vt 0.30000001192092896 1
vt 0.3499999940395355 1
vt 0.4000000059604645 1
vt 0.44999998807907104 1
vt 0.5 1
vt 0.550000011920929 1
vt 0.6000000238418579 1
vt 0.6499999761581421 1
vt 0.699999988079071 1
vt 0.75 1
vt 0.800000011920929 1
vt 0.8500000238418579 1
vt 0.8999999761581421 1
vt 0.949999988079071 1
vt 1 1
vt 0 0
vt 0.05000000074505806 0
vt 0.10000000149011612 0
vt 0.15000000596046448 0
vt 0.20000000298023224 0
vt 0.25 0
vt 0.30000001192092896 0
vt 0.3499999940395355 0
vt 0.4000000059604645 0
vt 0.44999998807907104 0
vt 0.5 0
vt 0.550000011920929 0
vt 0.6000000238418579 0
vt 0.6499999761581421 0
vt 0.699999988079071 0
vt 0.75 0
vt 0.800000011920929 0
vt 0.8500000238418579 0
vt 0.8999999761581421 0
vt 0.949999988079071 0
vt 1 0
vt 0.5 0.5
vt 0.5 0.5
vt 0.5 0.5
vt 0.5 0.5
vt 0.5 0.5
vt 0.5 0.5
vt 0.5 0.5
vt 0.5 0.5
vt 0.5 0.5
vt 0.5 0.5
vt 0.5 0.5
vt 0.5 0.5
vt 0.5 0.5
vt 0.5 0.5
vt 0.5 0.5
vt 0.5 0.5
vt 0.5 0.5
vt 0.5 0.5
vt 0.5 0.5
vt 0.5 0.5
vt 1 0.5
vt 0.9755282402038574 0.6545084714889526
vt 0.9045084714889526 0.7938926219940186
vt 0.7938926219940186 0.9045084714889526
vt 0.6545084714889526 0.9755282402038574
vt 0.5 1
vt 0.345491498708725 0.9755282402038574
vt 0.20610737800598145 0.9045084714889526
vt 0.09549150615930557 0.7938926219940186
vt 0.024471741169691086 0.6545084714889526
vt 0 0.5
vt 0.024471741169691086 0.345491498708725
vt 0.09549150615930557 0.20610737800598145
vt 0.20610737800598145 0.09549150615930557
vt 0.345491498708725 0.024471741169691086
vt 0.5 0
vt 0.6545084714889526 0.024471741169691086
vt 0.7938926219940186 0.09549150615930557
vt 0.9045084714889526 0.20610737800598145
vt 0.9755282402038574 0.345491498708725
vt 1 0.5
vt 0.5 0.5
vt 0.5 0.5
vt 0.5 0.5
vt 0.5 0.5
vt 0.5 0.5
vt 0.5 0.5
vt 0.5 0.5
vt 0.5 0.5
vt 0.5 0.5
vt 0.5 0.5
vt 0.5 0.5
vt 0.5 0.5
vt 0.5 0.5
vt 0.5 0.5
vt 0.5 0.5
vt 0.5 0.5
vt 0.5 0.5
vt 0.5 0.5
vt 0.5 0.5
vt 0.5 0.5
vt 1 0.5
vt 0.9755282402038574 0.345491498708725
vt 0.9045084714889526 0.20610737800598145
vt 0.7938926219940186 0.09549150615930557
vt 0.6545084714889526 0.024471741169691086
vt 0.5 0
vt 0.345491498708725 0.024471741169691086
vt 0.20610737800598145 0.09549150615930557
vt 0.09549150615930557 0.20610737800598145
vt 0.024471741169691086 0.345491498708725
vt 0 0.5
vt 0.024471741169691086 0.6545084714889526
vt 0.09549150615930557 0.7938926219940186
vt 0.20610737800598145 0.9045084714889526
vt 0.345491498708725 0.9755282402038574
vt 0.5 1
vt 0.6545084714889526 0.9755282402038574
vt 0.7938926219940186 0.9045084714889526
vt 0.9045084714889526 0.7938926219940186
vt 0.9755282402038574 0.6545084714889526
vt 1 0.5
vn 0 0.022660845593201473 0.999743210067966
vn 0.30893764349870034 0.0226608462207692 0.950812294029704
vn 0.5876343339820472 0.022660846235955264 0.8088092331157863
vn 0.8088092331157863 0.022660846235955264 0.5876343339820472
vn 0.950812294029704 0.0226608462207692 0.30893764349870034
vn 0.999743210067966 0.022660845593201473 6.121661215921845e-17
vn 0.950812294029704 0.0226608462207692 -0.30893764349870034
vn 0.8088092331157863 0.022660846235955264 -0.5876343339820472
vn 0.5876343339820472 0.022660846235955264 -0.8088092331157863
vn 0.30893764349870034 0.0226608462207692 -0.950812294029704
vn 1.224332243184369e-16 0.022660845593201473 -0.999743210067966
vn -0.30893764349870034 0.0226608462207692 -0.950812294029704
vn -0.5876343339820472 0.022660846235955264 -0.8088092331157863
vn -0.8088092331157863 0.022660846235955264 -0.5876343339820472
vn -0.950812294029704 0.0226608462207692 -0.30893764349870034
vn -0.999743210067966 0.022660845593201473 -1.8364984309510017e-16
vn -0.950812294029704 0.0226608462207692 0.30893764349870034
vn -0.8088092331157863 0.022660846235955264 0.5876343339820472
vn -0.5876343339820472 0.022660846235955264 0.8088092331157863
vn -0.30893764349870034 0.0226608462207692 0.950812294029704
vn -2.448664486368738e-16 0.022660845593201473 0.999743210067966
vn 0 0.022660845593201473 0.999743210067966
vn 0.30893764349870034 0.0226608462207692 0.950812294029704
vn 0.5876343339820472 0.022660846235955264 0.8088092331157863
vn 0.8088092331157863 0.022660846235955264 0.5876343339820472
vn 0.950812294029704 0.0226608462207692 0.30893764349870034
vn 0.999743210067966 0.022660845593201473 6.121661215921845e-17
vn 0.950812294029704 0.0226608462207692 -0.30893764349870034
vn 0.8088092331157863 0.022660846235955264 -0.5876343339820472
vn 0.5876343339820472 0.022660846235955264 -0.8088092331157863
vn 0.30893764349870034 0.0226608462207692 -0.950812294029704
vn 1.224332243184369e-16 0.022660845593201473 -0.999743210067966
vn -0.30893764349870034 0.0226608462207692 -0.950812294029704
vn -0.5876343339820472 0.022660846235955264 -0.8088092331157863
vn -0.8088092331157863 0.022660846235955264 -0.5876343339820472
vn -0.950812294029704 0.0226608462207692 -0.30893764349870034
vn -0.999743210067966 0.022660845593201473 -1.8364984309510017e-16
vn -0.950812294029704 0.0226608462207692 0.30893764349870034
vn -0.8088092331157863 0.022660846235955264 0.5876343339820472
vn -0.5876343339820472 0.022660846235955264 0.8088092331157863
vn -0.30893764349870034 0.0226608462207692 0.950812294029704
vn -2.448664486368738e-16 0.022660845593201473 0.999743210067966
vn 0 1 0
vn 0 1 0
vn 0 1 0
vn 0 1 0
vn 0 1 0
vn 0 1 0
vn 0 1 0
vn 0 1 0
vn 0 1 0
vn 0 1 0
vn 0 1 0
vn 0 1 0
vn 0 1 0
vn 0 1 0
vn 0 1 0
vn 0 1 0
vn 0 1 0
vn 0 1 0
vn 0 1 0
vn 0 1 0
vn 0 1 0
vn 0 1 0
vn 0 1 0
vn 0 1 0
vn 0 1 0
vn 0 1 0
vn 0 1 0
vn 0 1 0
vn 0 1 0
vn 0 1 0
vn 0 1 0
vn 0 1 0
vn 0 1 0
vn 0 1 0
vn 0 1 0
vn 0 1 0
vn 0 1 0
vn 0 1 0
vn 0 1 0
vn 0 1 0
vn 0 1 0
vn 0 -1 0
vn 0 -1 0
vn 0 -1 0
vn 0 -1 0
vn 0 -1 0
vn 0 -1 0
vn 0 -1 0
vn 0 -1 0
vn 0 -1 0
vn 0 -1 0
vn 0 -1 0
vn 0 -1 0
vn 0 -1 0
vn 0 -1 0
vn 0 -1 0
vn 0 -1 0
vn 0 -1 0
vn 0 -1 0
vn 0 -1 0
vn 0 -1 0
vn 0 -1 0
vn 0 -1 0
vn 0 -1 0
vn 0 -1 0
vn 0 -1 0
vn 0 -1 0
vn 0 -1 0
vn 0 -1 0
vn 0 -1 0
vn 0 -1 0
vn 0 -1 0
vn 0 -1 0
vn 0 -1 0
vn 0 -1 0
vn 0 -1 0
vn 0 -1 0
vn 0 -1 0
vn 0 -1 0
vn 0 -1 0
vn 0 -1 0
vn 0 -1 0
f 3734/3734/3734 3755/3755/3755 3735/3735/3735
f 3755/3755/3755 3756/3756/3756 3735/3735/3735
f 3735/3735/3735 3756/3756/3756 3736/3736/3736
f 3756/3756/3756 3757/3757/3757 3736/3736/3736
f 3736/3736/3736 3757/3757/3757 3737/3737/3737
f 3757/3757/3757 3758/3758/3758 3737/3737/3737
f 3737/3737/3737 3758/3758/3758 3738/3738/3738
f 3758/3758/3758 3759/3759/3759 3738/3738/3738
f 3738/3738/3738 3759/3759/3759 3739/3739/3739
f 3759/3759/3759 3760/3760/3760 3739/3739/3739
f 3739/3739/3739 3760/3760/3760 3740/3740/3740
f 3760/3760/3760 3761/3761/3761 3740/3740/3740
f 3740/3740/3740 3761/3761/3761 3741/3741/3741
f 3761/3761/3761 3762/3762/3762 3741/3741/3741
f 3741/3741/3741 3762/3762/3762 3742/3742/3742
f 3762/3762/3762 3763/3763/3763 3742/3742/3742
f 3742/3742/3742 3763/3763/3763 3743/3743/3743
f 3763/3763/3763 3764/3764/3764 3743/3743/3743
f 3743/3743/3743 3764/3764/3764 3744/3744/3744
f 3764/3764/3764 3765/3765/3765 3744/3744/3744
f 3744/3744/3744 3765/3765/3765 3745/3745/3745
f 3765/3765/3765 3766/3766/3766 3745/3745/3745
f 3745/3745/3745 3766/3766/3766 3746/3746/3746
f 3766/3766/3766 3767/3767/3767 3746/3746/3746
f 3746/3746/3746 3767/3767/3767 3747/3747/3747
f 3767/3767/3767 3768/3768/3768 3747/3747/3747
f 3747/3747/3747 3768/3768/3768 3748/3748/3748
f 3768/3768/3768 3769/3769/3769 3748/3748/3748
f 3748/3748/3748 3769/3769/3769 3749/3749/3749
f 3769/3769/3769 3770/3770/3770 3749/3749/3749
f 3749/3749/3749 3770/3770/3770 3750/3750/3750
f 3770/3770/3770 3771/3771/3771 3750/3750/3750
f 3750/3750/3750 3771/3771/3771 3751/3751/3751
f 3771/3771/3771 3772/3772/3772 3751/3751/3751
f 3751/3751/3751 3772/3772/3772 3752/3752/3752
f 3772/3772/3772 3773/3773/3773 3752/3752/3752
f 3752/3752/3752 3773/3773/3773 3753/3753/3753
f 3773/3773/3773 3774/3774/3774 3753/3753/3753
f 3753/3753/3753 3774/3774/3774 3754/3754/3754
f 3774/3774/3774 3775/3775/3775 3754/3754/3754
f 3796/3796/3796 3797/3797/3797 3776/3776/3776
f 3797/3797/3797 3798/3798/3798 3777/3777/3777
f 3798/3798/3798 3799/3799/3799 3778/3778/3778
f 3799/3799/3799 3800/3800/3800 3779/3779/3779
f 3800/3800/3800 3801/3801/3801 3780/3780/3780
f 3801/3801/3801 3802/3802/3802 3781/3781/3781
f 3802/3802/3802 3803/3803/3803 3782/3782/3782
f 3803/3803/3803 3804/3804/3804 3783/3783/3783
f 3804/3804/3804 3805/3805/3805 3784/3784/3784
f 3805/3805/3805 3806/3806/3806 3785/3785/3785
f 3806/3806/3806 3807/3807/3807 3786/3786/3786
f 3807/3807/3807 3808/3808/3808 3787/3787/3787
f 3808/3808/3808 3809/3809/3809 3788/3788/3788
f 3809/3809/3809 3810/3810/3810 3789/3789/3789
f 3810/3810/3810 3811/3811/3811 3790/3790/3790
f 3811/3811/3811 3812/3812/3812 3791/3791/3791
f 3812/3812/3812 3813/3813/3813 3792/3792/3792
f 3813/3813/3813 3814/3814/3814 3793/3793/3793
f 3814/3814/3814 3815/3815/3815 3794/3794/3794
f 3815/3815/3815 3816/3816/3816 3795/3795/3795
f 3838/3838/3838 3837/3837/3837 3817/3817/3817
f 3839/3839/3839 3838/3838/3838 3818/3818/3818
f 3840/3840/3840 3839/3839/3839 3819/3819/3819
f 3841/3841/3841 3840/3840/3840 3820/3820/3820
f 3842/3842/3842 3841/3841/3841 3821/3821/3821
f 3843/3843/3843 3842/3842/3842 3822/3822/3822
f 3844/3844/3844 3843/3843/3843 3823/3823/3823
f 3845/3845/3845 3844/3844/3844 3824/3824/3824
f 3846/3846/3846 3845/3845/3845 3825/3825/3825
f 3847/3847/3847 3846/3846/3846 3826/3826/3826
f 3848/3848/3848 3847/3847/3847 3827/3827/3827
f 3849/3849/3849 3848/3848/3848 3828/3828/3828
f 3850/3850/3850 3849/3849/3849 3829/3829/3829
f 3851/3851/3851 3850/3850/3850 3830/3830/3830
f 3852/3852/3852 3851/3851/3851 3831/3831/3831
f 3853/3853/3853 3852/3852/3852 3832/3832/3832
f 3854/3854/3854 3853/3853/3853 3833/3833/3833
f 3855/3855/3855 3854/3854/3854 3834/3834/3834
f 3856/3856/3856 3855/3855/3855 3835/3835/3835
f 3857/3857/3857 3856/3856/3856 3836/3836/3836
o watchtower_rear_right_cap_step1
usemtl dark_granite_trim
v 2.9000000000000004 4.5699999994039535 -1.0820000171661377
v 3.183677607774735 4.5699999994039535 -1.1269301176071167
v 3.4395868420600895 4.5699999994039535 -1.257322371006012
v 3.6426776289939884 4.5699999994039535 -1.4604131579399109
v 3.7730698823928837 4.5699999994039535 -1.7163223922252655
v 3.8179999828338627 4.5699999994039535 -2
v 3.7730698823928837 4.5699999994039535 -2.2836776077747345
v 3.6426776289939884 4.5699999994039535 -2.539586842060089
v 3.4395868420600895 4.5699999994039535 -2.742677628993988
v 3.183677607774735 4.5699999994039535 -2.8730698823928833
v 2.9000000000000004 4.5699999994039535 -2.9179999828338623
v 2.616322392225266 4.5699999994039535 -2.8730698823928833
v 2.3604131579399112 4.5699999994039535 -2.742677628993988
v 2.1573223710060123 4.5699999994039535 -2.539586842060089
v 2.026930117607117 4.5699999994039535 -2.2836776077747345
v 1.982000017166138 4.5699999994039535 -2
v 2.026930117607117 4.5699999994039535 -1.7163223922252655
v 2.1573223710060123 4.5699999994039535 -1.4604131579399109
v 2.3604131579399112 4.5699999994039535 -1.257322371006012
v 2.616322392225266 4.5699999994039535 -1.1269301176071167
v 2.9 4.5699999994039535 -1.0820000171661377
v 2.9000000000000004 4.350000000596046 -1.0649999976158142
v 3.1889308929443363 4.350000000596046 -1.1107621788978577
v 3.449579203128815 4.350000000596046 -1.2435691356658936
v 3.656430864334107 4.350000000596046 -1.4504207968711853
v 3.7892378211021427 4.350000000596046 -1.711069107055664
v 3.835000002384186 4.350000000596046 -2
v 3.7892378211021427 4.350000000596046 -2.288930892944336
v 3.656430864334107 4.350000000596046 -2.5495792031288147
v 3.449579203128815 4.350000000596046 -2.7564308643341064
v 3.1889308929443363 4.350000000596046 -2.8892378211021423
v 2.9000000000000004 4.350000000596046 -2.935000002384186
v 2.6110691070556644 4.350000000596046 -2.8892378211021423
v 2.3504207968711857 4.350000000596046 -2.7564308643341064
v 2.143569135665894 4.350000000596046 -2.5495792031288147
v 2.010762178897858 4.350000000596046 -2.288930892944336
v 1.9649999976158146 4.350000000596046 -2
v 2.010762178897858 4.350000000596046 -1.711069107055664
v 2.143569135665894 4.350000000596046 -1.4504207968711853
v 2.3504207968711857 4.350000000596046 -1.2435691356658936
v 2.6110691070556644 4.350000000596046 -1.1107621788978577
v 2.9 4.350000000596046 -1.0649999976158142
v 2.9000000000000004 4.5699999994039535 -2
v 2.9000000000000004 4.5699999994039535 -2
v 2.9000000000000004 4.5699999994039535 -2
v 2.9000000000000004 4.5699999994039535 -2
v 2.9000000000000004 4.5699999994039535 -2
v 2.9000000000000004 4.5699999994039535 -2
v 2.9000000000000004 4.5699999994039535 -2
v 2.9000000000000004 4.5699999994039535 -2
v 2.9000000000000004 4.5699999994039535 -2
v 2.9000000000000004 4.5699999994039535 -2
v 2.9000000000000004 4.5699999994039535 -2
v 2.9000000000000004 4.5699999994039535 -2
v 2.9000000000000004 4.5699999994039535 -2
v 2.9000000000000004 4.5699999994039535 -2
v 2.9000000000000004 4.5699999994039535 -2
v 2.9000000000000004 4.5699999994039535 -2
v 2.9000000000000004 4.5699999994039535 -2
v 2.9000000000000004 4.5699999994039535 -2
v 2.9000000000000004 4.5699999994039535 -2
v 2.9000000000000004 4.5699999994039535 -2
v 2.9000000000000004 4.5699999994039535 -1.0820000171661377
v 3.183677607774735 4.5699999994039535 -1.1269301176071167
v 3.4395868420600895 4.5699999994039535 -1.257322371006012
v 3.6426776289939884 4.5699999994039535 -1.4604131579399109
v 3.7730698823928837 4.5699999994039535 -1.7163223922252655
v 3.8179999828338627 4.5699999994039535 -2
v 3.7730698823928837 4.5699999994039535 -2.2836776077747345
v 3.6426776289939884 4.5699999994039535 -2.539586842060089
v 3.4395868420600895 4.5699999994039535 -2.742677628993988
v 3.183677607774735 4.5699999994039535 -2.8730698823928833
v 2.9000000000000004 4.5699999994039535 -2.9179999828338623
v 2.616322392225266 4.5699999994039535 -2.8730698823928833
v 2.3604131579399112 4.5699999994039535 -2.742677628993988
v 2.1573223710060123 4.5699999994039535 -2.539586842060089
v 2.026930117607117 4.5699999994039535 -2.2836776077747345
v 1.982000017166138 4.5699999994039535 -2
v 2.026930117607117 4.5699999994039535 -1.7163223922252655
v 2.1573223710060123 4.5699999994039535 -1.4604131579399109
v 2.3604131579399112 4.5699999994039535 -1.257322371006012
v 2.616322392225266 4.5699999994039535 -1.1269301176071167
v 2.9 4.5699999994039535 -1.0820000171661377
v 2.9000000000000004 4.350000000596046 -2
v 2.9000000000000004 4.350000000596046 -2
v 2.9000000000000004 4.350000000596046 -2
v 2.9000000000000004 4.350000000596046 -2
v 2.9000000000000004 4.350000000596046 -2
v 2.9000000000000004 4.350000000596046 -2
v 2.9000000000000004 4.350000000596046 -2
v 2.9000000000000004 4.350000000596046 -2
v 2.9000000000000004 4.350000000596046 -2
v 2.9000000000000004 4.350000000596046 -2
v 2.9000000000000004 4.350000000596046 -2
v 2.9000000000000004 4.350000000596046 -2
v 2.9000000000000004 4.350000000596046 -2
v 2.9000000000000004 4.350000000596046 -2
v 2.9000000000000004 4.350000000596046 -2
v 2.9000000000000004 4.350000000596046 -2
v 2.9000000000000004 4.350000000596046 -2
v 2.9000000000000004 4.350000000596046 -2
v 2.9000000000000004 4.350000000596046 -2
v 2.9000000000000004 4.350000000596046 -2
v 2.9000000000000004 4.350000000596046 -1.0649999976158142
v 3.1889308929443363 4.350000000596046 -1.1107621788978577
v 3.449579203128815 4.350000000596046 -1.2435691356658936
v 3.656430864334107 4.350000000596046 -1.4504207968711853
v 3.7892378211021427 4.350000000596046 -1.711069107055664
v 3.835000002384186 4.350000000596046 -2
v 3.7892378211021427 4.350000000596046 -2.288930892944336
v 3.656430864334107 4.350000000596046 -2.5495792031288147
v 3.449579203128815 4.350000000596046 -2.7564308643341064
v 3.1889308929443363 4.350000000596046 -2.8892378211021423
v 2.9000000000000004 4.350000000596046 -2.935000002384186
v 2.6110691070556644 4.350000000596046 -2.8892378211021423
v 2.3504207968711857 4.350000000596046 -2.7564308643341064
v 2.143569135665894 4.350000000596046 -2.5495792031288147
v 2.010762178897858 4.350000000596046 -2.288930892944336
v 1.9649999976158146 4.350000000596046 -2
v 2.010762178897858 4.350000000596046 -1.711069107055664
v 2.143569135665894 4.350000000596046 -1.4504207968711853
v 2.3504207968711857 4.350000000596046 -1.2435691356658936
v 2.6110691070556644 4.350000000596046 -1.1107621788978577
v 2.9 4.350000000596046 -1.0649999976158142
vt 0 1
vt 0.05000000074505806 1
vt 0.10000000149011612 1
vt 0.15000000596046448 1
vt 0.20000000298023224 1
vt 0.25 1
vt 0.30000001192092896 1
vt 0.3499999940395355 1
vt 0.4000000059604645 1
vt 0.44999998807907104 1
vt 0.5 1
vt 0.550000011920929 1
vt 0.6000000238418579 1
vt 0.6499999761581421 1
vt 0.699999988079071 1
vt 0.75 1
vt 0.800000011920929 1
vt 0.8500000238418579 1
vt 0.8999999761581421 1
vt 0.949999988079071 1
vt 1 1
vt 0 0
vt 0.05000000074505806 0
vt 0.10000000149011612 0
vt 0.15000000596046448 0
vt 0.20000000298023224 0
vt 0.25 0
vt 0.30000001192092896 0
vt 0.3499999940395355 0
vt 0.4000000059604645 0
vt 0.44999998807907104 0
vt 0.5 0
vt 0.550000011920929 0
vt 0.6000000238418579 0
vt 0.6499999761581421 0
vt 0.699999988079071 0
vt 0.75 0
vt 0.800000011920929 0
vt 0.8500000238418579 0
vt 0.8999999761581421 0
vt 0.949999988079071 0
vt 1 0
vt 0.5 0.5
vt 0.5 0.5
vt 0.5 0.5
vt 0.5 0.5
vt 0.5 0.5
vt 0.5 0.5
vt 0.5 0.5
vt 0.5 0.5
vt 0.5 0.5
vt 0.5 0.5
vt 0.5 0.5
vt 0.5 0.5
vt 0.5 0.5
vt 0.5 0.5
vt 0.5 0.5
vt 0.5 0.5
vt 0.5 0.5
vt 0.5 0.5
vt 0.5 0.5
vt 0.5 0.5
vt 1 0.5
vt 0.9755282402038574 0.6545084714889526
vt 0.9045084714889526 0.7938926219940186
vt 0.7938926219940186 0.9045084714889526
vt 0.6545084714889526 0.9755282402038574
vt 0.5 1
vt 0.345491498708725 0.9755282402038574
vt 0.20610737800598145 0.9045084714889526
vt 0.09549150615930557 0.7938926219940186
vt 0.024471741169691086 0.6545084714889526
vt 0 0.5
vt 0.024471741169691086 0.345491498708725
vt 0.09549150615930557 0.20610737800598145
vt 0.20610737800598145 0.09549150615930557
vt 0.345491498708725 0.024471741169691086
vt 0.5 0
vt 0.6545084714889526 0.024471741169691086
vt 0.7938926219940186 0.09549150615930557
vt 0.9045084714889526 0.20610737800598145
vt 0.9755282402038574 0.345491498708725
vt 1 0.5
vt 0.5 0.5
vt 0.5 0.5
vt 0.5 0.5
vt 0.5 0.5
vt 0.5 0.5
vt 0.5 0.5
vt 0.5 0.5
vt 0.5 0.5
vt 0.5 0.5
vt 0.5 0.5
vt 0.5 0.5
vt 0.5 0.5
vt 0.5 0.5
vt 0.5 0.5
vt 0.5 0.5
vt 0.5 0.5
vt 0.5 0.5
vt 0.5 0.5
vt 0.5 0.5
vt 0.5 0.5
vt 1 0.5
vt 0.9755282402038574 0.345491498708725
vt 0.9045084714889526 0.20610737800598145
vt 0.7938926219940186 0.09549150615930557
vt 0.6545084714889526 0.024471741169691086
vt 0.5 0
vt 0.345491498708725 0.024471741169691086
vt 0.20610737800598145 0.09549150615930557
vt 0.09549150615930557 0.20610737800598145
vt 0.024471741169691086 0.345491498708725
vt 0 0.5
vt 0.024471741169691086 0.6545084714889526
vt 0.09549150615930557 0.7938926219940186
vt 0.20610737800598145 0.9045084714889526
vt 0.345491498708725 0.9755282402038574
vt 0.5 1
vt 0.6545084714889526 0.9755282402038574
vt 0.7938926219940186 0.9045084714889526
vt 0.9045084714889526 0.7938926219940186
vt 0.9755282402038574 0.6545084714889526
vt 1 0.5
vn 0 0.07704305739861264 0.9970277665675485
vn 0.308098531796034 0.07704305823524255 0.9482297516334789
vn 0.5860382150877073 0.07704305428443878 0.8066124089321581
vn 0.8066124089321581 0.07704305428443878 0.5860382150877073
vn 0.9482297516334789 0.07704305823524255 0.308098531796034
vn 0.9970277665675485 0.07704305739861264 6.105034376371892e-17
vn 0.9482297516334789 0.07704305823524255 -0.308098531796034
vn 0.8066124089321581 0.07704305428443878 -0.5860382150877073
vn 0.5860382150877073 0.07704305428443878 -0.8066124089321581
vn 0.308098531796034 0.07704305823524255 -0.9482297516334789
vn 1.2210068752743784e-16 0.07704305739861264 -0.9970277665675485
vn -0.308098531796034 0.07704305823524255 -0.9482297516334789
vn -0.5860382150877073 0.07704305428443878 -0.8066124089321581
vn -0.8066124089321581 0.07704305428443878 -0.5860382150877073
vn -0.9482297516334789 0.07704305823524255 -0.308098531796034
vn -0.9970277665675485 0.07704305739861264 -1.8315103790860174e-16
vn -0.9482297516334789 0.07704305823524255 0.308098531796034
vn -0.8066124089321581 0.07704305428443878 0.5860382150877073
vn -0.5860382150877073 0.07704305428443878 0.8066124089321581
vn -0.308098531796034 0.07704305823524255 0.9482297516334789
vn -2.442013750548757e-16 0.07704305739861264 0.9970277665675485
vn 0 0.07704305739861264 0.9970277665675485
vn 0.308098531796034 0.07704305823524255 0.9482297516334789
vn 0.5860382150877073 0.07704305428443878 0.8066124089321581
vn 0.8066124089321581 0.07704305428443878 0.5860382150877073
vn 0.9482297516334789 0.07704305823524255 0.308098531796034
vn 0.9970277665675485 0.07704305739861264 6.105034376371892e-17
vn 0.9482297516334789 0.07704305823524255 -0.308098531796034
vn 0.8066124089321581 0.07704305428443878 -0.5860382150877073
vn 0.5860382150877073 0.07704305428443878 -0.8066124089321581
vn 0.308098531796034 0.07704305823524255 -0.9482297516334789
vn 1.2210068752743784e-16 0.07704305739861264 -0.9970277665675485
vn -0.308098531796034 0.07704305823524255 -0.9482297516334789
vn -0.5860382150877073 0.07704305428443878 -0.8066124089321581
vn -0.8066124089321581 0.07704305428443878 -0.5860382150877073
vn -0.9482297516334789 0.07704305823524255 -0.308098531796034
vn -0.9970277665675485 0.07704305739861264 -1.8315103790860174e-16
vn -0.9482297516334789 0.07704305823524255 0.308098531796034
vn -0.8066124089321581 0.07704305428443878 0.5860382150877073
vn -0.5860382150877073 0.07704305428443878 0.8066124089321581
vn -0.308098531796034 0.07704305823524255 0.9482297516334789
vn -2.442013750548757e-16 0.07704305739861264 0.9970277665675485
vn 0 1 0
vn 0 1 0
vn 0 1 0
vn 0 1 0
vn 0 1 0
vn 0 1 0
vn 0 1 0
vn 0 1 0
vn 0 1 0
vn 0 1 0
vn 0 1 0
vn 0 1 0
vn 0 1 0
vn 0 1 0
vn 0 1 0
vn 0 1 0
vn 0 1 0
vn 0 1 0
vn 0 1 0
vn 0 1 0
vn 0 1 0
vn 0 1 0
vn 0 1 0
vn 0 1 0
vn 0 1 0
vn 0 1 0
vn 0 1 0
vn 0 1 0
vn 0 1 0
vn 0 1 0
vn 0 1 0
vn 0 1 0
vn 0 1 0
vn 0 1 0
vn 0 1 0
vn 0 1 0
vn 0 1 0
vn 0 1 0
vn 0 1 0
vn 0 1 0
vn 0 1 0
vn 0 -1 0
vn 0 -1 0
vn 0 -1 0
vn 0 -1 0
vn 0 -1 0
vn 0 -1 0
vn 0 -1 0
vn 0 -1 0
vn 0 -1 0
vn 0 -1 0
vn 0 -1 0
vn 0 -1 0
vn 0 -1 0
vn 0 -1 0
vn 0 -1 0
vn 0 -1 0
vn 0 -1 0
vn 0 -1 0
vn 0 -1 0
vn 0 -1 0
vn 0 -1 0
vn 0 -1 0
vn 0 -1 0
vn 0 -1 0
vn 0 -1 0
vn 0 -1 0
vn 0 -1 0
vn 0 -1 0
vn 0 -1 0
vn 0 -1 0
vn 0 -1 0
vn 0 -1 0
vn 0 -1 0
vn 0 -1 0
vn 0 -1 0
vn 0 -1 0
vn 0 -1 0
vn 0 -1 0
vn 0 -1 0
vn 0 -1 0
vn 0 -1 0
f 3858/3858/3858 3879/3879/3879 3859/3859/3859
f 3879/3879/3879 3880/3880/3880 3859/3859/3859
f 3859/3859/3859 3880/3880/3880 3860/3860/3860
f 3880/3880/3880 3881/3881/3881 3860/3860/3860
f 3860/3860/3860 3881/3881/3881 3861/3861/3861
f 3881/3881/3881 3882/3882/3882 3861/3861/3861
f 3861/3861/3861 3882/3882/3882 3862/3862/3862
f 3882/3882/3882 3883/3883/3883 3862/3862/3862
f 3862/3862/3862 3883/3883/3883 3863/3863/3863
f 3883/3883/3883 3884/3884/3884 3863/3863/3863
f 3863/3863/3863 3884/3884/3884 3864/3864/3864
f 3884/3884/3884 3885/3885/3885 3864/3864/3864
f 3864/3864/3864 3885/3885/3885 3865/3865/3865
f 3885/3885/3885 3886/3886/3886 3865/3865/3865
f 3865/3865/3865 3886/3886/3886 3866/3866/3866
f 3886/3886/3886 3887/3887/3887 3866/3866/3866
f 3866/3866/3866 3887/3887/3887 3867/3867/3867
f 3887/3887/3887 3888/3888/3888 3867/3867/3867
f 3867/3867/3867 3888/3888/3888 3868/3868/3868
f 3888/3888/3888 3889/3889/3889 3868/3868/3868
f 3868/3868/3868 3889/3889/3889 3869/3869/3869
f 3889/3889/3889 3890/3890/3890 3869/3869/3869
f 3869/3869/3869 3890/3890/3890 3870/3870/3870
f 3890/3890/3890 3891/3891/3891 3870/3870/3870
f 3870/3870/3870 3891/3891/3891 3871/3871/3871
f 3891/3891/3891 3892/3892/3892 3871/3871/3871
f 3871/3871/3871 3892/3892/3892 3872/3872/3872
f 3892/3892/3892 3893/3893/3893 3872/3872/3872
f 3872/3872/3872 3893/3893/3893 3873/3873/3873
f 3893/3893/3893 3894/3894/3894 3873/3873/3873
f 3873/3873/3873 3894/3894/3894 3874/3874/3874
f 3894/3894/3894 3895/3895/3895 3874/3874/3874
f 3874/3874/3874 3895/3895/3895 3875/3875/3875
f 3895/3895/3895 3896/3896/3896 3875/3875/3875
f 3875/3875/3875 3896/3896/3896 3876/3876/3876
f 3896/3896/3896 3897/3897/3897 3876/3876/3876
f 3876/3876/3876 3897/3897/3897 3877/3877/3877
f 3897/3897/3897 3898/3898/3898 3877/3877/3877
f 3877/3877/3877 3898/3898/3898 3878/3878/3878
f 3898/3898/3898 3899/3899/3899 3878/3878/3878
f 3920/3920/3920 3921/3921/3921 3900/3900/3900
f 3921/3921/3921 3922/3922/3922 3901/3901/3901
f 3922/3922/3922 3923/3923/3923 3902/3902/3902
f 3923/3923/3923 3924/3924/3924 3903/3903/3903
f 3924/3924/3924 3925/3925/3925 3904/3904/3904
f 3925/3925/3925 3926/3926/3926 3905/3905/3905
f 3926/3926/3926 3927/3927/3927 3906/3906/3906
f 3927/3927/3927 3928/3928/3928 3907/3907/3907
f 3928/3928/3928 3929/3929/3929 3908/3908/3908
f 3929/3929/3929 3930/3930/3930 3909/3909/3909
f 3930/3930/3930 3931/3931/3931 3910/3910/3910
f 3931/3931/3931 3932/3932/3932 3911/3911/3911
f 3932/3932/3932 3933/3933/3933 3912/3912/3912
f 3933/3933/3933 3934/3934/3934 3913/3913/3913
f 3934/3934/3934 3935/3935/3935 3914/3914/3914
f 3935/3935/3935 3936/3936/3936 3915/3915/3915
f 3936/3936/3936 3937/3937/3937 3916/3916/3916
f 3937/3937/3937 3938/3938/3938 3917/3917/3917
f 3938/3938/3938 3939/3939/3939 3918/3918/3918
f 3939/3939/3939 3940/3940/3940 3919/3919/3919
f 3962/3962/3962 3961/3961/3961 3941/3941/3941
f 3963/3963/3963 3962/3962/3962 3942/3942/3942
f 3964/3964/3964 3963/3963/3963 3943/3943/3943
f 3965/3965/3965 3964/3964/3964 3944/3944/3944
f 3966/3966/3966 3965/3965/3965 3945/3945/3945
f 3967/3967/3967 3966/3966/3966 3946/3946/3946
f 3968/3968/3968 3967/3967/3967 3947/3947/3947
f 3969/3969/3969 3968/3968/3968 3948/3948/3948
f 3970/3970/3970 3969/3969/3969 3949/3949/3949
f 3971/3971/3971 3970/3970/3970 3950/3950/3950
f 3972/3972/3972 3971/3971/3971 3951/3951/3951
f 3973/3973/3973 3972/3972/3972 3952/3952/3952
f 3974/3974/3974 3973/3973/3973 3953/3953/3953
f 3975/3975/3975 3974/3974/3974 3954/3954/3954
f 3976/3976/3976 3975/3975/3975 3955/3955/3955
f 3977/3977/3977 3976/3976/3976 3956/3956/3956
f 3978/3978/3978 3977/3977/3977 3957/3957/3957
f 3979/3979/3979 3978/3978/3978 3958/3958/3958
f 3980/3980/3980 3979/3979/3979 3959/3959/3959
f 3981/3981/3981 3980/3980/3980 3960/3960/3960
o watchtower_rear_right_cap_step2
usemtl sandstone_trim
v 2.9000000000000004 5.069999999999999 -1.3370000123977661
v 3.1048782706260685 5.069999999999999 -1.3694495558738708
v 3.2897016346454624 5.069999999999999 -1.463621735572815
v 3.4363782644271854 5.069999999999999 -1.610298365354538
v 3.5305504441261295 5.069999999999999 -1.7951217293739319
v 3.5629999876022342 5.069999999999999 -2
v 3.5305504441261295 5.069999999999999 -2.204878270626068
v 3.4363782644271854 5.069999999999999 -2.389701634645462
v 3.2897016346454624 5.069999999999999 -2.536378264427185
v 3.1048782706260685 5.069999999999999 -2.630550444126129
v 2.9000000000000004 5.069999999999999 -2.662999987602234
v 2.6951217293739322 5.069999999999999 -2.630550444126129
v 2.5102983653545383 5.069999999999999 -2.536378264427185
v 2.3636217355728153 5.069999999999999 -2.389701634645462
v 2.269449555873871 5.069999999999999 -2.204878270626068
v 2.2370000123977665 5.069999999999999 -2
v 2.269449555873871 5.069999999999999 -1.7951217293739319
v 2.3636217355728153 5.069999999999999 -1.610298365354538
v 2.5102983653545383 5.069999999999999 -1.463621735572815
v 2.6951217293739322 5.069999999999999 -1.3694495558738708
v 2.9000000000000004 5.069999999999999 -1.3370000123977661
v 2.9000000000000004 4.569999999999999 -1.149999976158142
v 3.1626644372940067 4.569999999999999 -1.1916019320487976
v 3.399617457389832 4.569999999999999 -1.3123355507850647
v 3.5876644492149357 4.569999999999999 -1.5003825426101685
v 3.7083980679512027 4.569999999999999 -1.7373355627059937
v 3.7500000238418583 4.569999999999999 -2
v 3.7083980679512027 4.569999999999999 -2.2626644372940063
v 3.5876644492149357 4.569999999999999 -2.4996174573898315
v 3.399617457389832 4.569999999999999 -2.6876644492149353
v 3.1626644372940067 4.569999999999999 -2.8083980679512024
v 2.9000000000000004 4.569999999999999 -2.850000023841858
v 2.637335562705994 4.569999999999999 -2.8083980679512024
v 2.400382542610169 4.569999999999999 -2.6876644492149353
v 2.212335550785065 4.569999999999999 -2.4996174573898315
v 2.091601932048798 4.569999999999999 -2.2626644372940063
v 2.0499999761581424 4.569999999999999 -2
v 2.091601932048798 4.569999999999999 -1.7373355627059937
v 2.212335550785065 4.569999999999999 -1.5003825426101685
v 2.400382542610169 4.569999999999999 -1.3123355507850647
v 2.637335562705994 4.569999999999999 -1.1916019320487976
v 2.9000000000000004 4.569999999999999 -1.149999976158142
v 2.9000000000000004 5.069999999999999 -2
v 2.9000000000000004 5.069999999999999 -2
v 2.9000000000000004 5.069999999999999 -2
v 2.9000000000000004 5.069999999999999 -2
v 2.9000000000000004 5.069999999999999 -2
v 2.9000000000000004 5.069999999999999 -2
v 2.9000000000000004 5.069999999999999 -2
v 2.9000000000000004 5.069999999999999 -2
v 2.9000000000000004 5.069999999999999 -2
v 2.9000000000000004 5.069999999999999 -2
v 2.9000000000000004 5.069999999999999 -2
v 2.9000000000000004 5.069999999999999 -2
v 2.9000000000000004 5.069999999999999 -2
v 2.9000000000000004 5.069999999999999 -2
v 2.9000000000000004 5.069999999999999 -2
v 2.9000000000000004 5.069999999999999 -2
v 2.9000000000000004 5.069999999999999 -2
v 2.9000000000000004 5.069999999999999 -2
v 2.9000000000000004 5.069999999999999 -2
v 2.9000000000000004 5.069999999999999 -2
v 2.9000000000000004 5.069999999999999 -1.3370000123977661
v 3.1048782706260685 5.069999999999999 -1.3694495558738708
v 3.2897016346454624 5.069999999999999 -1.463621735572815
v 3.4363782644271854 5.069999999999999 -1.610298365354538
v 3.5305504441261295 5.069999999999999 -1.7951217293739319
v 3.5629999876022342 5.069999999999999 -2
v 3.5305504441261295 5.069999999999999 -2.204878270626068
v 3.4363782644271854 5.069999999999999 -2.389701634645462
v 3.2897016346454624 5.069999999999999 -2.536378264427185
v 3.1048782706260685 5.069999999999999 -2.630550444126129
v 2.9000000000000004 5.069999999999999 -2.662999987602234
v 2.6951217293739322 5.069999999999999 -2.630550444126129
v 2.5102983653545383 5.069999999999999 -2.536378264427185
v 2.3636217355728153 5.069999999999999 -2.389701634645462
v 2.269449555873871 5.069999999999999 -2.204878270626068
v 2.2370000123977665 5.069999999999999 -2
v 2.269449555873871 5.069999999999999 -1.7951217293739319
v 2.3636217355728153 5.069999999999999 -1.610298365354538
v 2.5102983653545383 5.069999999999999 -1.463621735572815
v 2.6951217293739322 5.069999999999999 -1.3694495558738708
v 2.9000000000000004 5.069999999999999 -1.3370000123977661
v 2.9000000000000004 4.569999999999999 -2
v 2.9000000000000004 4.569999999999999 -2
v 2.9000000000000004 4.569999999999999 -2
v 2.9000000000000004 4.569999999999999 -2
v 2.9000000000000004 4.569999999999999 -2
v 2.9000000000000004 4.569999999999999 -2
v 2.9000000000000004 4.569999999999999 -2
v 2.9000000000000004 4.569999999999999 -2
v 2.9000000000000004 4.569999999999999 -2
v 2.9000000000000004 4.569999999999999 -2
v 2.9000000000000004 4.569999999999999 -2
v 2.9000000000000004 4.569999999999999 -2
v 2.9000000000000004 4.569999999999999 -2
v 2.9000000000000004 4.569999999999999 -2
v 2.9000000000000004 4.569999999999999 -2
v 2.9000000000000004 4.569999999999999 -2
v 2.9000000000000004 4.569999999999999 -2
v 2.9000000000000004 4.569999999999999 -2
v 2.9000000000000004 4.569999999999999 -2
v 2.9000000000000004 4.569999999999999 -2
v 2.9000000000000004 4.569999999999999 -1.149999976158142
v 3.1626644372940067 4.569999999999999 -1.1916019320487976
v 3.399617457389832 4.569999999999999 -1.3123355507850647
v 3.5876644492149357 4.569999999999999 -1.5003825426101685
v 3.7083980679512027 4.569999999999999 -1.7373355627059937
v 3.7500000238418583 4.569999999999999 -2
v 3.7083980679512027 4.569999999999999 -2.2626644372940063
v 3.5876644492149357 4.569999999999999 -2.4996174573898315
v 3.399617457389832 4.569999999999999 -2.6876644492149353
v 3.1626644372940067 4.569999999999999 -2.8083980679512024
v 2.9000000000000004 4.569999999999999 -2.850000023841858
v 2.637335562705994 4.569999999999999 -2.8083980679512024
v 2.400382542610169 4.569999999999999 -2.6876644492149353
v 2.212335550785065 4.569999999999999 -2.4996174573898315
v 2.091601932048798 4.569999999999999 -2.2626644372940063
v 2.0499999761581424 4.569999999999999 -2
v 2.091601932048798 4.569999999999999 -1.7373355627059937
v 2.212335550785065 4.569999999999999 -1.5003825426101685
v 2.400382542610169 4.569999999999999 -1.3123355507850647
v 2.637335562705994 4.569999999999999 -1.1916019320487976
v 2.9000000000000004 4.569999999999999 -1.149999976158142
vt 0 1
vt 0.05000000074505806 1
vt 0.10000000149011612 1
vt 0.15000000596046448 1
vt 0.20000000298023224 1
vt 0.25 1
vt 0.30000001192092896 1
vt 0.3499999940395355 1
vt 0.4000000059604645 1
vt 0.44999998807907104 1
vt 0.5 1
vt 0.550000011920929 1
vt 0.6000000238418579 1
vt 0.6499999761581421 1
vt 0.699999988079071 1
vt 0.75 1
vt 0.800000011920929 1
vt 0.8500000238418579 1
vt 0.8999999761581421 1
vt 0.949999988079071 1
vt 1 1
vt 0 0
vt 0.05000000074505806 0
vt 0.10000000149011612 0
vt 0.15000000596046448 0
vt 0.20000000298023224 0
vt 0.25 0
vt 0.30000001192092896 0
vt 0.3499999940395355 0
vt 0.4000000059604645 0
vt 0.44999998807907104 0
vt 0.5 0
vt 0.550000011920929 0
vt 0.6000000238418579 0
vt 0.6499999761581421 0
vt 0.699999988079071 0
vt 0.75 0
vt 0.800000011920929 0
vt 0.8500000238418579 0
vt 0.8999999761581421 0
vt 0.949999988079071 0
vt 1 0
vt 0.5 0.5
vt 0.5 0.5
vt 0.5 0.5
vt 0.5 0.5
vt 0.5 0.5
vt 0.5 0.5
vt 0.5 0.5
vt 0.5 0.5
vt 0.5 0.5
vt 0.5 0.5
vt 0.5 0.5
vt 0.5 0.5
vt 0.5 0.5
vt 0.5 0.5
vt 0.5 0.5
vt 0.5 0.5
vt 0.5 0.5
vt 0.5 0.5
vt 0.5 0.5
vt 0.5 0.5
vt 1 0.5
vt 0.9755282402038574 0.6545084714889526
vt 0.9045084714889526 0.7938926219940186
vt 0.7938926219940186 0.9045084714889526
vt 0.6545084714889526 0.9755282402038574
vt 0.5 1
vt 0.345491498708725 0.9755282402038574
vt 0.20610737800598145 0.9045084714889526
vt 0.09549150615930557 0.7938926219940186
vt 0.024471741169691086 0.6545084714889526
vt 0 0.5
vt 0.024471741169691086 0.345491498708725
vt 0.09549150615930557 0.20610737800598145
vt 0.20610737800598145 0.09549150615930557
vt 0.345491498708725 0.024471741169691086
vt 0.5 0
vt 0.6545084714889526 0.024471741169691086
vt 0.7938926219940186 0.09549150615930557
vt 0.9045084714889526 0.20610737800598145
vt 0.9755282402038574 0.345491498708725
vt 1 0.5
vt 0.5 0.5
vt 0.5 0.5
vt 0.5 0.5
vt 0.5 0.5
vt 0.5 0.5
vt 0.5 0.5
vt 0.5 0.5
vt 0.5 0.5
vt 0.5 0.5
vt 0.5 0.5
vt 0.5 0.5
vt 0.5 0.5
vt 0.5 0.5
vt 0.5 0.5
vt 0.5 0.5
vt 0.5 0.5
vt 0.5 0.5
vt 0.5 0.5
vt 0.5 0.5
vt 0.5 0.5
vt 1 0.5
vt 0.9755282402038574 0.345491498708725
vt 0.9045084714889526 0.20610737800598145
vt 0.7938926219940186 0.09549150615930557
vt 0.6545084714889526 0.024471741169691086
vt 0.5 0
vt 0.345491498708725 0.024471741169691086
vt 0.20610737800598145 0.09549150615930557
vt 0.09549150615930557 0.20610737800598145
vt 0.024471741169691086 0.345491498708725
vt 0 0.5
vt 0.024471741169691086 0.6545084714889526
vt 0.09549150615930557 0.7938926219940186
vt 0.20610737800598145 0.9045084714889526
vt 0.345491498708725 0.9755282402038574
vt 0.5 1
vt 0.6545084714889526 0.9755282402038574
vt 0.7938926219940186 0.9045084714889526
vt 0.9045084714889526 0.7938926219940186
vt 0.9755282402038574 0.6545084714889526
vt 1 0.5
vn 0 0.35030216031575784 0.9366367473455828
vn 0.2894366598991615 0.3503021497911502 0.8907944901929489
vn 0.5505412794006925 0.3503021583231199 0.7577550379575265
vn 0.7577550379575265 0.3503021583231199 0.5505412794006925
vn 0.8907944901929489 0.3503021497911502 0.2894366598991615
vn 0.9366367473455828 0.35030216031575784 5.735246197894248e-17
vn 0.8907944901929489 0.3503021497911502 -0.2894366598991615
vn 0.7577550379575265 0.3503021583231199 -0.5505412794006925
vn 0.5505412794006925 0.3503021583231199 -0.7577550379575265
vn 0.2894366598991615 0.3503021497911502 -0.8907944901929489
vn 1.1470492395788496e-16 0.35030216031575784 -0.9366367473455828
vn -0.2894366598991615 0.3503021497911502 -0.8907944901929489
vn -0.5505412794006925 0.3503021583231199 -0.7577550379575265
vn -0.7577550379575265 0.3503021583231199 -0.5505412794006925
vn -0.8907944901929489 0.3503021497911502 -0.2894366598991615
vn -0.9366367473455828 0.35030216031575784 -1.7205737931938255e-16
vn -0.8907944901929489 0.3503021497911502 0.2894366598991615
vn -0.7577550379575265 0.3503021583231199 0.5505412794006925
vn -0.5505412794006925 0.3503021583231199 0.7577550379575265
vn -0.2894366598991615 0.3503021497911502 0.8907944901929489
vn -2.294098479157699e-16 0.35030216031575784 0.9366367473455828
vn 0 0.35030216031575784 0.9366367473455828
vn 0.2894366598991615 0.3503021497911502 0.8907944901929489
vn 0.5505412794006925 0.3503021583231199 0.7577550379575265
vn 0.7577550379575265 0.3503021583231199 0.5505412794006925
vn 0.8907944901929489 0.3503021497911502 0.2894366598991615
vn 0.9366367473455828 0.35030216031575784 5.735246197894248e-17
vn 0.8907944901929489 0.3503021497911502 -0.2894366598991615
vn 0.7577550379575265 0.3503021583231199 -0.5505412794006925
vn 0.5505412794006925 0.3503021583231199 -0.7577550379575265
vn 0.2894366598991615 0.3503021497911502 -0.8907944901929489
vn 1.1470492395788496e-16 0.35030216031575784 -0.9366367473455828
vn -0.2894366598991615 0.3503021497911502 -0.8907944901929489
vn -0.5505412794006925 0.3503021583231199 -0.7577550379575265
vn -0.7577550379575265 0.3503021583231199 -0.5505412794006925
vn -0.8907944901929489 0.3503021497911502 -0.2894366598991615
vn -0.9366367473455828 0.35030216031575784 -1.7205737931938255e-16
vn -0.8907944901929489 0.3503021497911502 0.2894366598991615
vn -0.7577550379575265 0.3503021583231199 0.5505412794006925
vn -0.5505412794006925 0.3503021583231199 0.7577550379575265
vn -0.2894366598991615 0.3503021497911502 0.8907944901929489
vn -2.294098479157699e-16 0.35030216031575784 0.9366367473455828
vn 0 1 0
vn 0 1 0
vn 0 1 0
vn 0 1 0
vn 0 1 0
vn 0 1 0
vn 0 1 0
vn 0 1 0
vn 0 1 0
vn 0 1 0
vn 0 1 0
vn 0 1 0
vn 0 1 0
vn 0 1 0
vn 0 1 0
vn 0 1 0
vn 0 1 0
vn 0 1 0
vn 0 1 0
vn 0 1 0
vn 0 1 0
vn 0 1 0
vn 0 1 0
vn 0 1 0
vn 0 1 0
vn 0 1 0
vn 0 1 0
vn 0 1 0
vn 0 1 0
vn 0 1 0
vn 0 1 0
vn 0 1 0
vn 0 1 0
vn 0 1 0
vn 0 1 0
vn 0 1 0
vn 0 1 0
vn 0 1 0
vn 0 1 0
vn 0 1 0
vn 0 1 0
vn 0 -1 0
vn 0 -1 0
vn 0 -1 0
vn 0 -1 0
vn 0 -1 0
vn 0 -1 0
vn 0 -1 0
vn 0 -1 0
vn 0 -1 0
vn 0 -1 0
vn 0 -1 0
vn 0 -1 0
vn 0 -1 0
vn 0 -1 0
vn 0 -1 0
vn 0 -1 0
vn 0 -1 0
vn 0 -1 0
vn 0 -1 0
vn 0 -1 0
vn 0 -1 0
vn 0 -1 0
vn 0 -1 0
vn 0 -1 0
vn 0 -1 0
vn 0 -1 0
vn 0 -1 0
vn 0 -1 0
vn 0 -1 0
vn 0 -1 0
vn 0 -1 0
vn 0 -1 0
vn 0 -1 0
vn 0 -1 0
vn 0 -1 0
vn 0 -1 0
vn 0 -1 0
vn 0 -1 0
vn 0 -1 0
vn 0 -1 0
vn 0 -1 0
f 3982/3982/3982 4003/4003/4003 3983/3983/3983
f 4003/4003/4003 4004/4004/4004 3983/3983/3983
f 3983/3983/3983 4004/4004/4004 3984/3984/3984
f 4004/4004/4004 4005/4005/4005 3984/3984/3984
f 3984/3984/3984 4005/4005/4005 3985/3985/3985
f 4005/4005/4005 4006/4006/4006 3985/3985/3985
f 3985/3985/3985 4006/4006/4006 3986/3986/3986
f 4006/4006/4006 4007/4007/4007 3986/3986/3986
f 3986/3986/3986 4007/4007/4007 3987/3987/3987
f 4007/4007/4007 4008/4008/4008 3987/3987/3987
f 3987/3987/3987 4008/4008/4008 3988/3988/3988
f 4008/4008/4008 4009/4009/4009 3988/3988/3988
f 3988/3988/3988 4009/4009/4009 3989/3989/3989
f 4009/4009/4009 4010/4010/4010 3989/3989/3989
f 3989/3989/3989 4010/4010/4010 3990/3990/3990
f 4010/4010/4010 4011/4011/4011 3990/3990/3990
f 3990/3990/3990 4011/4011/4011 3991/3991/3991
f 4011/4011/4011 4012/4012/4012 3991/3991/3991
f 3991/3991/3991 4012/4012/4012 3992/3992/3992
f 4012/4012/4012 4013/4013/4013 3992/3992/3992
f 3992/3992/3992 4013/4013/4013 3993/3993/3993
f 4013/4013/4013 4014/4014/4014 3993/3993/3993
f 3993/3993/3993 4014/4014/4014 3994/3994/3994
f 4014/4014/4014 4015/4015/4015 3994/3994/3994
f 3994/3994/3994 4015/4015/4015 3995/3995/3995
f 4015/4015/4015 4016/4016/4016 3995/3995/3995
f 3995/3995/3995 4016/4016/4016 3996/3996/3996
f 4016/4016/4016 4017/4017/4017 3996/3996/3996
f 3996/3996/3996 4017/4017/4017 3997/3997/3997
f 4017/4017/4017 4018/4018/4018 3997/3997/3997
f 3997/3997/3997 4018/4018/4018 3998/3998/3998
f 4018/4018/4018 4019/4019/4019 3998/3998/3998
f 3998/3998/3998 4019/4019/4019 3999/3999/3999
f 4019/4019/4019 4020/4020/4020 3999/3999/3999
f 3999/3999/3999 4020/4020/4020 4000/4000/4000
f 4020/4020/4020 4021/4021/4021 4000/4000/4000
f 4000/4000/4000 4021/4021/4021 4001/4001/4001
f 4021/4021/4021 4022/4022/4022 4001/4001/4001
f 4001/4001/4001 4022/4022/4022 4002/4002/4002
f 4022/4022/4022 4023/4023/4023 4002/4002/4002
f 4044/4044/4044 4045/4045/4045 4024/4024/4024
f 4045/4045/4045 4046/4046/4046 4025/4025/4025
f 4046/4046/4046 4047/4047/4047 4026/4026/4026
f 4047/4047/4047 4048/4048/4048 4027/4027/4027
f 4048/4048/4048 4049/4049/4049 4028/4028/4028
f 4049/4049/4049 4050/4050/4050 4029/4029/4029
f 4050/4050/4050 4051/4051/4051 4030/4030/4030
f 4051/4051/4051 4052/4052/4052 4031/4031/4031
f 4052/4052/4052 4053/4053/4053 4032/4032/4032
f 4053/4053/4053 4054/4054/4054 4033/4033/4033
f 4054/4054/4054 4055/4055/4055 4034/4034/4034
f 4055/4055/4055 4056/4056/4056 4035/4035/4035
f 4056/4056/4056 4057/4057/4057 4036/4036/4036
f 4057/4057/4057 4058/4058/4058 4037/4037/4037
f 4058/4058/4058 4059/4059/4059 4038/4038/4038
f 4059/4059/4059 4060/4060/4060 4039/4039/4039
f 4060/4060/4060 4061/4061/4061 4040/4040/4040
f 4061/4061/4061 4062/4062/4062 4041/4041/4041
f 4062/4062/4062 4063/4063/4063 4042/4042/4042
f 4063/4063/4063 4064/4064/4064 4043/4043/4043
f 4086/4086/4086 4085/4085/4085 4065/4065/4065
f 4087/4087/4087 4086/4086/4086 4066/4066/4066
f 4088/4088/4088 4087/4087/4087 4067/4067/4067
f 4089/4089/4089 4088/4088/4088 4068/4068/4068
f 4090/4090/4090 4089/4089/4089 4069/4069/4069
f 4091/4091/4091 4090/4090/4090 4070/4070/4070
f 4092/4092/4092 4091/4091/4091 4071/4071/4071
f 4093/4093/4093 4092/4092/4092 4072/4072/4072
f 4094/4094/4094 4093/4093/4093 4073/4073/4073
f 4095/4095/4095 4094/4094/4094 4074/4074/4074
f 4096/4096/4096 4095/4095/4095 4075/4075/4075
f 4097/4097/4097 4096/4096/4096 4076/4076/4076
f 4098/4098/4098 4097/4097/4097 4077/4077/4077
f 4099/4099/4099 4098/4098/4098 4078/4078/4078
f 4100/4100/4100 4099/4099/4099 4079/4079/4079
f 4101/4101/4101 4100/4100/4100 4080/4080/4080
f 4102/4102/4102 4101/4101/4101 4081/4081/4081
f 4103/4103/4103 4102/4102/4102 4082/4082/4082
f 4104/4104/4104 4103/4103/4103 4083/4083/4083
f 4105/4105/4105 4104/4104/4104 4084/4084/4084
o watchtower_rear_right_cap_top
usemtl dark_granite_trim
v 2.9000000000000004 5.1000000005960455 -1.574999988079071
v 3.0313322186470035 5.1000000005960455 -1.5958009660243988
v 3.149808728694916 5.1000000005960455 -1.6561677753925323
v 3.243832224607468 5.1000000005960455 -1.7501912713050842
v 3.3041990339756016 5.1000000005960455 -1.8686677813529968
v 3.3250000119209293 5.1000000005960455 -2
v 3.3041990339756016 5.1000000005960455 -2.131332218647003
v 3.243832224607468 5.1000000005960455 -2.2498087286949158
v 3.149808728694916 5.1000000005960455 -2.3438322246074677
v 3.0313322186470035 5.1000000005960455 -2.404199033975601
v 2.9000000000000004 5.1000000005960455 -2.425000011920929
v 2.768667781352997 5.1000000005960455 -2.404199033975601
v 2.6501912713050846 5.1000000005960455 -2.3438322246074677
v 2.5561677753925327 5.1000000005960455 -2.2498087286949158
v 2.495800966024399 5.1000000005960455 -2.131332218647003
v 2.4749999880790714 5.1000000005960455 -2
v 2.495800966024399 5.1000000005960455 -1.8686677813529968
v 2.5561677753925327 5.1000000005960455 -1.7501912713050842
v 2.6501912713050846 5.1000000005960455 -1.6561677753925323
v 2.768667781352997 5.1000000005960455 -1.5958009660243988
v 2.9000000000000004 5.1000000005960455 -1.574999988079071
v 2.9000000000000004 4.819999999403953 -1.3370000123977661
v 3.1048782706260685 4.819999999403953 -1.3694495558738708
v 3.2897016346454624 4.819999999403953 -1.463621735572815
v 3.4363782644271854 4.819999999403953 -1.610298365354538
v 3.5305504441261295 4.819999999403953 -1.7951217293739319
v 3.5629999876022342 4.819999999403953 -2
v 3.5305504441261295 4.819999999403953 -2.204878270626068
v 3.4363782644271854 4.819999999403953 -2.389701634645462
v 3.2897016346454624 4.819999999403953 -2.536378264427185
v 3.1048782706260685 4.819999999403953 -2.630550444126129
v 2.9000000000000004 4.819999999403953 -2.662999987602234
v 2.6951217293739322 4.819999999403953 -2.630550444126129
v 2.5102983653545383 4.819999999403953 -2.536378264427185
v 2.3636217355728153 4.819999999403953 -2.389701634645462
v 2.269449555873871 4.819999999403953 -2.204878270626068
v 2.2370000123977665 4.819999999403953 -2
v 2.269449555873871 4.819999999403953 -1.7951217293739319
v 2.3636217355728153 4.819999999403953 -1.610298365354538
v 2.5102983653545383 4.819999999403953 -1.463621735572815
v 2.6951217293739322 4.819999999403953 -1.3694495558738708
v 2.9000000000000004 4.819999999403953 -1.3370000123977661
v 2.9000000000000004 5.1000000005960455 -2
v 2.9000000000000004 5.1000000005960455 -2
v 2.9000000000000004 5.1000000005960455 -2
v 2.9000000000000004 5.1000000005960455 -2
v 2.9000000000000004 5.1000000005960455 -2
v 2.9000000000000004 5.1000000005960455 -2
v 2.9000000000000004 5.1000000005960455 -2
v 2.9000000000000004 5.1000000005960455 -2
v 2.9000000000000004 5.1000000005960455 -2
v 2.9000000000000004 5.1000000005960455 -2
v 2.9000000000000004 5.1000000005960455 -2
v 2.9000000000000004 5.1000000005960455 -2
v 2.9000000000000004 5.1000000005960455 -2
v 2.9000000000000004 5.1000000005960455 -2
v 2.9000000000000004 5.1000000005960455 -2
v 2.9000000000000004 5.1000000005960455 -2
v 2.9000000000000004 5.1000000005960455 -2
v 2.9000000000000004 5.1000000005960455 -2
v 2.9000000000000004 5.1000000005960455 -2
v 2.9000000000000004 5.1000000005960455 -2
v 2.9000000000000004 5.1000000005960455 -1.574999988079071
v 3.0313322186470035 5.1000000005960455 -1.5958009660243988
v 3.149808728694916 5.1000000005960455 -1.6561677753925323
v 3.243832224607468 5.1000000005960455 -1.7501912713050842
v 3.3041990339756016 5.1000000005960455 -1.8686677813529968
v 3.3250000119209293 5.1000000005960455 -2
v 3.3041990339756016 5.1000000005960455 -2.131332218647003
v 3.243832224607468 5.1000000005960455 -2.2498087286949158
v 3.149808728694916 5.1000000005960455 -2.3438322246074677
v 3.0313322186470035 5.1000000005960455 -2.404199033975601
v 2.9000000000000004 5.1000000005960455 -2.425000011920929
v 2.768667781352997 5.1000000005960455 -2.404199033975601
v 2.6501912713050846 5.1000000005960455 -2.3438322246074677
v 2.5561677753925327 5.1000000005960455 -2.2498087286949158
v 2.495800966024399 5.1000000005960455 -2.131332218647003
v 2.4749999880790714 5.1000000005960455 -2
v 2.495800966024399 5.1000000005960455 -1.8686677813529968
v 2.5561677753925327 5.1000000005960455 -1.7501912713050842
v 2.6501912713050846 5.1000000005960455 -1.6561677753925323
v 2.768667781352997 5.1000000005960455 -1.5958009660243988
v 2.9000000000000004 5.1000000005960455 -1.574999988079071
v 2.9000000000000004 4.819999999403953 -2
v 2.9000000000000004 4.819999999403953 -2
v 2.9000000000000004 4.819999999403953 -2
v 2.9000000000000004 4.819999999403953 -2
v 2.9000000000000004 4.819999999403953 -2
v 2.9000000000000004 4.819999999403953 -2
v 2.9000000000000004 4.819999999403953 -2
v 2.9000000000000004 4.819999999403953 -2
v 2.9000000000000004 4.819999999403953 -2
v 2.9000000000000004 4.819999999403953 -2
v 2.9000000000000004 4.819999999403953 -2
v 2.9000000000000004 4.819999999403953 -2
v 2.9000000000000004 4.819999999403953 -2
v 2.9000000000000004 4.819999999403953 -2
v 2.9000000000000004 4.819999999403953 -2
v 2.9000000000000004 4.819999999403953 -2
v 2.9000000000000004 4.819999999403953 -2
v 2.9000000000000004 4.819999999403953 -2
v 2.9000000000000004 4.819999999403953 -2
v 2.9000000000000004 4.819999999403953 -2
v 2.9000000000000004 4.819999999403953 -1.3370000123977661
v 3.1048782706260685 4.819999999403953 -1.3694495558738708
v 3.2897016346454624 4.819999999403953 -1.463621735572815
v 3.4363782644271854 4.819999999403953 -1.610298365354538
v 3.5305504441261295 4.819999999403953 -1.7951217293739319
v 3.5629999876022342 4.819999999403953 -2
v 3.5305504441261295 4.819999999403953 -2.204878270626068
v 3.4363782644271854 4.819999999403953 -2.389701634645462
v 3.2897016346454624 4.819999999403953 -2.536378264427185
v 3.1048782706260685 4.819999999403953 -2.630550444126129
v 2.9000000000000004 4.819999999403953 -2.662999987602234
v 2.6951217293739322 4.819999999403953 -2.630550444126129
v 2.5102983653545383 4.819999999403953 -2.536378264427185
v 2.3636217355728153 4.819999999403953 -2.389701634645462
v 2.269449555873871 4.819999999403953 -2.204878270626068
v 2.2370000123977665 4.819999999403953 -2
v 2.269449555873871 4.819999999403953 -1.7951217293739319
v 2.3636217355728153 4.819999999403953 -1.610298365354538
v 2.5102983653545383 4.819999999403953 -1.463621735572815
v 2.6951217293739322 4.819999999403953 -1.3694495558738708
v 2.9000000000000004 4.819999999403953 -1.3370000123977661
vt 0 1
vt 0.05000000074505806 1
vt 0.10000000149011612 1
vt 0.15000000596046448 1
vt 0.20000000298023224 1
vt 0.25 1
vt 0.30000001192092896 1
vt 0.3499999940395355 1
vt 0.4000000059604645 1
vt 0.44999998807907104 1
vt 0.5 1
vt 0.550000011920929 1
vt 0.6000000238418579 1
vt 0.6499999761581421 1
vt 0.699999988079071 1
vt 0.75 1
vt 0.800000011920929 1
vt 0.8500000238418579 1
vt 0.8999999761581421 1
vt 0.949999988079071 1
vt 1 1
vt 0 0
vt 0.05000000074505806 0
vt 0.10000000149011612 0
vt 0.15000000596046448 0
vt 0.20000000298023224 0
vt 0.25 0
vt 0.30000001192092896 0
vt 0.3499999940395355 0
vt 0.4000000059604645 0
vt 0.44999998807907104 0
vt 0.5 0
vt 0.550000011920929 0
vt 0.6000000238418579 0
vt 0.6499999761581421 0
vt 0.699999988079071 0
vt 0.75 0
vt 0.800000011920929 0
vt 0.8500000238418579 0
vt 0.8999999761581421 0
vt 0.949999988079071 0
vt 1 0
vt 0.5 0.5
vt 0.5 0.5
vt 0.5 0.5
vt 0.5 0.5
vt 0.5 0.5
vt 0.5 0.5
vt 0.5 0.5
vt 0.5 0.5
vt 0.5 0.5
vt 0.5 0.5
vt 0.5 0.5
vt 0.5 0.5
vt 0.5 0.5
vt 0.5 0.5
vt 0.5 0.5
vt 0.5 0.5
vt 0.5 0.5
vt 0.5 0.5
vt 0.5 0.5
vt 0.5 0.5
vt 1 0.5
vt 0.9755282402038574 0.6545084714889526
vt 0.9045084714889526 0.7938926219940186
vt 0.7938926219940186 0.9045084714889526
vt 0.6545084714889526 0.9755282402038574
vt 0.5 1
vt 0.345491498708725 0.9755282402038574
vt 0.20610737800598145 0.9045084714889526
vt 0.09549150615930557 0.7938926219940186
vt 0.024471741169691086 0.6545084714889526
vt 0 0.5
vt 0.024471741169691086 0.345491498708725
vt 0.09549150615930557 0.20610737800598145
vt 0.20610737800598145 0.09549150615930557
vt 0.345491498708725 0.024471741169691086
vt 0.5 0
vt 0.6545084714889526 0.024471741169691086
vt 0.7938926219940186 0.09549150615930557
vt 0.9045084714889526 0.20610737800598145
vt 0.9755282402038574 0.345491498708725
vt 1 0.5
vt 0.5 0.5
vt 0.5 0.5
vt 0.5 0.5
vt 0.5 0.5
vt 0.5 0.5
vt 0.5 0.5
vt 0.5 0.5
vt 0.5 0.5
vt 0.5 0.5
vt 0.5 0.5
vt 0.5 0.5
vt 0.5 0.5
vt 0.5 0.5
vt 0.5 0.5
vt 0.5 0.5
vt 0.5 0.5
vt 0.5 0.5
vt 0.5 0.5
vt 0.5 0.5
vt 0.5 0.5
vt 1 0.5
vt 0.9755282402038574 0.345491498708725
vt 0.9045084714889526 0.20610737800598145
vt 0.7938926219940186 0.09549150615930557
vt 0.6545084714889526 0.024471741169691086
vt 0.5 0
vt 0.345491498708725 0.024471741169691086
vt 0.20610737800598145 0.09549150615930557
vt 0.09549150615930557 0.20610737800598145
vt 0.024471741169691086 0.345491498708725
vt 0 0.5
vt 0.024471741169691086 0.6545084714889526
vt 0.09549150615930557 0.7938926219940186
vt 0.20610737800598145 0.9045084714889526
vt 0.345491498708725 0.9755282402038574
vt 0.5 1
vt 0.6545084714889526 0.9755282402038574
vt 0.7938926219940186 0.9045084714889526
vt 0.9045084714889526 0.7938926219940186
vt 0.9755282402038574 0.6545084714889526
vt 1 0.5
vn 0 0.6476483906825078 0.761939342760536
vn 0.2354522102227413 0.6476484086313953 0.7246473594090074
vn 0.4478566959699595 0.6476483962915032 0.6164218804162579
vn 0.6164218804162579 0.6476483962915032 0.4478566959699595
vn 0.7246473594090074 0.6476484086313953 0.2354522102227413
vn 0.761939342760536 0.6476483906825078 4.665532556801036e-17
vn 0.7246473594090074 0.6476484086313953 -0.2354522102227413
vn 0.6164218804162579 0.6476483962915032 -0.4478566959699595
vn 0.4478566959699595 0.6476483962915032 -0.6164218804162579
vn 0.2354522102227413 0.6476484086313953 -0.7246473594090074
vn 9.331065113602072e-17 0.6476483906825078 -0.761939342760536
vn -0.2354522102227413 0.6476484086313953 -0.7246473594090074
vn -0.4478566959699595 0.6476483962915032 -0.6164218804162579
vn -0.6164218804162579 0.6476483962915032 -0.4478566959699595
vn -0.7246473594090074 0.6476484086313953 -0.2354522102227413
vn -0.761939342760536 0.6476483906825078 -1.3996598663019838e-16
vn -0.7246473594090074 0.6476484086313953 0.2354522102227413
vn -0.6164218804162579 0.6476483962915032 0.4478566959699595
vn -0.4478566959699595 0.6476483962915032 0.6164218804162579
vn -0.2354522102227413 0.6476484086313953 0.7246473594090074
vn -1.8662130227204143e-16 0.6476483906825078 0.761939342760536
vn 0 0.6476483906825078 0.761939342760536
vn 0.2354522102227413 0.6476484086313953 0.7246473594090074
vn 0.4478566959699595 0.6476483962915032 0.6164218804162579
vn 0.6164218804162579 0.6476483962915032 0.4478566959699595
vn 0.7246473594090074 0.6476484086313953 0.2354522102227413
vn 0.761939342760536 0.6476483906825078 4.665532556801036e-17
vn 0.7246473594090074 0.6476484086313953 -0.2354522102227413
vn 0.6164218804162579 0.6476483962915032 -0.4478566959699595
vn 0.4478566959699595 0.6476483962915032 -0.6164218804162579
vn 0.2354522102227413 0.6476484086313953 -0.7246473594090074
vn 9.331065113602072e-17 0.6476483906825078 -0.761939342760536
vn -0.2354522102227413 0.6476484086313953 -0.7246473594090074
vn -0.4478566959699595 0.6476483962915032 -0.6164218804162579
vn -0.6164218804162579 0.6476483962915032 -0.4478566959699595
vn -0.7246473594090074 0.6476484086313953 -0.2354522102227413
vn -0.761939342760536 0.6476483906825078 -1.3996598663019838e-16
vn -0.7246473594090074 0.6476484086313953 0.2354522102227413
vn -0.6164218804162579 0.6476483962915032 0.4478566959699595
vn -0.4478566959699595 0.6476483962915032 0.6164218804162579
vn -0.2354522102227413 0.6476484086313953 0.7246473594090074
vn -1.8662130227204143e-16 0.6476483906825078 0.761939342760536
vn 0 1 0
vn 0 1 0
vn 0 1 0
vn 0 1 0
vn 0 1 0
vn 0 1 0
vn 0 1 0
vn 0 1 0
vn 0 1 0
vn 0 1 0
vn 0 1 0
vn 0 1 0
vn 0 1 0
vn 0 1 0
vn 0 1 0
vn 0 1 0
vn 0 1 0
vn 0 1 0
vn 0 1 0
vn 0 1 0
vn 0 1 0
vn 0 1 0
vn 0 1 0
vn 0 1 0
vn 0 1 0
vn 0 1 0
vn 0 1 0
vn 0 1 0
vn 0 1 0
vn 0 1 0
vn 0 1 0
vn 0 1 0
vn 0 1 0
vn 0 1 0
vn 0 1 0
vn 0 1 0
vn 0 1 0
vn 0 1 0
vn 0 1 0
vn 0 1 0
vn 0 1 0
vn 0 -1 0
vn 0 -1 0
vn 0 -1 0
vn 0 -1 0
vn 0 -1 0
vn 0 -1 0
vn 0 -1 0
vn 0 -1 0
vn 0 -1 0
vn 0 -1 0
vn 0 -1 0
vn 0 -1 0
vn 0 -1 0
vn 0 -1 0
vn 0 -1 0
vn 0 -1 0
vn 0 -1 0
vn 0 -1 0
vn 0 -1 0
vn 0 -1 0
vn 0 -1 0
vn 0 -1 0
vn 0 -1 0
vn 0 -1 0
vn 0 -1 0
vn 0 -1 0
vn 0 -1 0
vn 0 -1 0
vn 0 -1 0
vn 0 -1 0
vn 0 -1 0
vn 0 -1 0
vn 0 -1 0
vn 0 -1 0
vn 0 -1 0
vn 0 -1 0
vn 0 -1 0
vn 0 -1 0
vn 0 -1 0
vn 0 -1 0
vn 0 -1 0
f 4106/4106/4106 4127/4127/4127 4107/4107/4107
f 4127/4127/4127 4128/4128/4128 4107/4107/4107
f 4107/4107/4107 4128/4128/4128 4108/4108/4108
f 4128/4128/4128 4129/4129/4129 4108/4108/4108
f 4108/4108/4108 4129/4129/4129 4109/4109/4109
f 4129/4129/4129 4130/4130/4130 4109/4109/4109
f 4109/4109/4109 4130/4130/4130 4110/4110/4110
f 4130/4130/4130 4131/4131/4131 4110/4110/4110
f 4110/4110/4110 4131/4131/4131 4111/4111/4111
f 4131/4131/4131 4132/4132/4132 4111/4111/4111
f 4111/4111/4111 4132/4132/4132 4112/4112/4112
f 4132/4132/4132 4133/4133/4133 4112/4112/4112
f 4112/4112/4112 4133/4133/4133 4113/4113/4113
f 4133/4133/4133 4134/4134/4134 4113/4113/4113
f 4113/4113/4113 4134/4134/4134 4114/4114/4114
f 4134/4134/4134 4135/4135/4135 4114/4114/4114
f 4114/4114/4114 4135/4135/4135 4115/4115/4115
f 4135/4135/4135 4136/4136/4136 4115/4115/4115
f 4115/4115/4115 4136/4136/4136 4116/4116/4116
f 4136/4136/4136 4137/4137/4137 4116/4116/4116
f 4116/4116/4116 4137/4137/4137 4117/4117/4117
f 4137/4137/4137 4138/4138/4138 4117/4117/4117
f 4117/4117/4117 4138/4138/4138 4118/4118/4118
f 4138/4138/4138 4139/4139/4139 4118/4118/4118
f 4118/4118/4118 4139/4139/4139 4119/4119/4119
f 4139/4139/4139 4140/4140/4140 4119/4119/4119
f 4119/4119/4119 4140/4140/4140 4120/4120/4120
f 4140/4140/4140 4141/4141/4141 4120/4120/4120
f 4120/4120/4120 4141/4141/4141 4121/4121/4121
f 4141/4141/4141 4142/4142/4142 4121/4121/4121
f 4121/4121/4121 4142/4142/4142 4122/4122/4122
f 4142/4142/4142 4143/4143/4143 4122/4122/4122
f 4122/4122/4122 4143/4143/4143 4123/4123/4123
f 4143/4143/4143 4144/4144/4144 4123/4123/4123
f 4123/4123/4123 4144/4144/4144 4124/4124/4124
f 4144/4144/4144 4145/4145/4145 4124/4124/4124
f 4124/4124/4124 4145/4145/4145 4125/4125/4125
f 4145/4145/4145 4146/4146/4146 4125/4125/4125
f 4125/4125/4125 4146/4146/4146 4126/4126/4126
f 4146/4146/4146 4147/4147/4147 4126/4126/4126
f 4168/4168/4168 4169/4169/4169 4148/4148/4148
f 4169/4169/4169 4170/4170/4170 4149/4149/4149
f 4170/4170/4170 4171/4171/4171 4150/4150/4150
f 4171/4171/4171 4172/4172/4172 4151/4151/4151
f 4172/4172/4172 4173/4173/4173 4152/4152/4152
f 4173/4173/4173 4174/4174/4174 4153/4153/4153
f 4174/4174/4174 4175/4175/4175 4154/4154/4154
f 4175/4175/4175 4176/4176/4176 4155/4155/4155
f 4176/4176/4176 4177/4177/4177 4156/4156/4156
f 4177/4177/4177 4178/4178/4178 4157/4157/4157
f 4178/4178/4178 4179/4179/4179 4158/4158/4158
f 4179/4179/4179 4180/4180/4180 4159/4159/4159
f 4180/4180/4180 4181/4181/4181 4160/4160/4160
f 4181/4181/4181 4182/4182/4182 4161/4161/4161
f 4182/4182/4182 4183/4183/4183 4162/4162/4162
f 4183/4183/4183 4184/4184/4184 4163/4163/4163
f 4184/4184/4184 4185/4185/4185 4164/4164/4164
f 4185/4185/4185 4186/4186/4186 4165/4165/4165
f 4186/4186/4186 4187/4187/4187 4166/4166/4166
f 4187/4187/4187 4188/4188/4188 4167/4167/4167
f 4210/4210/4210 4209/4209/4209 4189/4189/4189
f 4211/4211/4211 4210/4210/4210 4190/4190/4190
f 4212/4212/4212 4211/4211/4211 4191/4191/4191
f 4213/4213/4213 4212/4212/4212 4192/4192/4192
f 4214/4214/4214 4213/4213/4213 4193/4193/4193
f 4215/4215/4215 4214/4214/4214 4194/4194/4194
f 4216/4216/4216 4215/4215/4215 4195/4195/4195
f 4217/4217/4217 4216/4216/4216 4196/4196/4196
f 4218/4218/4218 4217/4217/4217 4197/4197/4197
f 4219/4219/4219 4218/4218/4218 4198/4198/4198
f 4220/4220/4220 4219/4219/4219 4199/4199/4199
f 4221/4221/4221 4220/4220/4220 4200/4200/4200
f 4222/4222/4222 4221/4221/4221 4201/4201/4201
f 4223/4223/4223 4222/4222/4222 4202/4202/4202
f 4224/4224/4224 4223/4223/4223 4203/4203/4203
f 4225/4225/4225 4224/4224/4224 4204/4204/4204
f 4226/4226/4226 4225/4225/4225 4205/4205/4205
f 4227/4227/4227 4226/4226/4226 4206/4206/4206
f 4228/4228/4228 4227/4227/4227 4207/4207/4207
f 4229/4229/4229 4228/4228/4228 4208/4208/4208
o watchtower_rear_right_finial
usemtl dark_granite_trim
v 2.9000000000000004 5.467000006437301 -2
v 2.9000000000000004 5.467000006437301 -2
v 2.9000000000000004 5.467000006437301 -2
v 2.9000000000000004 5.467000006437301 -2
v 2.9000000000000004 5.467000006437301 -2
v 2.9000000000000004 5.467000006437301 -2
v 2.9000000000000004 5.467000006437301 -2
v 2.9000000000000004 5.467000006437301 -2
v 2.9000000000000004 5.467000006437301 -2
v 2.9000000000000004 5.467000006437301 -2
v 2.9000000000000004 5.467000006437301 -2
v 2.9000000000000004 5.467000006437301 -2
v 2.9000000000000004 5.467000006437301 -2
v 2.9000000000000004 5.467000006437301 -2
v 2.9000000000000004 5.467000006437301 -2
v 2.851600838452578 5.460628135800361 -2
v 2.8563938640058044 5.460628135800361 -1.9790003914386034
v 2.869823615625501 5.460628135800361 -1.962160013616085
v 2.8892301736399535 5.460628135800361 -1.952814307063818
v 2.910769826360047 5.460628135800361 -1.952814307063818
v 2.9301763843744997 5.460628135800361 -1.962160013616085
v 2.9436061359941963 5.460628135800361 -1.9790003914386034
v 2.9483991615474228 5.460628135800361 -2
v 2.9436061359941963 5.460628135800361 -2.0209996085613966
v 2.9301763843744997 5.460628135800361 -2.037839986383915
v 2.910769826360047 5.460628135800361 -2.047185692936182
v 2.8892301736399535 5.460628135800361 -2.047185692936182
v 2.869823615625501 5.460628135800361 -2.037839986383915
v 2.8563938640058044 5.460628135800361 -2.0209996085613966
v 2.851600838452578 5.460628135800361 -2
v 2.8064999967813495 5.44194674372673 -2
v 2.8157594144344333 5.44194674372673 -1.9594318717718124
v 2.8417037032544616 5.44194674372673 -1.926898755133152
v 2.8791942927986387 5.44194674372673 -1.9088442400097847
v 2.920805707201362 5.44194674372673 -1.9088442400097847
v 2.958296296745539 5.44194674372673 -1.926898755133152
v 2.9842405855655674 5.44194674372673 -1.9594318717718124
v 2.993500003218651 5.44194674372673 -2
v 2.9842405855655674 5.44194674372673 -2.0405681282281876
v 2.958296296745539 5.44194674372673 -2.073101244866848
v 2.920805707201362 5.44194674372673 -2.0911557599902153
v 2.8791942927986387 5.44194674372673 -2.0911557599902153
v 2.8417037032544616 5.44194674372673 -2.073101244866848
v 2.8157594144344333 5.44194674372673 -2.0405681282281876
v 2.8064999967813495 5.44194674372673 -2
v 2.7677710294723514 5.412228970527648 -2
v 2.7808658197522167 5.412228970527648 -1.9426279999315739
v 2.8175565838813785 5.412228970527648 -1.8966192305088043
v 2.8705762863159183 5.412228970527648 -1.8710862845182419
v 2.9294237136840824 5.412228970527648 -1.8710862845182419
v 2.982443416118622 5.412228970527648 -1.8966192305088043
v 3.019134180247784 5.412228970527648 -1.9426279999315739
v 3.0322289705276493 5.412228970527648 -2
v 3.019134180247784 5.412228970527648 -2.057372000068426
v 2.982443416118622 5.412228970527648 -2.1033807694911957
v 2.9294237136840824 5.412228970527648 -2.128913715481758
v 2.8705762863159183 5.412228970527648 -2.128913715481758
v 2.8175565838813785 5.412228970527648 -2.1033807694911957
v 2.7808658197522167 5.412228970527648 -2.057372000068426
v 2.7677710294723514 5.412228970527648 -2
v 2.73805325627327 5.37350000321865 -2
v 2.7540910184383396 5.37350000321865 -1.9297339394688606
v 2.799027854204178 5.37350000321865 -1.8733849376440048
v 2.863963456451893 5.37350000321865 -1.8421135991811752
v 2.9360365435481075 5.37350000321865 -1.8421135991811752
v 3.0009721457958225 5.37350000321865 -1.8733849376440048
v 3.045908981561661 5.37350000321865 -1.9297339394688606
v 3.0619467437267307 5.37350000321865 -2
v 3.045908981561661 5.37350000321865 -2.0702660605311394
v 3.0009721457958225 5.37350000321865 -2.126615062355995
v 2.9360365435481075 5.37350000321865 -2.1578864008188248
v 2.863963456451893 5.37350000321865 -2.1578864008188248
v 2.799027854204178 5.37350000321865 -2.126615062355995
v 2.7540910184383396 5.37350000321865 -2.0702660605311394
v 2.73805325627327 5.37350000321865 -2
v 2.7193718641996387 5.328399161547422 -2
v 2.7372596800327305 5.328399161547422 -1.9216283932328224
v 2.7873802050948147 5.328399161547422 -1.8587792366743088
v 2.859806460887194 5.328399161547422 -1.8239005953073502
v 2.9401935391128067 5.328399161547422 -1.8239005953073502
v 3.012619794905186 5.328399161547422 -1.8587792366743088
v 3.0627403199672703 5.328399161547422 -1.9216283932328224
v 3.080628135800362 5.328399161547422 -2
v 3.0627403199672703 5.328399161547422 -2.0783716067671776
v 3.012619794905186 5.328399161547422 -2.1412207633256912
v 2.9401935391128067 5.328399161547422 -2.17609940469265
v 2.859806460887194 5.328399161547422 -2.17609940469265
v 2.7873802050948147 5.328399161547422 -2.1412207633256912
v 2.7372596800327305 5.328399161547422 -2.0783716067671776
v 2.7193718641996387 5.328399161547422 -2
v 2.7129999935626987 5.279999999999999 -2
v 2.7315188288688663 5.279999999999999 -1.9188637435436249
v 2.783407406508923 5.279999999999999 -1.853797510266304
v 2.858388585597277 5.279999999999999 -1.8176884800195694
v 2.9416114144027237 5.279999999999999 -1.8176884800195694
v 3.016592593491078 5.279999999999999 -1.853797510266304
v 3.0684811711311344 5.279999999999999 -1.9188637435436249
v 3.087000006437302 5.279999999999999 -2
v 3.0684811711311344 5.279999999999999 -2.081136256456375
v 3.016592593491078 5.279999999999999 -2.146202489733696
v 2.9416114144027237 5.279999999999999 -2.1823115199804306
v 2.858388585597277 5.279999999999999 -2.1823115199804306
v 2.783407406508923 5.279999999999999 -2.146202489733696
v 2.7315188288688663 5.279999999999999 -2.081136256456375
v 2.7129999935626987 5.279999999999999 -2
v 2.7193718641996387 5.231600838452577 -2
v 2.7372596800327305 5.231600838452577 -1.9216283932328224
v 2.7873802050948147 5.231600838452577 -1.8587792366743088
v 2.859806460887194 5.231600838452577 -1.8239005953073502
v 2.9401935391128067 5.231600838452577 -1.8239005953073502
v 3.012619794905186 5.231600838452577 -1.8587792366743088
v 3.0627403199672703 5.231600838452577 -1.9216283932328224
v 3.080628135800362 5.231600838452577 -2
v 3.0627403199672703 5.231600838452577 -2.0783716067671776
v 3.012619794905186 5.231600838452577 -2.1412207633256912
v 2.9401935391128067 5.231600838452577 -2.17609940469265
v 2.859806460887194 5.231600838452577 -2.17609940469265
v 2.7873802050948147 5.231600838452577 -2.1412207633256912
v 2.7372596800327305 5.231600838452577 -2.0783716067671776
v 2.7193718641996387 5.231600838452577 -2
v 2.73805325627327 5.1864999967813485 -2
v 2.7540910184383396 5.1864999967813485 -1.9297339394688606
v 2.799027854204178 5.1864999967813485 -1.8733849376440048
v 2.863963456451893 5.1864999967813485 -1.8421135991811752
v 2.9360365435481075 5.1864999967813485 -1.8421135991811752
v 3.0009721457958225 5.1864999967813485 -1.8733849376440048
v 3.045908981561661 5.1864999967813485 -1.9297339394688606
v 3.0619467437267307 5.1864999967813485 -2
v 3.045908981561661 5.1864999967813485 -2.0702660605311394
v 3.0009721457958225 5.1864999967813485 -2.126615062355995
v 2.9360365435481075 5.1864999967813485 -2.1578864008188248
v 2.863963456451893 5.1864999967813485 -2.1578864008188248
v 2.799027854204178 5.1864999967813485 -2.126615062355995
v 2.7540910184383396 5.1864999967813485 -2.0702660605311394
v 2.73805325627327 5.1864999967813485 -2
v 2.7677710294723514 5.14777102947235 -2
v 2.7808658197522167 5.14777102947235 -1.9426279999315739
v 2.8175565838813785 5.14777102947235 -1.8966192305088043
v 2.8705762863159183 5.14777102947235 -1.8710862845182419
v 2.9294237136840824 5.14777102947235 -1.8710862845182419
v 2.982443416118622 5.14777102947235 -1.8966192305088043
v 3.019134180247784 5.14777102947235 -1.9426279999315739
v 3.0322289705276493 5.14777102947235 -2
v 3.019134180247784 5.14777102947235 -2.057372000068426
v 2.982443416118622 5.14777102947235 -2.1033807694911957
v 2.9294237136840824 5.14777102947235 -2.128913715481758
v 2.8705762863159183 5.14777102947235 -2.128913715481758
v 2.8175565838813785 5.14777102947235 -2.1033807694911957
v 2.7808658197522167 5.14777102947235 -2.057372000068426
v 2.7677710294723514 5.14777102947235 -2
v 2.8064999967813495 5.118053256273269 -2
v 2.8157594144344333 5.118053256273269 -1.9594318717718124
v 2.8417037032544616 5.118053256273269 -1.926898755133152
v 2.8791942927986387 5.118053256273269 -1.9088442400097847
v 2.920805707201362 5.118053256273269 -1.9088442400097847
v 2.958296296745539 5.118053256273269 -1.926898755133152
v 2.9842405855655674 5.118053256273269 -1.9594318717718124
v 2.993500003218651 5.118053256273269 -2
v 2.9842405855655674 5.118053256273269 -2.0405681282281876
v 2.958296296745539 5.118053256273269 -2.073101244866848
v 2.920805707201362 5.118053256273269 -2.0911557599902153
v 2.8791942927986387 5.118053256273269 -2.0911557599902153
v 2.8417037032544616 5.118053256273269 -2.073101244866848
v 2.8157594144344333 5.118053256273269 -2.0405681282281876
v 2.8064999967813495 5.118053256273269 -2
v 2.851600838452578 5.099371864199638 -2
v 2.8563938640058044 5.099371864199638 -1.9790003914386034
v 2.869823615625501 5.099371864199638 -1.962160013616085
v 2.8892301736399535 5.099371864199638 -1.952814307063818
v 2.910769826360047 5.099371864199638 -1.952814307063818
v 2.9301763843744997 5.099371864199638 -1.962160013616085
v 2.9436061359941963 5.099371864199638 -1.9790003914386034
v 2.9483991615474228 5.099371864199638 -2
v 2.9436061359941963 5.099371864199638 -2.0209996085613966
v 2.9301763843744997 5.099371864199638 -2.037839986383915
v 2.910769826360047 5.099371864199638 -2.047185692936182
v 2.8892301736399535 5.099371864199638 -2.047185692936182
v 2.869823615625501 5.099371864199638 -2.037839986383915
v 2.8563938640058044 5.099371864199638 -2.0209996085613966
v 2.851600838452578 5.099371864199638 -2
v 2.9000000000000004 5.092999993562698 -2
v 2.9000000000000004 5.092999993562698 -2
v 2.9000000000000004 5.092999993562698 -2
v 2.9000000000000004 5.092999993562698 -2
v 2.9000000000000004 5.092999993562698 -2
v 2.9000000000000004 5.092999993562698 -2
v 2.9000000000000004 5.092999993562698 -2
v 2.9000000000000004 5.092999993562698 -2
v 2.9000000000000004 5.092999993562698 -2
v 2.9000000000000004 5.092999993562698 -2
v 2.9000000000000004 5.092999993562698 -2
v 2.9000000000000004 5.092999993562698 -2
v 2.9000000000000004 5.092999993562698 -2
v 2.9000000000000004 5.092999993562698 -2
v 2.9000000000000004 5.092999993562698 -2
vt 0.0357142873108387 1
vt 0.1071428582072258 1
vt 0.1785714328289032 1
vt 0.25 1
vt 0.3214285671710968 1
vt 0.3928571343421936 1
vt 0.4642857015132904 1
vt 0.5357142686843872 1
vt 0.6071428656578064 1
vt 0.6785714030265808 1
vt 0.75 1
vt 0.8214285969734192 1
vt 0.8928571343421936 1
vt 0.9642857313156128 1
vt 1.0357142686843872 1
vt 0 0.9166666865348816
vt 0.0714285746216774 0.9166666865348816
vt 0.1428571492433548 0.9166666865348816
vt 0.2142857164144516 0.9166666865348816
vt 0.2857142984867096 0.9166666865348816
vt 0.3571428656578064 0.9166666865348816
vt 0.4285714328289032 0.9166666865348816
vt 0.5 0.9166666865348816
vt 0.5714285969734192 0.9166666865348816
vt 0.6428571343421936 0.9166666865348816
vt 0.7142857313156128 0.9166666865348816
vt 0.7857142686843872 0.9166666865348816
vt 0.8571428656578064 0.9166666865348816
vt 0.9285714030265808 0.9166666865348816
vt 1 0.9166666865348816
vt 0 0.8333333134651184
vt 0.0714285746216774 0.8333333134651184
vt 0.1428571492433548 0.8333333134651184
vt 0.2142857164144516 0.8333333134651184
vt 0.2857142984867096 0.8333333134651184
vt 0.3571428656578064 0.8333333134651184
vt 0.4285714328289032 0.8333333134651184
vt 0.5 0.8333333134651184
vt 0.5714285969734192 0.8333333134651184
vt 0.6428571343421936 0.8333333134651184
vt 0.7142857313156128 0.8333333134651184
vt 0.7857142686843872 0.8333333134651184
vt 0.8571428656578064 0.8333333134651184
vt 0.9285714030265808 0.8333333134651184
vt 1 0.8333333134651184
vt 0 0.75
vt 0.0714285746216774 0.75
vt 0.1428571492433548 0.75
vt 0.2142857164144516 0.75
vt 0.2857142984867096 0.75
vt 0.3571428656578064 0.75
vt 0.4285714328289032 0.75
vt 0.5 0.75
vt 0.5714285969734192 0.75
vt 0.6428571343421936 0.75
vt 0.7142857313156128 0.75
vt 0.7857142686843872 0.75
vt 0.8571428656578064 0.75
vt 0.9285714030265808 0.75
vt 1 0.75
vt 0 0.6666666865348816
vt 0.0714285746216774 0.6666666865348816
vt 0.1428571492433548 0.6666666865348816
vt 0.2142857164144516 0.6666666865348816
vt 0.2857142984867096 0.6666666865348816
vt 0.3571428656578064 0.6666666865348816
vt 0.4285714328289032 0.6666666865348816
vt 0.5 0.6666666865348816
vt 0.5714285969734192 0.6666666865348816
vt 0.6428571343421936 0.6666666865348816
vt 0.7142857313156128 0.6666666865348816
vt 0.7857142686843872 0.6666666865348816
vt 0.8571428656578064 0.6666666865348816
vt 0.9285714030265808 0.6666666865348816
vt 1 0.6666666865348816
vt 0 0.5833333134651184
vt 0.0714285746216774 0.5833333134651184
vt 0.1428571492433548 0.5833333134651184
vt 0.2142857164144516 0.5833333134651184
vt 0.2857142984867096 0.5833333134651184
vt 0.3571428656578064 0.5833333134651184
vt 0.4285714328289032 0.5833333134651184
vt 0.5 0.5833333134651184
vt 0.5714285969734192 0.5833333134651184
vt 0.6428571343421936 0.5833333134651184
vt 0.7142857313156128 0.5833333134651184
vt 0.7857142686843872 0.5833333134651184
vt 0.8571428656578064 0.5833333134651184
vt 0.9285714030265808 0.5833333134651184
vt 1 0.5833333134651184
vt 0 0.5
vt 0.0714285746216774 0.5
vt 0.1428571492433548 0.5
vt 0.2142857164144516 0.5
vt 0.2857142984867096 0.5
vt 0.3571428656578064 0.5
vt 0.4285714328289032 0.5
vt 0.5 0.5
vt 0.5714285969734192 0.5
vt 0.6428571343421936 0.5
vt 0.7142857313156128 0.5
vt 0.7857142686843872 0.5
vt 0.8571428656578064 0.5
vt 0.9285714030265808 0.5
vt 1 0.5
vt 0 0.4166666567325592
vt 0.0714285746216774 0.4166666567325592
vt 0.1428571492433548 0.4166666567325592
vt 0.2142857164144516 0.4166666567325592
vt 0.2857142984867096 0.4166666567325592
vt 0.3571428656578064 0.4166666567325592
vt 0.4285714328289032 0.4166666567325592
vt 0.5 0.4166666567325592
vt 0.5714285969734192 0.4166666567325592
vt 0.6428571343421936 0.4166666567325592
vt 0.7142857313156128 0.4166666567325592
vt 0.7857142686843872 0.4166666567325592
vt 0.8571428656578064 0.4166666567325592
vt 0.9285714030265808 0.4166666567325592
vt 1 0.4166666567325592
vt 0 0.3333333432674408
vt 0.0714285746216774 0.3333333432674408
vt 0.1428571492433548 0.3333333432674408
vt 0.2142857164144516 0.3333333432674408
vt 0.2857142984867096 0.3333333432674408
vt 0.3571428656578064 0.3333333432674408
vt 0.4285714328289032 0.3333333432674408
vt 0.5 0.3333333432674408
vt 0.5714285969734192 0.3333333432674408
vt 0.6428571343421936 0.3333333432674408
vt 0.7142857313156128 0.3333333432674408
vt 0.7857142686843872 0.3333333432674408
vt 0.8571428656578064 0.3333333432674408
vt 0.9285714030265808 0.3333333432674408
vt 1 0.3333333432674408
vt 0 0.25
vt 0.0714285746216774 0.25
vt 0.1428571492433548 0.25
vt 0.2142857164144516 0.25
vt 0.2857142984867096 0.25
vt 0.3571428656578064 0.25
vt 0.4285714328289032 0.25
vt 0.5 0.25
vt 0.5714285969734192 0.25
vt 0.6428571343421936 0.25
vt 0.7142857313156128 0.25
vt 0.7857142686843872 0.25
vt 0.8571428656578064 0.25
vt 0.9285714030265808 0.25
vt 1 0.25
vt 0 0.1666666716337204
vt 0.0714285746216774 0.1666666716337204
vt 0.1428571492433548 0.1666666716337204
vt 0.2142857164144516 0.1666666716337204
vt 0.2857142984867096 0.1666666716337204
vt 0.3571428656578064 0.1666666716337204
vt 0.4285714328289032 0.1666666716337204
vt 0.5 0.1666666716337204
vt 0.5714285969734192 0.1666666716337204
vt 0.6428571343421936 0.1666666716337204
vt 0.7142857313156128 0.1666666716337204
vt 0.7857142686843872 0.1666666716337204
vt 0.8571428656578064 0.1666666716337204
vt 0.9285714030265808 0.1666666716337204
vt 1 0.1666666716337204
vt 0 0.0833333358168602
vt 0.0714285746216774 0.0833333358168602
vt 0.1428571492433548 0.0833333358168602
vt 0.2142857164144516 0.0833333358168602
vt 0.2857142984867096 0.0833333358168602
vt 0.3571428656578064 0.0833333358168602
vt 0.4285714328289032 0.0833333358168602
vt 0.5 0.0833333358168602
vt 0.5714285969734192 0.0833333358168602
vt 0.6428571343421936 0.0833333358168602
vt 0.7142857313156128 0.0833333358168602
vt 0.7857142686843872 0.0833333358168602
vt 0.8571428656578064 0.0833333358168602
vt 0.9285714030265808 0.0833333358168602
vt 1 0.0833333358168602
vt -0.0357142873108387 0
vt 0.0357142873108387 0
vt 0.1071428582072258 0
vt 0.1785714328289032 0
vt 0.25 0
vt 0.3214285671710968 0
vt 0.3928571343421936 0
vt 0.4642857015132904 0
vt 0.5357142686843872 0
vt 0.6071428656578064 0
vt 0.6785714030265808 0
vt 0.75 0
vt 0.8214285969734192 0
vt 0.8928571343421936 0
vt 0.9642857313156128 0
vn 0 1 0
vn 0 1 0
vn 0 1 0
vn 0 1 0
vn 0 1 0
vn 0 1 0
vn 0 1 0
vn 0 1 0
vn 0 1 0
vn 0 1 0
vn 0 1 0
vn 0 1 0
vn 0 1 0
vn 0 1 0
vn 0 1 0
vn -0.2588190471264927 0.9659258257467466 0
vn -0.23318790212616303 0.965925825697602 0.11229737998904929
vn -0.1613710393000704 0.9659258243100393 0.20235288385932754
vn -0.057592657150230264 0.9659258242408101 0.25232991877121497
vn 0.057592657150230264 0.9659258242408101 0.25232991877121497
vn 0.1613710393000704 0.9659258243100393 0.20235288385932754
vn 0.23318790212616303 0.965925825697602 0.11229737998904929
vn 0.2588190471264927 0.9659258257467466 3.1696191689360264e-17
vn 0.23318790212616303 0.965925825697602 -0.11229737998904929
vn 0.1613710393000704 0.9659258243100393 -0.20235288385932754
vn 0.057592657150230264 0.9659258242408101 -0.25232991877121497
vn -0.057592657150230264 0.9659258242408101 -0.25232991877121497
vn -0.1613710393000704 0.9659258243100393 -0.20235288385932754
vn -0.23318790212616303 0.965925825697602 -0.11229737998904929
vn -0.2588190471264927 0.9659258257467466 -6.339238337872053e-17
vn -0.5000000067305869 0.8660253998985324 0
vn -0.45048443335647964 0.8660254046333798 0.21694186740480123
vn -0.3117449017387486 0.8660253970778502 0.3909157554461697
vn -0.11126046805406449 0.8660254020684025 0.4874639588940422
vn 0.11126046805406449 0.8660254020684025 0.4874639588940422
vn 0.3117449017387486 0.8660253970778502 0.3909157554461697
vn 0.45048443335647964 0.8660254046333798 0.21694186740480123
vn 0.5000000067305869 0.8660253998985324 6.12323434535176e-17
vn 0.45048443335647964 0.8660254046333798 -0.21694186740480123
vn 0.3117449017387486 0.8660253970778502 -0.3909157554461697
vn 0.11126046805406449 0.8660254020684025 -0.4874639588940422
vn -0.11126046805406449 0.8660254020684025 -0.4874639588940422
vn -0.3117449017387486 0.8660253970778502 -0.3909157554461697
vn -0.45048443335647964 0.8660254046333798 -0.21694186740480123
vn -0.5000000067305869 0.8660253998985324 -1.224646869070352e-16
vn -0.7071067811865476 0.7071067811865476 0
vn -0.6370812093853011 0.7071067730145022 0.3068021254899962
vn -0.4408738704352456 0.7071067837160909 0.5528383369395901
vn -0.15734605593110657 0.7071067736664909 0.6893781468235639
vn 0.15734605593110657 0.7071067736664909 0.6893781468235639
vn 0.4408738704352456 0.7071067837160909 0.5528383369395901
vn 0.6370812093853011 0.7071067730145022 0.3068021254899962
vn 0.7071067811865476 0.7071067811865476 8.659560751628624e-17
vn 0.6370812093853011 0.7071067730145022 -0.3068021254899962
vn 0.4408738704352456 0.7071067837160909 -0.5528383369395901
vn 0.15734605593110657 0.7071067736664909 -0.6893781468235639
vn -0.15734605593110657 0.7071067736664909 -0.6893781468235639
vn -0.4408738704352456 0.7071067837160909 -0.5528383369395901
vn -0.6370812093853011 0.7071067730145022 -0.3068021254899962
vn -0.7071067811865476 0.7071067811865476 -1.7319121503257247e-16
vn -0.8660253998985324 0.5000000067305869 0
vn -0.7802619340813601 0.5000000001780183 0.3757543267157372
vn -0.5399579983513427 0.4999999983037915 0.6770859337725307
vn -0.19270878028593394 0.5000000126740947 0.8443123316205994
vn 0.19270878028593394 0.5000000126740947 0.8443123316205994
vn 0.5399579983513427 0.4999999983037915 0.6770859337725307
vn 0.7802619340813601 0.5000000001780183 0.3757543267157372
vn 0.8660253998985324 0.5000000067305869 1.0605752614896174e-16
vn 0.7802619340813601 0.5000000001780183 -0.3757543267157372
vn 0.5399579983513427 0.4999999983037915 -0.6770859337725307
vn 0.19270878028593394 0.5000000126740947 -0.8443123316205994
vn -0.19270878028593394 0.5000000126740947 -0.8443123316205994
vn -0.5399579983513427 0.4999999983037915 -0.6770859337725307
vn -0.7802619340813601 0.5000000001780183 -0.3757543267157372
vn -0.8660253998985324 0.5000000067305869 -2.1211505229792348e-16
vn -0.9659258257467466 0.2588190471264927 0
vn -0.8702691035676434 0.2588190388267835 0.41909950192806283
vn -0.6022449158945845 0.2588190446318764 0.755191209836931
vn -0.21493871948573373 0.25881904891706803 0.941708047530389
vn 0.21493871948573373 0.25881904891706803 0.941708047530389
vn 0.6022449158945845 0.2588190446318764 0.755191209836931
vn 0.8702691035676434 0.2588190388267835 0.41909950192806283
vn 0.9659258257467466 0.2588190471264927 1.1829179227392118e-16
vn 0.8702691035676434 0.2588190388267835 -0.41909950192806283
vn 0.6022449158945845 0.2588190446318764 -0.755191209836931
vn 0.21493871948573373 0.25881904891706803 -0.941708047530389
vn -0.21493871948573373 0.25881904891706803 -0.941708047530389
vn -0.6022449158945845 0.2588190446318764 -0.755191209836931
vn -0.8702691035676434 0.2588190388267835 -0.41909950192806283
vn -0.9659258257467466 0.2588190471264927 -2.3658358454784237e-16
vn -1 6.123234262925839e-17 0
vn -0.9009688693625448 6.123234396836827e-17 0.4338837360855756
vn -0.6234897889923936 6.123234183151289e-17 0.7818314927285933
vn -0.22252093478534796 6.123234324294117e-17 0.9749279119926021
vn 0.22252093478534796 6.123234324294117e-17 0.9749279119926021
vn 0.6234897889923936 6.123234183151289e-17 0.7818314927285933
vn 0.9009688693625448 6.123234396836827e-17 0.4338837360855756
vn 1 6.123234262925839e-17 1.2246468525851679e-16
vn 0.9009688693625448 6.123234396836827e-17 -0.4338837360855756
vn 0.6234897889923936 6.123234183151289e-17 -0.7818314927285933
vn 0.22252093478534796 6.123234324294117e-17 -0.9749279119926021
vn -0.22252093478534796 6.123234324294117e-17 -0.9749279119926021
vn -0.6234897889923936 6.123234183151289e-17 -0.7818314927285933
vn -0.9009688693625448 6.123234396836827e-17 -0.4338837360855756
vn -1 6.123234262925839e-17 -2.4492937051703357e-16
vn -0.9659258257467466 -0.2588190471264927 0
vn -0.8702691035676434 -0.2588190388267835 0.41909950192806283
vn -0.6022449158945845 -0.2588190446318764 0.755191209836931
vn -0.21493871948573373 -0.25881904891706803 0.941708047530389
vn 0.21493871948573373 -0.25881904891706803 0.941708047530389
vn 0.6022449158945845 -0.2588190446318764 0.755191209836931
vn 0.8702691035676434 -0.2588190388267835 0.41909950192806283
vn 0.9659258257467466 -0.2588190471264927 1.1829179227392118e-16
vn 0.8702691035676434 -0.2588190388267835 -0.41909950192806283
vn 0.6022449158945845 -0.2588190446318764 -0.755191209836931
vn 0.21493871948573373 -0.25881904891706803 -0.941708047530389
vn -0.21493871948573373 -0.25881904891706803 -0.941708047530389
vn -0.6022449158945845 -0.2588190446318764 -0.755191209836931
vn -0.8702691035676434 -0.2588190388267835 -0.41909950192806283
vn -0.9659258257467466 -0.2588190471264927 -2.3658358454784237e-16
vn -0.8660253998985324 -0.5000000067305869 0
vn -0.7802619340813601 -0.5000000001780183 0.3757543267157372
vn -0.5399579983513427 -0.4999999983037915 0.6770859337725307
vn -0.19270878028593394 -0.5000000126740947 0.8443123316205994
vn 0.19270878028593394 -0.5000000126740947 0.8443123316205994
vn 0.5399579983513427 -0.4999999983037915 0.6770859337725307
vn 0.7802619340813601 -0.5000000001780183 0.3757543267157372
vn 0.8660253998985324 -0.5000000067305869 1.0605752614896174e-16
vn 0.7802619340813601 -0.5000000001780183 -0.3757543267157372
vn 0.5399579983513427 -0.4999999983037915 -0.6770859337725307
vn 0.19270878028593394 -0.5000000126740947 -0.8443123316205994
vn -0.19270878028593394 -0.5000000126740947 -0.8443123316205994
vn -0.5399579983513427 -0.4999999983037915 -0.6770859337725307
vn -0.7802619340813601 -0.5000000001780183 -0.3757543267157372
vn -0.8660253998985324 -0.5000000067305869 -2.1211505229792348e-16
vn -0.7071067811865476 -0.7071067811865476 0
vn -0.6370812093853011 -0.7071067730145022 0.3068021254899962
vn -0.4408738704352456 -0.7071067837160909 0.5528383369395901
vn -0.15734605593110657 -0.7071067736664909 0.6893781468235639
vn 0.15734605593110657 -0.7071067736664909 0.6893781468235639
vn 0.4408738704352456 -0.7071067837160909 0.5528383369395901
vn 0.6370812093853011 -0.7071067730145022 0.3068021254899962
vn 0.7071067811865476 -0.7071067811865476 8.659560751628624e-17
vn 0.6370812093853011 -0.7071067730145022 -0.3068021254899962
vn 0.4408738704352456 -0.7071067837160909 -0.5528383369395901
vn 0.15734605593110657 -0.7071067736664909 -0.6893781468235639
vn -0.15734605593110657 -0.7071067736664909 -0.6893781468235639
vn -0.4408738704352456 -0.7071067837160909 -0.5528383369395901
vn -0.6370812093853011 -0.7071067730145022 -0.3068021254899962
vn -0.7071067811865476 -0.7071067811865476 -1.7319121503257247e-16
vn -0.5000000067305869 -0.8660253998985324 0
vn -0.45048443335647964 -0.8660254046333798 0.21694186740480123
vn -0.3117449017387486 -0.8660253970778502 0.3909157554461697
vn -0.11126046805406449 -0.8660254020684025 0.4874639588940422
vn 0.11126046805406449 -0.8660254020684025 0.4874639588940422
vn 0.3117449017387486 -0.8660253970778502 0.3909157554461697
vn 0.45048443335647964 -0.8660254046333798 0.21694186740480123
vn 0.5000000067305869 -0.8660253998985324 6.12323434535176e-17
vn 0.45048443335647964 -0.8660254046333798 -0.21694186740480123
vn 0.3117449017387486 -0.8660253970778502 -0.3909157554461697
vn 0.11126046805406449 -0.8660254020684025 -0.4874639588940422
vn -0.11126046805406449 -0.8660254020684025 -0.4874639588940422
vn -0.3117449017387486 -0.8660253970778502 -0.3909157554461697
vn -0.45048443335647964 -0.8660254046333798 -0.21694186740480123
vn -0.5000000067305869 -0.8660253998985324 -1.224646869070352e-16
vn -0.2588190471264927 -0.9659258257467466 0
vn -0.23318790212616303 -0.965925825697602 0.11229737998904929
vn -0.1613710393000704 -0.9659258243100393 0.20235288385932754
vn -0.057592657150230264 -0.9659258242408101 0.25232991877121497
vn 0.057592657150230264 -0.9659258242408101 0.25232991877121497
vn 0.1613710393000704 -0.9659258243100393 0.20235288385932754
vn 0.23318790212616303 -0.965925825697602 0.11229737998904929
vn 0.2588190471264927 -0.9659258257467466 3.1696191689360264e-17
vn 0.23318790212616303 -0.965925825697602 -0.11229737998904929
vn 0.1613710393000704 -0.9659258243100393 -0.20235288385932754
vn 0.057592657150230264 -0.9659258242408101 -0.25232991877121497
vn -0.057592657150230264 -0.9659258242408101 -0.25232991877121497
vn -0.1613710393000704 -0.9659258243100393 -0.20235288385932754
vn -0.23318790212616303 -0.965925825697602 -0.11229737998904929
vn -0.2588190471264927 -0.9659258257467466 -6.339238337872053e-17
vn -1.2246468525851679e-16 -1 0
vn -1.1033686090228481e-16 -1 5.313543226372388e-17
vn -7.635548062777348e-17 -1 9.574674485560909e-17
vn -2.7250955737302164e-17 -1 1.1939423052938935e-16
vn 2.7250955737302164e-17 -1 1.1939423052938935e-16
vn 7.635548062777348e-17 -1 9.574674485560909e-17
vn 1.1033686090228481e-16 -1 5.313543226372388e-17
vn 1.2246468525851679e-16 -1 1.4997597572211942e-32
vn 1.1033686090228481e-16 -1 -5.313543226372388e-17
vn 7.635548062777348e-17 -1 -9.574674485560909e-17
vn 2.7250955737302164e-17 -1 -1.1939423052938935e-16
vn -2.7250955737302164e-17 -1 -1.1939423052938935e-16
vn -7.635548062777348e-17 -1 -9.574674485560909e-17
vn -1.1033686090228481e-16 -1 -5.313543226372388e-17
vn -1.2246468525851679e-16 -1 -2.9995195144423884e-32
f 4230/4230/4230 4245/4245/4245 4246/4246/4246
f 4231/4231/4231 4246/4246/4246 4247/4247/4247
f 4232/4232/4232 4247/4247/4247 4248/4248/4248
f 4233/4233/4233 4248/4248/4248 4249/4249/4249
f 4234/4234/4234 4249/4249/4249 4250/4250/4250
f 4235/4235/4235 4250/4250/4250 4251/4251/4251
f 4236/4236/4236 4251/4251/4251 4252/4252/4252
f 4237/4237/4237 4252/4252/4252 4253/4253/4253
f 4238/4238/4238 4253/4253/4253 4254/4254/4254
f 4239/4239/4239 4254/4254/4254 4255/4255/4255
f 4240/4240/4240 4255/4255/4255 4256/4256/4256
f 4241/4241/4241 4256/4256/4256 4257/4257/4257
f 4242/4242/4242 4257/4257/4257 4258/4258/4258
f 4243/4243/4243 4258/4258/4258 4259/4259/4259
f 4246/4246/4246 4245/4245/4245 4261/4261/4261
f 4245/4245/4245 4260/4260/4260 4261/4261/4261
f 4247/4247/4247 4246/4246/4246 4262/4262/4262
f 4246/4246/4246 4261/4261/4261 4262/4262/4262
f 4248/4248/4248 4247/4247/4247 4263/4263/4263
f 4247/4247/4247 4262/4262/4262 4263/4263/4263
f 4249/4249/4249 4248/4248/4248 4264/4264/4264
f 4248/4248/4248 4263/4263/4263 4264/4264/4264
f 4250/4250/4250 4249/4249/4249 4265/4265/4265
f 4249/4249/4249 4264/4264/4264 4265/4265/4265
f 4251/4251/4251 4250/4250/4250 4266/4266/4266
f 4250/4250/4250 4265/4265/4265 4266/4266/4266
f 4252/4252/4252 4251/4251/4251 4267/4267/4267
f 4251/4251/4251 4266/4266/4266 4267/4267/4267
f 4253/4253/4253 4252/4252/4252 4268/4268/4268
f 4252/4252/4252 4267/4267/4267 4268/4268/4268
f 4254/4254/4254 4253/4253/4253 4269/4269/4269
f 4253/4253/4253 4268/4268/4268 4269/4269/4269
f 4255/4255/4255 4254/4254/4254 4270/4270/4270
f 4254/4254/4254 4269/4269/4269 4270/4270/4270
f 4256/4256/4256 4255/4255/4255 4271/4271/4271
f 4255/4255/4255 4270/4270/4270 4271/4271/4271
f 4257/4257/4257 4256/4256/4256 4272/4272/4272
f 4256/4256/4256 4271/4271/4271 4272/4272/4272
f 4258/4258/4258 4257/4257/4257 4273/4273/4273
f 4257/4257/4257 4272/4272/4272 4273/4273/4273
f 4259/4259/4259 4258/4258/4258 4274/4274/4274
f 4258/4258/4258 4273/4273/4273 4274/4274/4274
f 4261/4261/4261 4260/4260/4260 4276/4276/4276
f 4260/4260/4260 4275/4275/4275 4276/4276/4276
f 4262/4262/4262 4261/4261/4261 4277/4277/4277
f 4261/4261/4261 4276/4276/4276 4277/4277/4277
f 4263/4263/4263 4262/4262/4262 4278/4278/4278
f 4262/4262/4262 4277/4277/4277 4278/4278/4278
f 4264/4264/4264 4263/4263/4263 4279/4279/4279
f 4263/4263/4263 4278/4278/4278 4279/4279/4279
f 4265/4265/4265 4264/4264/4264 4280/4280/4280
f 4264/4264/4264 4279/4279/4279 4280/4280/4280
f 4266/4266/4266 4265/4265/4265 4281/4281/4281
f 4265/4265/4265 4280/4280/4280 4281/4281/4281
f 4267/4267/4267 4266/4266/4266 4282/4282/4282
f 4266/4266/4266 4281/4281/4281 4282/4282/4282
f 4268/4268/4268 4267/4267/4267 4283/4283/4283
f 4267/4267/4267 4282/4282/4282 4283/4283/4283
f 4269/4269/4269 4268/4268/4268 4284/4284/4284
f 4268/4268/4268 4283/4283/4283 4284/4284/4284
f 4270/4270/4270 4269/4269/4269 4285/4285/4285
f 4269/4269/4269 4284/4284/4284 4285/4285/4285
f 4271/4271/4271 4270/4270/4270 4286/4286/4286
f 4270/4270/4270 4285/4285/4285 4286/4286/4286
f 4272/4272/4272 4271/4271/4271 4287/4287/4287
f 4271/4271/4271 4286/4286/4286 4287/4287/4287
f 4273/4273/4273 4272/4272/4272 4288/4288/4288
f 4272/4272/4272 4287/4287/4287 4288/4288/4288
f 4274/4274/4274 4273/4273/4273 4289/4289/4289
f 4273/4273/4273 4288/4288/4288 4289/4289/4289
f 4276/4276/4276 4275/4275/4275 4291/4291/4291
f 4275/4275/4275 4290/4290/4290 4291/4291/4291
f 4277/4277/4277 4276/4276/4276 4292/4292/4292
f 4276/4276/4276 4291/4291/4291 4292/4292/4292
f 4278/4278/4278 4277/4277/4277 4293/4293/4293
f 4277/4277/4277 4292/4292/4292 4293/4293/4293
f 4279/4279/4279 4278/4278/4278 4294/4294/4294
f 4278/4278/4278 4293/4293/4293 4294/4294/4294
f 4280/4280/4280 4279/4279/4279 4295/4295/4295
f 4279/4279/4279 4294/4294/4294 4295/4295/4295
f 4281/4281/4281 4280/4280/4280 4296/4296/4296
f 4280/4280/4280 4295/4295/4295 4296/4296/4296
f 4282/4282/4282 4281/4281/4281 4297/4297/4297
f 4281/4281/4281 4296/4296/4296 4297/4297/4297
f 4283/4283/4283 4282/4282/4282 4298/4298/4298
f 4282/4282/4282 4297/4297/4297 4298/4298/4298
f 4284/4284/4284 4283/4283/4283 4299/4299/4299
f 4283/4283/4283 4298/4298/4298 4299/4299/4299
f 4285/4285/4285 4284/4284/4284 4300/4300/4300
f 4284/4284/4284 4299/4299/4299 4300/4300/4300
f 4286/4286/4286 4285/4285/4285 4301/4301/4301
f 4285/4285/4285 4300/4300/4300 4301/4301/4301
f 4287/4287/4287 4286/4286/4286 4302/4302/4302
f 4286/4286/4286 4301/4301/4301 4302/4302/4302
f 4288/4288/4288 4287/4287/4287 4303/4303/4303
f 4287/4287/4287 4302/4302/4302 4303/4303/4303
f 4289/4289/4289 4288/4288/4288 4304/4304/4304
f 4288/4288/4288 4303/4303/4303 4304/4304/4304
f 4291/4291/4291 4290/4290/4290 4306/4306/4306
f 4290/4290/4290 4305/4305/4305 4306/4306/4306
f 4292/4292/4292 4291/4291/4291 4307/4307/4307
f 4291/4291/4291 4306/4306/4306 4307/4307/4307
f 4293/4293/4293 4292/4292/4292 4308/4308/4308
f 4292/4292/4292 4307/4307/4307 4308/4308/4308
f 4294/4294/4294 4293/4293/4293 4309/4309/4309
f 4293/4293/4293 4308/4308/4308 4309/4309/4309
f 4295/4295/4295 4294/4294/4294 4310/4310/4310
f 4294/4294/4294 4309/4309/4309 4310/4310/4310
f 4296/4296/4296 4295/4295/4295 4311/4311/4311
f 4295/4295/4295 4310/4310/4310 4311/4311/4311
f 4297/4297/4297 4296/4296/4296 4312/4312/4312
f 4296/4296/4296 4311/4311/4311 4312/4312/4312
f 4298/4298/4298 4297/4297/4297 4313/4313/4313
f 4297/4297/4297 4312/4312/4312 4313/4313/4313
f 4299/4299/4299 4298/4298/4298 4314/4314/4314
f 4298/4298/4298 4313/4313/4313 4314/4314/4314
f 4300/4300/4300 4299/4299/4299 4315/4315/4315
f 4299/4299/4299 4314/4314/4314 4315/4315/4315
f 4301/4301/4301 4300/4300/4300 4316/4316/4316
f 4300/4300/4300 4315/4315/4315 4316/4316/4316
f 4302/4302/4302 4301/4301/4301 4317/4317/4317
f 4301/4301/4301 4316/4316/4316 4317/4317/4317
f 4303/4303/4303 4302/4302/4302 4318/4318/4318
f 4302/4302/4302 4317/4317/4317 4318/4318/4318
f 4304/4304/4304 4303/4303/4303 4319/4319/4319
f 4303/4303/4303 4318/4318/4318 4319/4319/4319
f 4306/4306/4306 4305/4305/4305 4321/4321/4321
f 4305/4305/4305 4320/4320/4320 4321/4321/4321
f 4307/4307/4307 4306/4306/4306 4322/4322/4322
f 4306/4306/4306 4321/4321/4321 4322/4322/4322
f 4308/4308/4308 4307/4307/4307 4323/4323/4323
f 4307/4307/4307 4322/4322/4322 4323/4323/4323
f 4309/4309/4309 4308/4308/4308 4324/4324/4324
f 4308/4308/4308 4323/4323/4323 4324/4324/4324
f 4310/4310/4310 4309/4309/4309 4325/4325/4325
f 4309/4309/4309 4324/4324/4324 4325/4325/4325
f 4311/4311/4311 4310/4310/4310 4326/4326/4326
f 4310/4310/4310 4325/4325/4325 4326/4326/4326
f 4312/4312/4312 4311/4311/4311 4327/4327/4327
f 4311/4311/4311 4326/4326/4326 4327/4327/4327
f 4313/4313/4313 4312/4312/4312 4328/4328/4328
f 4312/4312/4312 4327/4327/4327 4328/4328/4328
f 4314/4314/4314 4313/4313/4313 4329/4329/4329
f 4313/4313/4313 4328/4328/4328 4329/4329/4329
f 4315/4315/4315 4314/4314/4314 4330/4330/4330
f 4314/4314/4314 4329/4329/4329 4330/4330/4330
f 4316/4316/4316 4315/4315/4315 4331/4331/4331
f 4315/4315/4315 4330/4330/4330 4331/4331/4331
f 4317/4317/4317 4316/4316/4316 4332/4332/4332
f 4316/4316/4316 4331/4331/4331 4332/4332/4332
f 4318/4318/4318 4317/4317/4317 4333/4333/4333
f 4317/4317/4317 4332/4332/4332 4333/4333/4333
f 4319/4319/4319 4318/4318/4318 4334/4334/4334
f 4318/4318/4318 4333/4333/4333 4334/4334/4334
f 4321/4321/4321 4320/4320/4320 4336/4336/4336
f 4320/4320/4320 4335/4335/4335 4336/4336/4336
f 4322/4322/4322 4321/4321/4321 4337/4337/4337
f 4321/4321/4321 4336/4336/4336 4337/4337/4337
f 4323/4323/4323 4322/4322/4322 4338/4338/4338
f 4322/4322/4322 4337/4337/4337 4338/4338/4338
f 4324/4324/4324 4323/4323/4323 4339/4339/4339
f 4323/4323/4323 4338/4338/4338 4339/4339/4339
f 4325/4325/4325 4324/4324/4324 4340/4340/4340
f 4324/4324/4324 4339/4339/4339 4340/4340/4340
f 4326/4326/4326 4325/4325/4325 4341/4341/4341
f 4325/4325/4325 4340/4340/4340 4341/4341/4341
f 4327/4327/4327 4326/4326/4326 4342/4342/4342
f 4326/4326/4326 4341/4341/4341 4342/4342/4342
f 4328/4328/4328 4327/4327/4327 4343/4343/4343
f 4327/4327/4327 4342/4342/4342 4343/4343/4343
f 4329/4329/4329 4328/4328/4328 4344/4344/4344
f 4328/4328/4328 4343/4343/4343 4344/4344/4344
f 4330/4330/4330 4329/4329/4329 4345/4345/4345
f 4329/4329/4329 4344/4344/4344 4345/4345/4345
f 4331/4331/4331 4330/4330/4330 4346/4346/4346
f 4330/4330/4330 4345/4345/4345 4346/4346/4346
f 4332/4332/4332 4331/4331/4331 4347/4347/4347
f 4331/4331/4331 4346/4346/4346 4347/4347/4347
f 4333/4333/4333 4332/4332/4332 4348/4348/4348
f 4332/4332/4332 4347/4347/4347 4348/4348/4348
f 4334/4334/4334 4333/4333/4333 4349/4349/4349
f 4333/4333/4333 4348/4348/4348 4349/4349/4349
f 4336/4336/4336 4335/4335/4335 4351/4351/4351
f 4335/4335/4335 4350/4350/4350 4351/4351/4351
f 4337/4337/4337 4336/4336/4336 4352/4352/4352
f 4336/4336/4336 4351/4351/4351 4352/4352/4352
f 4338/4338/4338 4337/4337/4337 4353/4353/4353
f 4337/4337/4337 4352/4352/4352 4353/4353/4353
f 4339/4339/4339 4338/4338/4338 4354/4354/4354
f 4338/4338/4338 4353/4353/4353 4354/4354/4354
f 4340/4340/4340 4339/4339/4339 4355/4355/4355
f 4339/4339/4339 4354/4354/4354 4355/4355/4355
f 4341/4341/4341 4340/4340/4340 4356/4356/4356
f 4340/4340/4340 4355/4355/4355 4356/4356/4356
f 4342/4342/4342 4341/4341/4341 4357/4357/4357
f 4341/4341/4341 4356/4356/4356 4357/4357/4357
f 4343/4343/4343 4342/4342/4342 4358/4358/4358
f 4342/4342/4342 4357/4357/4357 4358/4358/4358
f 4344/4344/4344 4343/4343/4343 4359/4359/4359
f 4343/4343/4343 4358/4358/4358 4359/4359/4359
f 4345/4345/4345 4344/4344/4344 4360/4360/4360
f 4344/4344/4344 4359/4359/4359 4360/4360/4360
f 4346/4346/4346 4345/4345/4345 4361/4361/4361
f 4345/4345/4345 4360/4360/4360 4361/4361/4361
f 4347/4347/4347 4346/4346/4346 4362/4362/4362
f 4346/4346/4346 4361/4361/4361 4362/4362/4362
f 4348/4348/4348 4347/4347/4347 4363/4363/4363
f 4347/4347/4347 4362/4362/4362 4363/4363/4363
f 4349/4349/4349 4348/4348/4348 4364/4364/4364
f 4348/4348/4348 4363/4363/4363 4364/4364/4364
f 4351/4351/4351 4350/4350/4350 4366/4366/4366
f 4350/4350/4350 4365/4365/4365 4366/4366/4366
f 4352/4352/4352 4351/4351/4351 4367/4367/4367
f 4351/4351/4351 4366/4366/4366 4367/4367/4367
f 4353/4353/4353 4352/4352/4352 4368/4368/4368
f 4352/4352/4352 4367/4367/4367 4368/4368/4368
f 4354/4354/4354 4353/4353/4353 4369/4369/4369
f 4353/4353/4353 4368/4368/4368 4369/4369/4369
f 4355/4355/4355 4354/4354/4354 4370/4370/4370
f 4354/4354/4354 4369/4369/4369 4370/4370/4370
f 4356/4356/4356 4355/4355/4355 4371/4371/4371
f 4355/4355/4355 4370/4370/4370 4371/4371/4371
f 4357/4357/4357 4356/4356/4356 4372/4372/4372
f 4356/4356/4356 4371/4371/4371 4372/4372/4372
f 4358/4358/4358 4357/4357/4357 4373/4373/4373
f 4357/4357/4357 4372/4372/4372 4373/4373/4373
f 4359/4359/4359 4358/4358/4358 4374/4374/4374
f 4358/4358/4358 4373/4373/4373 4374/4374/4374
f 4360/4360/4360 4359/4359/4359 4375/4375/4375
f 4359/4359/4359 4374/4374/4374 4375/4375/4375
f 4361/4361/4361 4360/4360/4360 4376/4376/4376
f 4360/4360/4360 4375/4375/4375 4376/4376/4376
f 4362/4362/4362 4361/4361/4361 4377/4377/4377
f 4361/4361/4361 4376/4376/4376 4377/4377/4377
f 4363/4363/4363 4362/4362/4362 4378/4378/4378
f 4362/4362/4362 4377/4377/4377 4378/4378/4378
f 4364/4364/4364 4363/4363/4363 4379/4379/4379
f 4363/4363/4363 4378/4378/4378 4379/4379/4379
f 4366/4366/4366 4365/4365/4365 4381/4381/4381
f 4365/4365/4365 4380/4380/4380 4381/4381/4381
f 4367/4367/4367 4366/4366/4366 4382/4382/4382
f 4366/4366/4366 4381/4381/4381 4382/4382/4382
f 4368/4368/4368 4367/4367/4367 4383/4383/4383
f 4367/4367/4367 4382/4382/4382 4383/4383/4383
f 4369/4369/4369 4368/4368/4368 4384/4384/4384
f 4368/4368/4368 4383/4383/4383 4384/4384/4384
f 4370/4370/4370 4369/4369/4369 4385/4385/4385
f 4369/4369/4369 4384/4384/4384 4385/4385/4385
f 4371/4371/4371 4370/4370/4370 4386/4386/4386
f 4370/4370/4370 4385/4385/4385 4386/4386/4386
f 4372/4372/4372 4371/4371/4371 4387/4387/4387
f 4371/4371/4371 4386/4386/4386 4387/4387/4387
f 4373/4373/4373 4372/4372/4372 4388/4388/4388
f 4372/4372/4372 4387/4387/4387 4388/4388/4388
f 4374/4374/4374 4373/4373/4373 4389/4389/4389
f 4373/4373/4373 4388/4388/4388 4389/4389/4389
f 4375/4375/4375 4374/4374/4374 4390/4390/4390
f 4374/4374/4374 4389/4389/4389 4390/4390/4390
f 4376/4376/4376 4375/4375/4375 4391/4391/4391
f 4375/4375/4375 4390/4390/4390 4391/4391/4391
f 4377/4377/4377 4376/4376/4376 4392/4392/4392
f 4376/4376/4376 4391/4391/4391 4392/4392/4392
f 4378/4378/4378 4377/4377/4377 4393/4393/4393
f 4377/4377/4377 4392/4392/4392 4393/4393/4393
f 4379/4379/4379 4378/4378/4378 4394/4394/4394
f 4378/4378/4378 4393/4393/4393 4394/4394/4394
f 4381/4381/4381 4380/4380/4380 4396/4396/4396
f 4380/4380/4380 4395/4395/4395 4396/4396/4396
f 4382/4382/4382 4381/4381/4381 4397/4397/4397
f 4381/4381/4381 4396/4396/4396 4397/4397/4397
f 4383/4383/4383 4382/4382/4382 4398/4398/4398
f 4382/4382/4382 4397/4397/4397 4398/4398/4398
f 4384/4384/4384 4383/4383/4383 4399/4399/4399
f 4383/4383/4383 4398/4398/4398 4399/4399/4399
f 4385/4385/4385 4384/4384/4384 4400/4400/4400
f 4384/4384/4384 4399/4399/4399 4400/4400/4400
f 4386/4386/4386 4385/4385/4385 4401/4401/4401
f 4385/4385/4385 4400/4400/4400 4401/4401/4401
f 4387/4387/4387 4386/4386/4386 4402/4402/4402
f 4386/4386/4386 4401/4401/4401 4402/4402/4402
f 4388/4388/4388 4387/4387/4387 4403/4403/4403
f 4387/4387/4387 4402/4402/4402 4403/4403/4403
f 4389/4389/4389 4388/4388/4388 4404/4404/4404
f 4388/4388/4388 4403/4403/4403 4404/4404/4404
f 4390/4390/4390 4389/4389/4389 4405/4405/4405
f 4389/4389/4389 4404/4404/4404 4405/4405/4405
f 4391/4391/4391 4390/4390/4390 4406/4406/4406
f 4390/4390/4390 4405/4405/4405 4406/4406/4406
f 4392/4392/4392 4391/4391/4391 4407/4407/4407
f 4391/4391/4391 4406/4406/4406 4407/4407/4407
f 4393/4393/4393 4392/4392/4392 4408/4408/4408
f 4392/4392/4392 4407/4407/4407 4408/4408/4408
f 4394/4394/4394 4393/4393/4393 4409/4409/4409
f 4393/4393/4393 4408/4408/4408 4409/4409/4409
f 4396/4396/4396 4395/4395/4395 4411/4411/4411
f 4397/4397/4397 4396/4396/4396 4412/4412/4412
f 4398/4398/4398 4397/4397/4397 4413/4413/4413
f 4399/4399/4399 4398/4398/4398 4414/4414/4414
f 4400/4400/4400 4399/4399/4399 4415/4415/4415
f 4401/4401/4401 4400/4400/4400 4416/4416/4416
f 4402/4402/4402 4401/4401/4401 4417/4417/4417
f 4403/4403/4403 4402/4402/4402 4418/4418/4418
f 4404/4404/4404 4403/4403/4403 4419/4419/4419
f 4405/4405/4405 4404/4404/4404 4420/4420/4420
f 4406/4406/4406 4405/4405/4405 4421/4421/4421
f 4407/4407/4407 4406/4406/4406 4422/4422/4422
f 4408/4408/4408 4407/4407/4407 4423/4423/4423
f 4409/4409/4409 4408/4408/4408 4424/4424/4424
o watchtower_rear_right_slit_0
usemtl dark_granite_trim
v 2.9500000007450584 2.575 -1.1125000017881392
v 2.9500000007450584 2.575 -1.2724999982118606
v 2.9500000007450584 2.075 -1.1125000017881392
v 2.9500000007450584 2.075 -1.2724999982118606
v 2.8499999992549423 2.575 -1.2724999982118606
v 2.8499999992549423 2.575 -1.1125000017881392
v 2.8499999992549423 2.075 -1.2724999982118606
v 2.8499999992549423 2.075 -1.1125000017881392
v 2.8499999992549423 2.575 -1.2724999982118606
v 2.9500000007450584 2.575 -1.2724999982118606
v 2.8499999992549423 2.575 -1.1125000017881392
v 2.9500000007450584 2.575 -1.1125000017881392
v 2.8499999992549423 2.075 -1.1125000017881392
v 2.9500000007450584 2.075 -1.1125000017881392
v 2.8499999992549423 2.075 -1.2724999982118606
v 2.9500000007450584 2.075 -1.2724999982118606
v 2.8499999992549423 2.575 -1.1125000017881392
v 2.9500000007450584 2.575 -1.1125000017881392
v 2.8499999992549423 2.075 -1.1125000017881392
v 2.9500000007450584 2.075 -1.1125000017881392
v 2.9500000007450584 2.575 -1.2724999982118606
v 2.8499999992549423 2.575 -1.2724999982118606
v 2.9500000007450584 2.075 -1.2724999982118606
v 2.8499999992549423 2.075 -1.2724999982118606
vt 0 1
vt 1 1
vt 0 0
vt 1 0
vt 0 1
vt 1 1
vt 0 0
vt 1 0
vt 0 1
vt 1 1
vt 0 0
vt 1 0
vt 0 1
vt 1 1
vt 0 0
vt 1 0
vt 0 1
vt 1 1
vt 0 0
vt 1 0
vt 0 1
vt 1 1
vt 0 0
vt 1 0
vn 1 0 0
vn 1 0 0
vn 1 0 0
vn 1 0 0
vn -1 0 0
vn -1 0 0
vn -1 0 0
vn -1 0 0
vn 0 1 0
vn 0 1 0
vn 0 1 0
vn 0 1 0
vn 0 -1 0
vn 0 -1 0
vn 0 -1 0
vn 0 -1 0
vn 0 0 1
vn 0 0 1
vn 0 0 1
vn 0 0 1
vn 0 0 -1
vn 0 0 -1
vn 0 0 -1
vn 0 0 -1
f 4425/4425/4425 4427/4427/4427 4426/4426/4426
f 4427/4427/4427 4428/4428/4428 4426/4426/4426
f 4429/4429/4429 4431/4431/4431 4430/4430/4430
f 4431/4431/4431 4432/4432/4432 4430/4430/4430
f 4433/4433/4433 4435/4435/4435 4434/4434/4434
f 4435/4435/4435 4436/4436/4436 4434/4434/4434
f 4437/4437/4437 4439/4439/4439 4438/4438/4438
f 4439/4439/4439 4440/4440/4440 4438/4438/4438
f 4441/4441/4441 4443/4443/4443 4442/4442/4442
f 4443/4443/4443 4444/4444/4444 4442/4442/4442
f 4445/4445/4445 4447/4447/4447 4446/4446/4446
f 4447/4447/4447 4448/4448/4448 4446/4446/4446
o watchtower_rear_right_slit_1
usemtl dark_granite_trim
v 3.6435975439375863 2.575 -2.487051269940391
v 3.5050334824292246 2.575 -2.4070512717285304
v 3.6435975439375863 2.075 -2.487051269940391
v 3.5050334824292246 2.075 -2.4070512717285304
v 3.5550334831742827 2.575 -2.320448730059608
v 3.6935975446826443 2.575 -2.400448728271469
v 3.5550334831742827 2.075 -2.320448730059608
v 3.6935975446826443 2.075 -2.400448728271469
v 3.5550334831742827 2.575 -2.320448730059608
v 3.5050334824292246 2.575 -2.4070512717285304
v 3.6935975446826443 2.575 -2.400448728271469
v 3.6435975439375863 2.575 -2.487051269940391
v 3.6935975446826443 2.075 -2.400448728271469
v 3.6435975439375863 2.075 -2.487051269940391
v 3.5550334831742827 2.075 -2.320448730059608
v 3.5050334824292246 2.075 -2.4070512717285304
v 3.6935975446826443 2.575 -2.400448728271469
v 3.6435975439375863 2.575 -2.487051269940391
v 3.6935975446826443 2.075 -2.400448728271469
v 3.6435975439375863 2.075 -2.487051269940391
v 3.5050334824292246 2.575 -2.4070512717285304
v 3.5550334831742827 2.575 -2.320448730059608
v 3.5050334824292246 2.075 -2.4070512717285304
v 3.5550334831742827 2.075 -2.320448730059608
vt 0 1
vt 1 1
vt 0 0
vt 1 0
vt 0 1
vt 1 1
vt 0 0
vt 1 0
vt 0 1
vt 1 1
vt 0 0
vt 1 0
vt 0 1
vt 1 1
vt 0 0
vt 1 0
vt 0 1
vt 1 1
vt 0 0
vt 1 0
vt 0 1
vt 1 1
vt 0 0
vt 1 0
vn -0.4999999999999998 0 -0.8660254037844388
vn -0.4999999999999998 0 -0.8660254037844388
vn -0.4999999999999998 0 -0.8660254037844388
vn -0.4999999999999998 0 -0.8660254037844388
vn 0.4999999999999998 0 0.8660254037844388
vn 0.4999999999999998 0 0.8660254037844388
vn 0.4999999999999998 0 0.8660254037844388
vn 0.4999999999999998 0 0.8660254037844388
vn 0 1 0
vn 0 1 0
vn 0 1 0
vn 0 1 0
vn 0 -1 0
vn 0 -1 0
vn 0 -1 0
vn 0 -1 0
vn 0.8660254037844388 0 -0.4999999999999998
vn 0.8660254037844388 0 -0.4999999999999998
vn 0.8660254037844388 0 -0.4999999999999998
vn 0.8660254037844388 0 -0.4999999999999998
vn -0.8660254037844388 0 0.4999999999999998
vn -0.8660254037844388 0 0.4999999999999998
vn -0.8660254037844388 0 0.4999999999999998
vn -0.8660254037844388 0 0.4999999999999998
f 4449/4449/4449 4451/4451/4451 4450/4450/4450
f 4451/4451/4451 4452/4452/4452 4450/4450/4450
f 4453/4453/4453 4455/4455/4455 4454/4454/4454
f 4455/4455/4455 4456/4456/4456 4454/4454/4454
f 4457/4457/4457 4459/4459/4459 4458/4458/4458
f 4459/4459/4459 4460/4460/4460 4458/4458/4458
f 4461/4461/4461 4463/4463/4463 4462/4462/4462
f 4463/4463/4463 4464/4464/4464 4462/4462/4462
f 4465/4465/4465 4467/4467/4467 4466/4466/4466
f 4467/4467/4467 4468/4468/4468 4466/4466/4466
f 4469/4469/4469 4471/4471/4471 4470/4470/4470
f 4471/4471/4471 4472/4472/4472 4470/4470/4470
o watchtower_rear_right_slit_2
usemtl dark_granite_trim
v 2.1064024553173564 2.575 -2.4004487282714697
v 2.244966516825718 2.575 -2.320448730059609
v 2.1064024553173564 2.075 -2.4004487282714697
v 2.244966516825718 2.075 -2.320448730059609
v 2.294966517570776 2.575 -2.4070512717285313
v 2.1564024560624144 2.575 -2.487051269940392
v 2.294966517570776 2.075 -2.4070512717285313
v 2.1564024560624144 2.075 -2.487051269940392
v 2.294966517570776 2.575 -2.4070512717285313
v 2.244966516825718 2.575 -2.320448730059609
v 2.1564024560624144 2.575 -2.487051269940392
v 2.1064024553173564 2.575 -2.4004487282714697
v 2.1564024560624144 2.075 -2.487051269940392
v 2.1064024553173564 2.075 -2.4004487282714697
v 2.294966517570776 2.075 -2.4070512717285313
v 2.244966516825718 2.075 -2.320448730059609
v 2.1564024560624144 2.575 -2.487051269940392
v 2.1064024553173564 2.575 -2.4004487282714697
v 2.1564024560624144 2.075 -2.487051269940392
v 2.1064024553173564 2.075 -2.4004487282714697
v 2.244966516825718 2.575 -2.320448730059609
v 2.294966517570776 2.575 -2.4070512717285313
v 2.244966516825718 2.075 -2.320448730059609
v 2.294966517570776 2.075 -2.4070512717285313
vt 0 1
vt 1 1
vt 0 0
vt 1 0
vt 0 1
vt 1 1
vt 0 0
vt 1 0
vt 0 1
vt 1 1
vt 0 0
vt 1 0
vt 0 1
vt 1 1
vt 0 0
vt 1 0
vt 0 1
vt 1 1
vt 0 0
vt 1 0
vt 0 1
vt 1 1
vt 0 0
vt 1 0
vn -0.5000000000000003 0 0.8660254037844386
vn -0.5000000000000003 0 0.8660254037844386
vn -0.5000000000000003 0 0.8660254037844386
vn -0.5000000000000003 0 0.8660254037844386
vn 0.5000000000000003 0 -0.8660254037844386
vn 0.5000000000000003 0 -0.8660254037844386
vn 0.5000000000000003 0 -0.8660254037844386
vn 0.5000000000000003 0 -0.8660254037844386
vn 0 1 0
vn 0 1 0
vn 0 1 0
vn 0 1 0
vn 0 -1 0
vn 0 -1 0
vn 0 -1 0
vn 0 -1 0
vn -0.8660254037844386 0 -0.5000000000000003
vn -0.8660254037844386 0 -0.5000000000000003
vn -0.8660254037844386 0 -0.5000000000000003
vn -0.8660254037844386 0 -0.5000000000000003
vn 0.8660254037844386 0 0.5000000000000003
vn 0.8660254037844386 0 0.5000000000000003
vn 0.8660254037844386 0 0.5000000000000003
vn 0.8660254037844386 0 0.5000000000000003
f 4473/4473/4473 4475/4475/4475 4474/4474/4474
f 4475/4475/4475 4476/4476/4476 4474/4474/4474
f 4477/4477/4477 4479/4479/4479 4478/4478/4478
f 4479/4479/4479 4480/4480/4480 4478/4478/4478
f 4481/4481/4481 4483/4483/4483 4482/4482/4482
f 4483/4483/4483 4484/4484/4484 4482/4482/4482
f 4485/4485/4485 4487/4487/4487 4486/4486/4486
f 4487/4487/4487 4488/4488/4488 4486/4486/4486
f 4489/4489/4489 4491/4491/4491 4490/4490/4490
f 4491/4491/4491 4492/4492/4492 4490/4490/4490
f 4493/4493/4493 4495/4495/4495 4494/4494/4494
f 4495/4495/4495 4496/4496/4496 4494/4494/4494
o plinth_base
usemtl dark_granite_trim
v 3.75 0.15000000596046448 2.8499999046325684
v 3.75 0.15000000596046448 -2.8499999046325684
v 3.75 -0.15000000596046448 2.8499999046325684
v 3.75 -0.15000000596046448 -2.8499999046325684
v -3.75 0.15000000596046448 -2.8499999046325684
v -3.75 0.15000000596046448 2.8499999046325684
v -3.75 -0.15000000596046448 -2.8499999046325684
v -3.75 -0.15000000596046448 2.8499999046325684
v -3.75 0.15000000596046448 -2.8499999046325684
v 3.75 0.15000000596046448 -2.8499999046325684
v -3.75 0.15000000596046448 2.8499999046325684
v 3.75 0.15000000596046448 2.8499999046325684
v -3.75 -0.15000000596046448 2.8499999046325684
v 3.75 -0.15000000596046448 2.8499999046325684
v -3.75 -0.15000000596046448 -2.8499999046325684
v 3.75 -0.15000000596046448 -2.8499999046325684
v -3.75 0.15000000596046448 2.8499999046325684
v 3.75 0.15000000596046448 2.8499999046325684
v -3.75 -0.15000000596046448 2.8499999046325684
v 3.75 -0.15000000596046448 2.8499999046325684
v 3.75 0.15000000596046448 -2.8499999046325684
v -3.75 0.15000000596046448 -2.8499999046325684
v 3.75 -0.15000000596046448 -2.8499999046325684
v -3.75 -0.15000000596046448 -2.8499999046325684
vt 0 1
vt 1 1
vt 0 0
vt 1 0
vt 0 1
vt 1 1
vt 0 0
vt 1 0
vt 0 1
vt 1 1
vt 0 0
vt 1 0
vt 0 1
vt 1 1
vt 0 0
vt 1 0
vt 0 1
vt 1 1
vt 0 0
vt 1 0
vt 0 1
vt 1 1
vt 0 0
vt 1 0
vn 1 0 0
vn 1 0 0
vn 1 0 0
vn 1 0 0
vn -1 0 0
vn -1 0 0
vn -1 0 0
vn -1 0 0
vn 0 1 0
vn 0 1 0
vn 0 1 0
vn 0 1 0
vn 0 -1 0
vn 0 -1 0
vn 0 -1 0
vn 0 -1 0
vn 0 0 1
vn 0 0 1
vn 0 0 1
vn 0 0 1
vn 0 0 -1
vn 0 0 -1
vn 0 0 -1
vn 0 0 -1
f 4497/4497/4497 4499/4499/4499 4498/4498/4498
f 4499/4499/4499 4500/4500/4500 4498/4498/4498
f 4501/4501/4501 4503/4503/4503 4502/4502/4502
f 4503/4503/4503 4504/4504/4504 4502/4502/4502
f 4505/4505/4505 4507/4507/4507 4506/4506/4506
f 4507/4507/4507 4508/4508/4508 4506/4506/4506
f 4509/4509/4509 4511/4511/4511 4510/4510/4510
f 4511/4511/4511 4512/4512/4512 4510/4510/4510
f 4513/4513/4513 4515/4515/4515 4514/4514/4514
f 4515/4515/4515 4516/4516/4516 4514/4514/4514
f 4517/4517/4517 4519/4519/4519 4518/4518/4518
f 4519/4519/4519 4520/4520/4520 4518/4518/4518
